[08:23:31.927192 WARN] [openstudio.standards.Geometry.Create] Floor area of PrimarySchool Library results in a bar with smaller than target minimum width.
[08:23:31.927393 WARN] [openstudio.standards.Geometry.Create] Not modeling core and perimeter zones for some portion of the model.
[08:23:31.940080 WARN] [openstudio.standards.Geometry.Create] Floor area of PrimarySchool ComputerRoom results in a bar with smaller than target minimum width.
[08:23:31.940112 WARN] [openstudio.standards.Geometry.Create] Floor area of PrimarySchool Kitchen results in a bar with smaller than target minimum width.
[08:23:31.940129 WARN] [openstudio.standards.Geometry.Create] Floor area of PrimarySchool Lobby results in a bar with smaller than target minimum width.
[08:23:31.940147 WARN] [openstudio.standards.Geometry.Create] Floor area of PrimarySchool Restroom results in a bar with smaller than target minimum width.
[08:23:31.940302 WARN] [openstudio.standards.Geometry.Create] Not modeling core and perimeter zones for some portion of the model.
[08:23:31.975709 WARN] [openstudio.measure.OSRunner] [openstudio.standards.Geometry.Create] Floor area of PrimarySchool Library results in a bar with smaller than target minimum width.
[08:23:31.975753 WARN] [openstudio.measure.OSRunner] [openstudio.standards.Geometry.Create] Not modeling core and perimeter zones for some portion of the model.
[08:23:31.975861 WARN] [openstudio.measure.OSRunner] [openstudio.standards.Geometry.Create] Floor area of PrimarySchool ComputerRoom results in a bar with smaller than target minimum width.
[08:23:31.975875 WARN] [openstudio.measure.OSRunner] [openstudio.standards.Geometry.Create] Floor area of PrimarySchool Kitchen results in a bar with smaller than target minimum width.
[08:23:31.975886 WARN] [openstudio.measure.OSRunner] [openstudio.standards.Geometry.Create] Floor area of PrimarySchool Lobby results in a bar with smaller than target minimum width.
[08:23:31.975897 WARN] [openstudio.measure.OSRunner] [openstudio.standards.Geometry.Create] Floor area of PrimarySchool Restroom results in a bar with smaller than target minimum width.
[08:23:31.975908 WARN] [openstudio.measure.OSRunner] [openstudio.standards.Geometry.Create] Not modeling core and perimeter zones for some portion of the model.
[08:23:32.302544 WARN] [openstudio.standards.Model] Cannot find the VT for the simple glazing material named U 1.22 SHGC 0.25 Simple Glazing, a default value of 0.81 is used.
[08:23:32.307151 WARN] [openstudio.standards.Model] Find object search criteria returned 2 results, the first one will be returned. Called from /Users/achapin/OpenStudio/OSimFlow/template_sim_package/measures/create_typical_building_from_model_comstock/resources/179d_standards/179d_ashrae_90_1_2007.Model_backport_ground_condition.rb:38:in `model_add_construction'. 
 Search criteria: 
 {"name"=>"U 1.2 SHGC 0.25 Simple Glazing"}, capacity =  
  All results: 
 {"name"=>"U 1.2 SHGC 0.25 Simple Glazing", "intended_surface_type"=>"ExteriorWindow", "standards_construction_type"=>nil, "insulation_layer"=>nil, "skylight_framing"=>nil, "materials"=>["U 1.2 SHGC 0.25 Simple Glazing"]}
{"name"=>"U 1.2 SHGC 0.25 Simple Glazing", "intended_surface_type"=>"ExteriorWindow", "standards_construction_type"=>"Weighted", "insulation_layer"=>nil, "skylight_framing"=>nil, "materials"=>["U 1.2 SHGC 0.25 Simple Glazing"]}
[08:23:32.307262 WARN] [openstudio.standards.Model] Cannot find the VT for the simple glazing material named U 1.2 SHGC 0.25 Simple Glazing, a default value of 0.81 is used.
[08:23:32.309866 WARN] [OpenstudioStandards::Constructions] Requested U-value of 1.1686635536297982 for Typical Overhead Door is greater than the sum of the inside and outside resistance, and the max U-value (6.636 SI) is used instead.
[08:23:32.311145 WARN] [openstudio.standards.Model] Find object search criteria returned 2 results, the first one will be returned. Called from :/ruby/3.2.0/gems/openstudio-standards-0.8.2/lib/openstudio-standards/standards/Standards.Model.rb:3310:in `model_find_and_add_construction'. 
 Search criteria: 
 {"template"=>"179d-90.1-2007", "climate_zone_set"=>"ClimateZone 1", "intended_surface_type"=>"Skylight", "standards_construction_type"=>"Glass with Curb", "building_category"=>"Nonresidential"}, capacity =  
  All results: 
 {"climate_zone_set"=>"ClimateZone 1", "intended_surface_type"=>"Skylight", "standards_construction_type"=>"Glass with Curb", "building_category"=>"Nonresidential", "construction"=>"U 1.98 SHGC 0.36 Simple Glazing", "minimum_percent_of_surface"=>0, "maximum_percent_of_surface"=>2, "assembly_maximum_u_value"=>1.98, "assembly_maximum_u_value_unit"=>"Btu/h-ft2-F", "u_value_includes_interior_film_coefficient"=>true, "u_value_includes_exterior_film_coefficient"=>true, "assembly_maximum_f_factor"=>nil, "assembly_maximum_f_factor_unit"=>"Btu-in/h-ft2-F", "assembly_maximum_c_factor"=>nil, "assembly_maximum_c_factor_unit"=>"Btu/h-ft2-F", "orientation"=>nil, "minimum_projection_factor"=>nil, "maximum_projection_factor"=>nil, "assembly_maximum_solar_heat_gain_coefficient"=>0.36, "assembly_minimum_visible_transmittance"=>nil, "assembly_minimum_vt_shgc"=>nil}
{"climate_zone_set"=>"ClimateZone 1", "intended_surface_type"=>"Skylight", "standards_construction_type"=>"Glass with Curb", "building_category"=>"Nonresidential", "construction"=>"U 1.98 SHGC 0.19 Simple Glazing", "minimum_percent_of_surface"=>2.001, "maximum_percent_of_surface"=>5, "assembly_maximum_u_value"=>1.98, "assembly_maximum_u_value_unit"=>"Btu/h-ft2-F", "u_value_includes_interior_film_coefficient"=>true, "u_value_includes_exterior_film_coefficient"=>true, "assembly_maximum_f_factor"=>nil, "assembly_maximum_f_factor_unit"=>"Btu-in/h-ft2-F", "assembly_maximum_c_factor"=>nil, "assembly_maximum_c_factor_unit"=>"Btu/h-ft2-F", "orientation"=>nil, "minimum_projection_factor"=>nil, "maximum_projection_factor"=>nil, "assembly_maximum_solar_heat_gain_coefficient"=>0.19, "assembly_minimum_visible_transmittance"=>nil, "assembly_minimum_vt_shgc"=>nil}
[08:23:32.311323 WARN] [openstudio.standards.Model] Find object search criteria returned 2 results, the first one will be returned. Called from /Users/achapin/OpenStudio/OSimFlow/template_sim_package/measures/create_typical_building_from_model_comstock/resources/179d_standards/179d_ashrae_90_1_2007.Model_backport_ground_condition.rb:38:in `model_add_construction'. 
 Search criteria: 
 {"name"=>"U 1.98 SHGC 0.36 Simple Glazing"}, capacity =  
  All results: 
 {"name"=>"U 1.98 SHGC 0.36 Simple Glazing", "intended_surface_type"=>nil, "standards_construction_type"=>nil, "insulation_layer"=>nil, "skylight_framing"=>nil, "materials"=>["U 1.98 SHGC 0.36 Simple Glazing"]}
{"name"=>"U 1.98 SHGC 0.36 Simple Glazing", "intended_surface_type"=>"ExteriorWindow", "standards_construction_type"=>nil, "insulation_layer"=>nil, "skylight_framing"=>nil, "materials"=>["U 1.98 SHGC 0.36 Simple Glazing"]}
[08:23:32.311433 WARN] [openstudio.standards.Model] Cannot find the VT for the simple glazing material named U 1.98 SHGC 0.36 Simple Glazing, a default value of 0.81 is used.
[08:23:32.311818 WARN] [OpenstudioStandards::Construction] Requested U-value of 1.98 for U 1.98 SHGC 0.36 Simple Glazing is too high given the film coefficients of U-Infinity; setting U-value to EnergyPlus limit of 7.0 W/m^2*K (1.23 Btu/ft^2*hr*R).
[08:23:32.317392 WARN] [openstudio.standards.Weather.StatFile] Can't find Autumn Months. Data source may not have that season, or it may not be available in the .stat file.
[08:23:32.317424 WARN] [openstudio.standards.Weather.StatFile] Can't find Spring Months. Data source may not have that season, or it may not be available in the .stat file.
[08:23:32.353856 WARN] [openstudio.measure.OSRunner] Set Pipe:Indoor ambient temp schedules to 86.4F to avoid E+ issue 9650, remove once fixed.
[08:23:32.857134 WARN] [utilities.Polyhedron] Polyhedron is not enclosed in original testing. Trying to add missing colinear points.
[08:23:35.320449 WARN] [openstudio.energyplus.SqlFile] Using EnergyPlusVersion version 25.1.0 which should have 'Year' field, but it's always zero
[08:23:35.326106 WARN] [utilities.Polyhedron] Polyhedron is not enclosed in original testing. Trying to add missing colinear points.
[08:23:35.330117 WARN] [utilities.Polyhedron] Polyhedron is not enclosed in original testing. Trying to add missing colinear points.
[08:23:35.587478 WARN] [utilities.Polyhedron] Polyhedron is not enclosed in original testing. Trying to add missing colinear points.
[08:23:35.638255 WARN] [openstudio.measure.OSRunner] [openstudio.standards.Model] Cannot find the VT for the simple glazing material named U 1.22 SHGC 0.25 Simple Glazing, a default value of 0.81 is used.
[08:23:35.638358 WARN] [openstudio.measure.OSRunner] [openstudio.standards.Model] Find object search criteria returned 2 results, the first one will be returned. Called from /Users/achapin/OpenStudio/OSimFlow/template_sim_package/measures/create_typical_building_from_model_comstock/resources/179d_standards/179d_ashrae_90_1_2007.Model_backport_ground_condition.rb:38:in `model_add_construction'. 
 Search criteria: 
 {"name"=>"U 1.2 SHGC 0.25 Simple Glazing"}, capacity =  
  All results: 
 {"name"=>"U 1.2 SHGC 0.25 Simple Glazing", "intended_surface_type"=>"ExteriorWindow", "standards_construction_type"=>nil, "insulation_layer"=>nil, "skylight_framing"=>nil, "materials"=>
[08:23:35.638372 WARN] [openstudio.measure.OSRunner] [openstudio.standards.Model] Cannot find the VT for the simple glazing material named U 1.2 SHGC 0.25 Simple Glazing, a default value of 0.81 is used.
[08:23:35.638449 WARN] [openstudio.measure.OSRunner] [openstudio.standards.Model] Find object search criteria returned 2 results, the first one will be returned. Called from :/ruby/3.2.0/gems/openstudio-standards-0.8.2/lib/openstudio-standards/standards/Standards.Model.rb:3310:in `model_find_and_add_construction'. 
 Search criteria: 
 {"template"=>"179d-90.1-2007", "climate_zone_set"=>"ClimateZone 1", "intended_surface_type"=>"Skylight", "standards_construction_type"=>"Glass with Curb", "building_category"=>"Nonresidential"}, capacity =  
  All results: 
 {"climate_zone_set"=>"ClimateZone 1", "intended_surface_type"=>"Skylight", "standards_construction_type"=>"Glass with Curb", "building_category"=>"Nonresidential", "construction"=>"U 1.98 SHGC 0.36 Simple Glazing", "minimum_percent_of_surface"=>0, "maximum_percent_of_surface"=>2, "assembly_maximum_u_value"=>1.98, "assembly_maximum_u_value_unit"=>"Btu/h-ft2-F", "u_value_includes_interior_film_coefficient"=>true, "u_value_includes_exterior_film_coefficient"=>true, "assembly_maximum_f_factor"=>nil, "assembly_maximum_f_factor_unit"=>"Btu-in/h-ft2-F", "assembly_maximum_c_factor"=>nil, "assembly_maximum_c_factor_unit"=>"Btu/h-ft2-F", "orientation"=>nil, "minimum_projection_factor"=>nil, "maximum_projection_factor"=>nil, "assembly_maximum_solar_heat_gain_coefficient"=>0.36, "assembly_minimum_visible_transmittance"=>nil, "assembly_minimum_vt_shgc"=>nil}
{"climate_zone_set"=>"ClimateZone 1", "intended_surface_type"=>"Skylight", "standards_construction_type"=>"Glass with Curb", "building_category"=>"Nonresidential", "construction"=>"U 1.98 SHGC 0.19 Simple Glazing", "minimum_percent_of_surface"=>2.001, "maximum_percent_of_surface"=>5, "assembly_maximum_u_value"=>1.98, "assembly_maximum_u_value_unit"=>"Btu/h-ft2-F", "u_value_includes_interior_film_coefficient"=>true, "u_value_includes_exterior_film_coefficient"=>true, "assembly_maximum_f_factor"=>nil, "assembly_maximum_f_factor_unit"=>"Btu-in/h-ft2-F", "assembly_maximum_c_factor"=>nil, "assembly_maximum_c_factor_unit"=>"Btu/h-ft2-F", "orientation"=>nil, "minimum_projection_factor"=>nil, "maximum_projection_factor"=>nil, "assembly_maximum_solar_heat_gain_coefficient"=>0.19, "assembly_minimum_visible_transmittance"=>nil, "assembly_minimum_vt_shgc"=>nil}
[08:23:35.638469 WARN] [openstudio.measure.OSRunner] [openstudio.standards.Model] Find object search criteria returned 2 results, the first one will be returned. Called from /Users/achapin/OpenStudio/OSimFlow/template_sim_package/measures/create_typical_building_from_model_comstock/resources/179d_standards/179d_ashrae_90_1_2007.Model_backport_ground_condition.rb:38:in `model_add_construction'. 
 Search criteria: 
 {"name"=>"U 1.98 SHGC 0.36 Simple Glazing"}, capacity =  
  All results: 
 {"name"=>"U 1.98 SHGC 0.36 Simple Glazing", "intended_surface_type"=>nil, "standards_construction_type"=>nil, "insulation_layer"=>nil, "skylight_framing"=>nil, "materials"=>
[08:23:35.638491 WARN] [openstudio.measure.OSRunner] [openstudio.standards.Model] Cannot find the VT for the simple glazing material named U 1.98 SHGC 0.36 Simple Glazing, a default value of 0.81 is used.
[08:23:35.638571 WARN] [openstudio.measure.OSRunner] [openstudio.standards.Weather.StatFile] Can't find Autumn Months. Data source may not have that season, or it may not be available in the .stat file.
[08:23:35.638588 WARN] [openstudio.measure.OSRunner] [openstudio.standards.Weather.StatFile] Can't find Spring Months. Data source may not have that season, or it may not be available in the .stat file.
[08:23:35.640030 WARN] [openstudio.measure.OSRunner] [openstudio.measure.OSRunner] Set Pipe:Indoor ambient temp schedules to 86.4F to avoid E+ issue 9650, remove once fixed.
[08:23:35.643178 WARN] [openstudio.measure.OSRunner] [openstudio.energyplus.SqlFile] Using EnergyPlusVersion version 25.1.0 which should have 'Year' field, but it's always zero
[08:23:38.927998 WARN] [openstudio.energyplus.SqlFile] Using EnergyPlusVersion version 25.1.0 which should have 'Year' field, but it's always zero
[08:23:38.931579 WARN] [utilities.Polyhedron] Polyhedron is not enclosed in original testing. Trying to add missing colinear points.
[08:23:38.933865 WARN] [utilities.Polyhedron] Polyhedron is not enclosed in original testing. Trying to add missing colinear points.
[08:23:38.937399 WARN] [utilities.Polyhedron] Polyhedron is not enclosed in original testing. Trying to add missing colinear points.
[08:23:41.011984 WARN] [openstudio.energyplus.SqlFile] Using EnergyPlusVersion version 25.1.0 which should have 'Year' field, but it's always zero
[08:23:41.101578 WARN] [openstudio.standards.utilities] Cannot find the building_type_for_wwr in component: PrimarySchool Cafeteria  - Story ground, default value All others is used.
[08:23:41.102280 WARN] [openstudio.standards.utilities] Cannot find the building_type_for_wwr in component: PrimarySchool Classroom A  - Story ground, default value All others is used.
[08:23:41.102937 WARN] [openstudio.standards.utilities] Cannot find the building_type_for_wwr in component: PrimarySchool Classroom C  - Story ground, default value All others is used.
[08:23:41.103614 WARN] [openstudio.standards.utilities] Cannot find the building_type_for_wwr in component: PrimarySchool ComputerRoom  - Story ground, default value All others is used.
[08:23:41.104266 WARN] [openstudio.standards.utilities] Cannot find the building_type_for_wwr in component: PrimarySchool Corridor B  - Story ground, default value All others is used.
[08:23:41.104904 WARN] [openstudio.standards.utilities] Cannot find the building_type_for_wwr in component: PrimarySchool Gym  - Story ground, default value All others is used.
[08:23:41.105582 WARN] [openstudio.standards.utilities] Cannot find the building_type_for_wwr in component: PrimarySchool Kitchen  - Story ground, default value All others is used.
[08:23:41.106230 WARN] [openstudio.standards.utilities] Cannot find the building_type_for_wwr in component: PrimarySchool Library  - Story ground, default value All others is used.
[08:23:41.106872 WARN] [openstudio.standards.utilities] Cannot find the building_type_for_wwr in component: PrimarySchool Library  - Story ground 1, default value All others is used.
[08:23:41.107522 WARN] [openstudio.standards.utilities] Cannot find the building_type_for_wwr in component: PrimarySchool Lobby  - Story ground, default value All others is used.
[08:23:41.108156 WARN] [openstudio.standards.utilities] Cannot find the building_type_for_wwr in component: PrimarySchool Mechanical  - Story ground, default value All others is used.
[08:23:41.108799 WARN] [openstudio.standards.utilities] Cannot find the building_type_for_wwr in component: PrimarySchool Office  - Story ground, default value All others is used.
[08:23:41.109467 WARN] [openstudio.standards.utilities] Cannot find the building_type_for_wwr in component: PrimarySchool Restroom  - Story ground, default value All others is used.
[08:23:41.257857 WARN] [epJSONTranslator] Unknown value passed to schemaPropertyTypeDecode, returning generic 'NumberOrString' Option. Occurred for type_description= Zone, group_name=, field_name=ceiling_height
[08:23:41.257882 WARN] [epJSONTranslator] Unknown value passed to schemaPropertyTypeDecode, returning generic 'NumberOrString' Option. Occurred for type_description= Zone, group_name=, field_name=volume
[08:23:41.257890 WARN] [epJSONTranslator] Unknown value passed to schemaPropertyTypeDecode, returning generic 'NumberOrString' Option. Occurred for type_description= Zone, group_name=, field_name=floor_area
[08:23:41.257904 WARN] [epJSONTranslator] Unknown value passed to schemaPropertyTypeDecode, returning generic 'NumberOrString' Option. Occurred for type_description= Space, group_name=, field_name=ceiling_height
[08:23:41.257910 WARN] [epJSONTranslator] Unknown value passed to schemaPropertyTypeDecode, returning generic 'NumberOrString' Option. Occurred for type_description= Space, group_name=, field_name=volume
[08:23:41.257915 WARN] [epJSONTranslator] Unknown value passed to schemaPropertyTypeDecode, returning generic 'NumberOrString' Option. Occurred for type_description= Space, group_name=, field_name=floor_area
[08:23:41.258072 WARN] [epJSONTranslator] Unknown value passed to schemaPropertyTypeDecode, returning generic 'NumberOrString' Option. Occurred for type_description= People, group_name=, field_name=sensible_heat_fraction
[08:23:41.258407 WARN] [epJSONTranslator] Unknown value passed to schemaPropertyTypeDecode, returning generic 'NumberOrString' Option. Occurred for type_description= BuildingSurface:Detailed, group_name=, field_name=view_factor_to_ground
[08:23:41.258415 WARN] [epJSONTranslator] Unknown value passed to schemaPropertyTypeDecode, returning generic 'NumberOrString' Option. Occurred for type_description= BuildingSurface:Detailed, group_name=, field_name=number_of_vertices
[08:23:41.258443 WARN] [epJSONTranslator] Unknown value passed to schemaPropertyTypeDecode, returning generic 'NumberOrString' Option. Occurred for type_description= BuildingSurface:Detailed, group_name=, field_name=view_factor_to_ground
[08:23:41.258449 WARN] [epJSONTranslator] Unknown value passed to schemaPropertyTypeDecode, returning generic 'NumberOrString' Option. Occurred for type_description= BuildingSurface:Detailed, group_name=, field_name=number_of_vertices
[08:23:41.258474 WARN] [epJSONTranslator] Unknown value passed to schemaPropertyTypeDecode, returning generic 'NumberOrString' Option. Occurred for type_description= BuildingSurface:Detailed, group_name=, field_name=view_factor_to_ground
[08:23:41.258479 WARN] [epJSONTranslator] Unknown value passed to schemaPropertyTypeDecode, returning generic 'NumberOrString' Option. Occurred for type_description= BuildingSurface:Detailed, group_name=, field_name=number_of_vertices
[08:23:41.258503 WARN] [epJSONTranslator] Unknown value passed to schemaPropertyTypeDecode, returning generic 'NumberOrString' Option. Occurred for type_description= BuildingSurface:Detailed, group_name=, field_name=view_factor_to_ground
[08:23:41.258510 WARN] [epJSONTranslator] Unknown value passed to schemaPropertyTypeDecode, returning generic 'NumberOrString' Option. Occurred for type_description= BuildingSurface:Detailed, group_name=, field_name=number_of_vertices
[08:23:41.258523 ERROR] [epJSONTranslator] Unable to look up field name for input fieldvertex_x_coordinate
[08:23:41.258535 ERROR] [epJSONTranslator] Unable to look up field name for input fieldvertex_y_coordinate
[08:23:41.258542 ERROR] [epJSONTranslator] Unable to look up field name for input fieldvertex_z_coordinate
[08:23:41.258548 ERROR] [epJSONTranslator] Unable to look up field name for input fieldvertex_x_coordinate
[08:23:41.258555 ERROR] [epJSONTranslator] Unable to look up field name for input fieldvertex_y_coordinate
[08:23:41.258570 ERROR] [epJSONTranslator] Unable to look up field name for input fieldvertex_z_coordinate
[08:23:41.258577 ERROR] [epJSONTranslator] Unable to look up field name for input fieldvertex_x_coordinate
[08:23:41.258584 ERROR] [epJSONTranslator] Unable to look up field name for input fieldvertex_y_coordinate
[08:23:41.258590 ERROR] [epJSONTranslator] Unable to look up field name for input fieldvertex_z_coordinate
[08:23:41.258597 ERROR] [epJSONTranslator] Unable to look up field name for input fieldvertex_x_coordinate
[08:23:41.258603 ERROR] [epJSONTranslator] Unable to look up field name for input fieldvertex_y_coordinate
[08:23:41.258609 ERROR] [epJSONTranslator] Unable to look up field name for input fieldvertex_z_coordinate
[08:23:41.258619 WARN] [epJSONTranslator] Unknown value passed to schemaPropertyTypeDecode, returning generic 'NumberOrString' Option. Occurred for type_description= FenestrationSurface:Detailed, group_name=, field_name=view_factor_to_ground
[08:23:41.258626 WARN] [epJSONTranslator] Unknown value passed to schemaPropertyTypeDecode, returning generic 'NumberOrString' Option. Occurred for type_description= FenestrationSurface:Detailed, group_name=, field_name=number_of_vertices
[08:23:41.258651 WARN] [epJSONTranslator] Unknown value passed to schemaPropertyTypeDecode, returning generic 'NumberOrString' Option. Occurred for type_description= BuildingSurface:Detailed, group_name=, field_name=view_factor_to_ground
[08:23:41.258657 WARN] [epJSONTranslator] Unknown value passed to schemaPropertyTypeDecode, returning generic 'NumberOrString' Option. Occurred for type_description= BuildingSurface:Detailed, group_name=, field_name=number_of_vertices
[08:23:41.258682 WARN] [epJSONTranslator] Unknown value passed to schemaPropertyTypeDecode, returning generic 'NumberOrString' Option. Occurred for type_description= BuildingSurface:Detailed, group_name=, field_name=view_factor_to_ground
[08:23:41.258687 WARN] [epJSONTranslator] Unknown value passed to schemaPropertyTypeDecode, returning generic 'NumberOrString' Option. Occurred for type_description= BuildingSurface:Detailed, group_name=, field_name=number_of_vertices
[08:23:41.258694 ERROR] [epJSONTranslator] Unable to look up field name for input fieldvertex_x_coordinate
[08:23:41.258702 ERROR] [epJSONTranslator] Unable to look up field name for input fieldvertex_y_coordinate
[08:23:41.258710 ERROR] [epJSONTranslator] Unable to look up field name for input fieldvertex_z_coordinate
[08:23:41.258716 ERROR] [epJSONTranslator] Unable to look up field name for input fieldvertex_x_coordinate
[08:23:41.258723 ERROR] [epJSONTranslator] Unable to look up field name for input fieldvertex_y_coordinate
[08:23:41.258729 ERROR] [epJSONTranslator] Unable to look up field name for input fieldvertex_z_coordinate
[08:23:41.258735 ERROR] [epJSONTranslator] Unable to look up field name for input fieldvertex_x_coordinate
[08:23:41.258742 ERROR] [epJSONTranslator] Unable to look up field name for input fieldvertex_y_coordinate
[08:23:41.258748 ERROR] [epJSONTranslator] Unable to look up field name for input fieldvertex_z_coordinate
[08:23:41.258754 ERROR] [epJSONTranslator] Unable to look up field name for input fieldvertex_x_coordinate
[08:23:41.258760 ERROR] [epJSONTranslator] Unable to look up field name for input fieldvertex_y_coordinate
[08:23:41.258765 ERROR] [epJSONTranslator] Unable to look up field name for input fieldvertex_z_coordinate
[08:23:41.258774 WARN] [epJSONTranslator] Unknown value passed to schemaPropertyTypeDecode, returning generic 'NumberOrString' Option. Occurred for type_description= FenestrationSurface:Detailed, group_name=, field_name=view_factor_to_ground
[08:23:41.258780 WARN] [epJSONTranslator] Unknown value passed to schemaPropertyTypeDecode, returning generic 'NumberOrString' Option. Occurred for type_description= FenestrationSurface:Detailed, group_name=, field_name=number_of_vertices
[08:23:41.258812 WARN] [epJSONTranslator] Unknown value passed to schemaPropertyTypeDecode, returning generic 'NumberOrString' Option. Occurred for type_description= Schedule:Compact, group_name=data, field_name=field
[08:23:41.258883 ERROR] [utilities.idf.IdfObject] Could not convert 'Through: 12/31' to double
[08:23:41.258893 WARN] [epJSONTranslator] Unknown value passed to schemaPropertyTypeDecode, returning generic 'NumberOrString' Option. Occurred for type_description= Schedule:Compact, group_name=data, field_name=field
[08:23:41.258902 ERROR] [utilities.idf.IdfObject] Could not convert 'For: AllDays' to double
[08:23:41.258909 WARN] [epJSONTranslator] Unknown value passed to schemaPropertyTypeDecode, returning generic 'NumberOrString' Option. Occurred for type_description= Schedule:Compact, group_name=data, field_name=field
[08:23:41.258919 ERROR] [utilities.idf.IdfObject] Could not convert 'Until: 24:00' to double
[08:23:41.258926 WARN] [epJSONTranslator] Unknown value passed to schemaPropertyTypeDecode, returning generic 'NumberOrString' Option. Occurred for type_description= Schedule:Compact, group_name=data, field_name=field
[08:23:41.259059 WARN] [epJSONTranslator] Unknown value passed to schemaPropertyTypeDecode, returning generic 'NumberOrString' Option. Occurred for type_description= AirTerminal:SingleDuct:VAV:Reheat, group_name=, field_name=maximum_air_flow_rate
[08:23:41.259069 WARN] [epJSONTranslator] Unknown value passed to schemaPropertyTypeDecode, returning generic 'NumberOrString' Option. Occurred for type_description= AirTerminal:SingleDuct:VAV:Reheat, group_name=, field_name=constant_minimum_air_flow_fraction
[08:23:41.259076 WARN] [epJSONTranslator] Unknown value passed to schemaPropertyTypeDecode, returning generic 'NumberOrString' Option. Occurred for type_description= AirTerminal:SingleDuct:VAV:Reheat, group_name=, field_name=fixed_minimum_air_flow_rate
[08:23:41.259090 WARN] [epJSONTranslator] Unknown value passed to schemaPropertyTypeDecode, returning generic 'NumberOrString' Option. Occurred for type_description= AirTerminal:SingleDuct:VAV:Reheat, group_name=, field_name=maximum_hot_water_or_steam_flow_rate
[08:23:41.259105 WARN] [epJSONTranslator] Unknown value passed to schemaPropertyTypeDecode, returning generic 'NumberOrString' Option. Occurred for type_description= AirTerminal:SingleDuct:VAV:Reheat, group_name=, field_name=maximum_flow_per_zone_floor_area_during_reheat
[08:23:41.259114 WARN] [epJSONTranslator] Unknown value passed to schemaPropertyTypeDecode, returning generic 'NumberOrString' Option. Occurred for type_description= AirTerminal:SingleDuct:VAV:Reheat, group_name=, field_name=maximum_flow_fraction_during_reheat
[08:23:41.259126 WARN] [epJSONTranslator] Unknown value passed to schemaPropertyTypeDecode, returning generic 'NumberOrString' Option. Occurred for type_description= Coil:Heating:Water, group_name=, field_name=u_factor_times_area_value
[08:23:41.259133 WARN] [epJSONTranslator] Unknown value passed to schemaPropertyTypeDecode, returning generic 'NumberOrString' Option. Occurred for type_description= Coil:Heating:Water, group_name=, field_name=maximum_water_flow_rate
[08:23:41.259146 WARN] [epJSONTranslator] Unknown value passed to schemaPropertyTypeDecode, returning generic 'NumberOrString' Option. Occurred for type_description= Coil:Heating:Water, group_name=, field_name=rated_capacity
[08:23:41.259226 WARN] [epJSONTranslator] Unknown value passed to schemaPropertyTypeDecode, returning generic 'NumberOrString' Option. Occurred for type_description= Sizing:Zone, group_name=, field_name=dedicated_outdoor_air_low_setpoint_temperature_for_design
[08:23:41.259232 WARN] [epJSONTranslator] Unknown value passed to schemaPropertyTypeDecode, returning generic 'NumberOrString' Option. Occurred for type_description= Sizing:Zone, group_name=, field_name=dedicated_outdoor_air_high_setpoint_temperature_for_design
[08:23:41.259274 WARN] [epJSONTranslator] Unknown value passed to schemaPropertyTypeDecode, returning generic 'NumberOrString' Option. Occurred for type_description= Zone, group_name=, field_name=ceiling_height
[08:23:41.259279 WARN] [epJSONTranslator] Unknown value passed to schemaPropertyTypeDecode, returning generic 'NumberOrString' Option. Occurred for type_description= Zone, group_name=, field_name=volume
[08:23:41.259287 WARN] [epJSONTranslator] Unknown value passed to schemaPropertyTypeDecode, returning generic 'NumberOrString' Option. Occurred for type_description= Zone, group_name=, field_name=floor_area
[08:23:41.259296 WARN] [epJSONTranslator] Unknown value passed to schemaPropertyTypeDecode, returning generic 'NumberOrString' Option. Occurred for type_description= Space, group_name=, field_name=ceiling_height
[08:23:41.259301 WARN] [epJSONTranslator] Unknown value passed to schemaPropertyTypeDecode, returning generic 'NumberOrString' Option. Occurred for type_description= Space, group_name=, field_name=volume
[08:23:41.259305 WARN] [epJSONTranslator] Unknown value passed to schemaPropertyTypeDecode, returning generic 'NumberOrString' Option. Occurred for type_description= Space, group_name=, field_name=floor_area
[08:23:41.259328 WARN] [epJSONTranslator] Unknown value passed to schemaPropertyTypeDecode, returning generic 'NumberOrString' Option. Occurred for type_description= People, group_name=, field_name=sensible_heat_fraction
[08:23:41.259374 WARN] [epJSONTranslator] Unknown value passed to schemaPropertyTypeDecode, returning generic 'NumberOrString' Option. Occurred for type_description= BuildingSurface:Detailed, group_name=, field_name=view_factor_to_ground
[08:23:41.259380 WARN] [epJSONTranslator] Unknown value passed to schemaPropertyTypeDecode, returning generic 'NumberOrString' Option. Occurred for type_description= BuildingSurface:Detailed, group_name=, field_name=number_of_vertices
[08:23:41.259405 WARN] [epJSONTranslator] Unknown value passed to schemaPropertyTypeDecode, returning generic 'NumberOrString' Option. Occurred for type_description= BuildingSurface:Detailed, group_name=, field_name=view_factor_to_ground
[08:23:41.259410 WARN] [epJSONTranslator] Unknown value passed to schemaPropertyTypeDecode, returning generic 'NumberOrString' Option. Occurred for type_description= BuildingSurface:Detailed, group_name=, field_name=number_of_vertices
[08:23:41.259435 WARN] [epJSONTranslator] Unknown value passed to schemaPropertyTypeDecode, returning generic 'NumberOrString' Option. Occurred for type_description= BuildingSurface:Detailed, group_name=, field_name=view_factor_to_ground
[08:23:41.259440 WARN] [epJSONTranslator] Unknown value passed to schemaPropertyTypeDecode, returning generic 'NumberOrString' Option. Occurred for type_description= BuildingSurface:Detailed, group_name=, field_name=number_of_vertices
[08:23:41.259446 ERROR] [epJSONTranslator] Unable to look up field name for input fieldvertex_x_coordinate
[08:23:41.259453 ERROR] [epJSONTranslator] Unable to look up field name for input fieldvertex_y_coordinate
[08:23:41.259459 ERROR] [epJSONTranslator] Unable to look up field name for input fieldvertex_z_coordinate
[08:23:41.259465 ERROR] [epJSONTranslator] Unable to look up field name for input fieldvertex_x_coordinate
[08:23:41.259471 ERROR] [epJSONTranslator] Unable to look up field name for input fieldvertex_y_coordinate
[08:23:41.259477 ERROR] [epJSONTranslator] Unable to look up field name for input fieldvertex_z_coordinate
[08:23:41.259483 ERROR] [epJSONTranslator] Unable to look up field name for input fieldvertex_x_coordinate
[08:23:41.259489 ERROR] [epJSONTranslator] Unable to look up field name for input fieldvertex_y_coordinate
[08:23:41.259496 ERROR] [epJSONTranslator] Unable to look up field name for input fieldvertex_z_coordinate
[08:23:41.259501 ERROR] [epJSONTranslator] Unable to look up field name for input fieldvertex_x_coordinate
[08:23:41.259507 ERROR] [epJSONTranslator] Unable to look up field name for input fieldvertex_y_coordinate
[08:23:41.259513 ERROR] [epJSONTranslator] Unable to look up field name for input fieldvertex_z_coordinate
[08:23:41.259522 WARN] [epJSONTranslator] Unknown value passed to schemaPropertyTypeDecode, returning generic 'NumberOrString' Option. Occurred for type_description= FenestrationSurface:Detailed, group_name=, field_name=view_factor_to_ground
[08:23:41.259528 WARN] [epJSONTranslator] Unknown value passed to schemaPropertyTypeDecode, returning generic 'NumberOrString' Option. Occurred for type_description= FenestrationSurface:Detailed, group_name=, field_name=number_of_vertices
[08:23:41.259556 WARN] [epJSONTranslator] Unknown value passed to schemaPropertyTypeDecode, returning generic 'NumberOrString' Option. Occurred for type_description= BuildingSurface:Detailed, group_name=, field_name=view_factor_to_ground
[08:23:41.259561 WARN] [epJSONTranslator] Unknown value passed to schemaPropertyTypeDecode, returning generic 'NumberOrString' Option. Occurred for type_description= BuildingSurface:Detailed, group_name=, field_name=number_of_vertices
[08:23:41.259585 WARN] [epJSONTranslator] Unknown value passed to schemaPropertyTypeDecode, returning generic 'NumberOrString' Option. Occurred for type_description= BuildingSurface:Detailed, group_name=, field_name=view_factor_to_ground
[08:23:41.259590 WARN] [epJSONTranslator] Unknown value passed to schemaPropertyTypeDecode, returning generic 'NumberOrString' Option. Occurred for type_description= BuildingSurface:Detailed, group_name=, field_name=number_of_vertices
[08:23:41.259614 WARN] [epJSONTranslator] Unknown value passed to schemaPropertyTypeDecode, returning generic 'NumberOrString' Option. Occurred for type_description= BuildingSurface:Detailed, group_name=, field_name=view_factor_to_ground
[08:23:41.259619 WARN] [epJSONTranslator] Unknown value passed to schemaPropertyTypeDecode, returning generic 'NumberOrString' Option. Occurred for type_description= BuildingSurface:Detailed, group_name=, field_name=number_of_vertices
[08:23:41.259625 ERROR] [epJSONTranslator] Unable to look up field name for input fieldvertex_x_coordinate
[08:23:41.259631 ERROR] [epJSONTranslator] Unable to look up field name for input fieldvertex_y_coordinate
[08:23:41.259638 ERROR] [epJSONTranslator] Unable to look up field name for input fieldvertex_z_coordinate
[08:23:41.259645 ERROR] [epJSONTranslator] Unable to look up field name for input fieldvertex_x_coordinate
[08:23:41.259653 ERROR] [epJSONTranslator] Unable to look up field name for input fieldvertex_y_coordinate
[08:23:41.259660 ERROR] [epJSONTranslator] Unable to look up field name for input fieldvertex_z_coordinate
[08:23:41.259665 ERROR] [epJSONTranslator] Unable to look up field name for input fieldvertex_x_coordinate
[08:23:41.259671 ERROR] [epJSONTranslator] Unable to look up field name for input fieldvertex_y_coordinate
[08:23:41.259678 ERROR] [epJSONTranslator] Unable to look up field name for input fieldvertex_z_coordinate
[08:23:41.259683 ERROR] [epJSONTranslator] Unable to look up field name for input fieldvertex_x_coordinate
[08:23:41.259689 ERROR] [epJSONTranslator] Unable to look up field name for input fieldvertex_y_coordinate
[08:23:41.259697 ERROR] [epJSONTranslator] Unable to look up field name for input fieldvertex_z_coordinate
[08:23:41.259708 WARN] [epJSONTranslator] Unknown value passed to schemaPropertyTypeDecode, returning generic 'NumberOrString' Option. Occurred for type_description= FenestrationSurface:Detailed, group_name=, field_name=view_factor_to_ground
[08:23:41.259714 WARN] [epJSONTranslator] Unknown value passed to schemaPropertyTypeDecode, returning generic 'NumberOrString' Option. Occurred for type_description= FenestrationSurface:Detailed, group_name=, field_name=number_of_vertices
[08:23:41.259733 WARN] [epJSONTranslator] Unknown value passed to schemaPropertyTypeDecode, returning generic 'NumberOrString' Option. Occurred for type_description= Schedule:Compact, group_name=data, field_name=field
[08:23:41.259743 ERROR] [utilities.idf.IdfObject] Could not convert 'Through: 12/31' to double
[08:23:41.259750 WARN] [epJSONTranslator] Unknown value passed to schemaPropertyTypeDecode, returning generic 'NumberOrString' Option. Occurred for type_description= Schedule:Compact, group_name=data, field_name=field
[08:23:41.259760 ERROR] [utilities.idf.IdfObject] Could not convert 'For: AllDays' to double
[08:23:41.259766 WARN] [epJSONTranslator] Unknown value passed to schemaPropertyTypeDecode, returning generic 'NumberOrString' Option. Occurred for type_description= Schedule:Compact, group_name=data, field_name=field
[08:23:41.259777 ERROR] [utilities.idf.IdfObject] Could not convert 'Until: 24:00' to double
[08:23:41.259783 WARN] [epJSONTranslator] Unknown value passed to schemaPropertyTypeDecode, returning generic 'NumberOrString' Option. Occurred for type_description= Schedule:Compact, group_name=data, field_name=field
[08:23:41.259817 WARN] [epJSONTranslator] Unknown value passed to schemaPropertyTypeDecode, returning generic 'NumberOrString' Option. Occurred for type_description= AirTerminal:SingleDuct:VAV:Reheat, group_name=, field_name=maximum_air_flow_rate
[08:23:41.259825 WARN] [epJSONTranslator] Unknown value passed to schemaPropertyTypeDecode, returning generic 'NumberOrString' Option. Occurred for type_description= AirTerminal:SingleDuct:VAV:Reheat, group_name=, field_name=constant_minimum_air_flow_fraction
[08:23:41.259831 WARN] [epJSONTranslator] Unknown value passed to schemaPropertyTypeDecode, returning generic 'NumberOrString' Option. Occurred for type_description= AirTerminal:SingleDuct:VAV:Reheat, group_name=, field_name=fixed_minimum_air_flow_rate
[08:23:41.259839 WARN] [epJSONTranslator] Unknown value passed to schemaPropertyTypeDecode, returning generic 'NumberOrString' Option. Occurred for type_description= AirTerminal:SingleDuct:VAV:Reheat, group_name=, field_name=maximum_hot_water_or_steam_flow_rate
[08:23:41.259849 WARN] [epJSONTranslator] Unknown value passed to schemaPropertyTypeDecode, returning generic 'NumberOrString' Option. Occurred for type_description= AirTerminal:SingleDuct:VAV:Reheat, group_name=, field_name=maximum_flow_per_zone_floor_area_during_reheat
[08:23:41.259855 WARN] [epJSONTranslator] Unknown value passed to schemaPropertyTypeDecode, returning generic 'NumberOrString' Option. Occurred for type_description= AirTerminal:SingleDuct:VAV:Reheat, group_name=, field_name=maximum_flow_fraction_during_reheat
[08:23:41.259863 WARN] [epJSONTranslator] Unknown value passed to schemaPropertyTypeDecode, returning generic 'NumberOrString' Option. Occurred for type_description= Coil:Heating:Water, group_name=, field_name=u_factor_times_area_value
[08:23:41.259869 WARN] [epJSONTranslator] Unknown value passed to schemaPropertyTypeDecode, returning generic 'NumberOrString' Option. Occurred for type_description= Coil:Heating:Water, group_name=, field_name=maximum_water_flow_rate
[08:23:41.259879 WARN] [epJSONTranslator] Unknown value passed to schemaPropertyTypeDecode, returning generic 'NumberOrString' Option. Occurred for type_description= Coil:Heating:Water, group_name=, field_name=rated_capacity
[08:23:41.259920 WARN] [epJSONTranslator] Unknown value passed to schemaPropertyTypeDecode, returning generic 'NumberOrString' Option. Occurred for type_description= Sizing:Zone, group_name=, field_name=dedicated_outdoor_air_low_setpoint_temperature_for_design
[08:23:41.259926 WARN] [epJSONTranslator] Unknown value passed to schemaPropertyTypeDecode, returning generic 'NumberOrString' Option. Occurred for type_description= Sizing:Zone, group_name=, field_name=dedicated_outdoor_air_high_setpoint_temperature_for_design
[08:23:41.259951 WARN] [epJSONTranslator] Unknown value passed to schemaPropertyTypeDecode, returning generic 'NumberOrString' Option. Occurred for type_description= Zone, group_name=, field_name=ceiling_height
[08:23:41.259956 WARN] [epJSONTranslator] Unknown value passed to schemaPropertyTypeDecode, returning generic 'NumberOrString' Option. Occurred for type_description= Zone, group_name=, field_name=volume
[08:23:41.259961 WARN] [epJSONTranslator] Unknown value passed to schemaPropertyTypeDecode, returning generic 'NumberOrString' Option. Occurred for type_description= Zone, group_name=, field_name=floor_area
[08:23:41.259969 WARN] [epJSONTranslator] Unknown value passed to schemaPropertyTypeDecode, returning generic 'NumberOrString' Option. Occurred for type_description= Space, group_name=, field_name=ceiling_height
[08:23:41.259974 WARN] [epJSONTranslator] Unknown value passed to schemaPropertyTypeDecode, returning generic 'NumberOrString' Option. Occurred for type_description= Space, group_name=, field_name=volume
[08:23:41.259981 WARN] [epJSONTranslator] Unknown value passed to schemaPropertyTypeDecode, returning generic 'NumberOrString' Option. Occurred for type_description= Space, group_name=, field_name=floor_area
[08:23:41.260005 WARN] [epJSONTranslator] Unknown value passed to schemaPropertyTypeDecode, returning generic 'NumberOrString' Option. Occurred for type_description= BuildingSurface:Detailed, group_name=, field_name=view_factor_to_ground
[08:23:41.260011 WARN] [epJSONTranslator] Unknown value passed to schemaPropertyTypeDecode, returning generic 'NumberOrString' Option. Occurred for type_description= BuildingSurface:Detailed, group_name=, field_name=number_of_vertices
[08:23:41.260036 WARN] [epJSONTranslator] Unknown value passed to schemaPropertyTypeDecode, returning generic 'NumberOrString' Option. Occurred for type_description= BuildingSurface:Detailed, group_name=, field_name=view_factor_to_ground
[08:23:41.260042 WARN] [epJSONTranslator] Unknown value passed to schemaPropertyTypeDecode, returning generic 'NumberOrString' Option. Occurred for type_description= BuildingSurface:Detailed, group_name=, field_name=number_of_vertices
[08:23:41.260066 WARN] [epJSONTranslator] Unknown value passed to schemaPropertyTypeDecode, returning generic 'NumberOrString' Option. Occurred for type_description= BuildingSurface:Detailed, group_name=, field_name=view_factor_to_ground
[08:23:41.260072 WARN] [epJSONTranslator] Unknown value passed to schemaPropertyTypeDecode, returning generic 'NumberOrString' Option. Occurred for type_description= BuildingSurface:Detailed, group_name=, field_name=number_of_vertices
[08:23:41.260078 ERROR] [epJSONTranslator] Unable to look up field name for input fieldvertex_x_coordinate
[08:23:41.260085 ERROR] [epJSONTranslator] Unable to look up field name for input fieldvertex_y_coordinate
[08:23:41.260091 ERROR] [epJSONTranslator] Unable to look up field name for input fieldvertex_z_coordinate
[08:23:41.260097 ERROR] [epJSONTranslator] Unable to look up field name for input fieldvertex_x_coordinate
[08:23:41.260103 ERROR] [epJSONTranslator] Unable to look up field name for input fieldvertex_y_coordinate
[08:23:41.260109 ERROR] [epJSONTranslator] Unable to look up field name for input fieldvertex_z_coordinate
[08:23:41.260115 ERROR] [epJSONTranslator] Unable to look up field name for input fieldvertex_x_coordinate
[08:23:41.260121 ERROR] [epJSONTranslator] Unable to look up field name for input fieldvertex_y_coordinate
[08:23:41.260127 ERROR] [epJSONTranslator] Unable to look up field name for input fieldvertex_z_coordinate
[08:23:41.260133 ERROR] [epJSONTranslator] Unable to look up field name for input fieldvertex_x_coordinate
[08:23:41.260140 ERROR] [epJSONTranslator] Unable to look up field name for input fieldvertex_y_coordinate
[08:23:41.260147 ERROR] [epJSONTranslator] Unable to look up field name for input fieldvertex_z_coordinate
[08:23:41.260157 WARN] [epJSONTranslator] Unknown value passed to schemaPropertyTypeDecode, returning generic 'NumberOrString' Option. Occurred for type_description= FenestrationSurface:Detailed, group_name=, field_name=view_factor_to_ground
[08:23:41.260164 WARN] [epJSONTranslator] Unknown value passed to schemaPropertyTypeDecode, returning generic 'NumberOrString' Option. Occurred for type_description= FenestrationSurface:Detailed, group_name=, field_name=number_of_vertices
[08:23:41.260191 WARN] [epJSONTranslator] Unknown value passed to schemaPropertyTypeDecode, returning generic 'NumberOrString' Option. Occurred for type_description= BuildingSurface:Detailed, group_name=, field_name=view_factor_to_ground
[08:23:41.260197 WARN] [epJSONTranslator] Unknown value passed to schemaPropertyTypeDecode, returning generic 'NumberOrString' Option. Occurred for type_description= BuildingSurface:Detailed, group_name=, field_name=number_of_vertices
[08:23:41.260205 ERROR] [epJSONTranslator] Unable to look up field name for input fieldvertex_x_coordinate
[08:23:41.260214 ERROR] [epJSONTranslator] Unable to look up field name for input fieldvertex_y_coordinate
[08:23:41.260221 ERROR] [epJSONTranslator] Unable to look up field name for input fieldvertex_z_coordinate
[08:23:41.260227 ERROR] [epJSONTranslator] Unable to look up field name for input fieldvertex_x_coordinate
[08:23:41.260233 ERROR] [epJSONTranslator] Unable to look up field name for input fieldvertex_y_coordinate
[08:23:41.260239 ERROR] [epJSONTranslator] Unable to look up field name for input fieldvertex_z_coordinate
[08:23:41.260245 ERROR] [epJSONTranslator] Unable to look up field name for input fieldvertex_x_coordinate
[08:23:41.260251 ERROR] [epJSONTranslator] Unable to look up field name for input fieldvertex_y_coordinate
[08:23:41.260257 ERROR] [epJSONTranslator] Unable to look up field name for input fieldvertex_z_coordinate
[08:23:41.260263 ERROR] [epJSONTranslator] Unable to look up field name for input fieldvertex_x_coordinate
[08:23:41.260270 ERROR] [epJSONTranslator] Unable to look up field name for input fieldvertex_y_coordinate
[08:23:41.260276 ERROR] [epJSONTranslator] Unable to look up field name for input fieldvertex_z_coordinate
[08:23:41.260286 WARN] [epJSONTranslator] Unknown value passed to schemaPropertyTypeDecode, returning generic 'NumberOrString' Option. Occurred for type_description= FenestrationSurface:Detailed, group_name=, field_name=view_factor_to_ground
[08:23:41.260294 WARN] [epJSONTranslator] Unknown value passed to schemaPropertyTypeDecode, returning generic 'NumberOrString' Option. Occurred for type_description= FenestrationSurface:Detailed, group_name=, field_name=number_of_vertices
[08:23:41.260318 WARN] [epJSONTranslator] Unknown value passed to schemaPropertyTypeDecode, returning generic 'NumberOrString' Option. Occurred for type_description= BuildingSurface:Detailed, group_name=, field_name=view_factor_to_ground
[08:23:41.260325 WARN] [epJSONTranslator] Unknown value passed to schemaPropertyTypeDecode, returning generic 'NumberOrString' Option. Occurred for type_description= BuildingSurface:Detailed, group_name=, field_name=number_of_vertices
[08:23:41.260353 WARN] [epJSONTranslator] Unknown value passed to schemaPropertyTypeDecode, returning generic 'NumberOrString' Option. Occurred for type_description= BuildingSurface:Detailed, group_name=, field_name=view_factor_to_ground
[08:23:41.260359 WARN] [epJSONTranslator] Unknown value passed to schemaPropertyTypeDecode, returning generic 'NumberOrString' Option. Occurred for type_description= BuildingSurface:Detailed, group_name=, field_name=number_of_vertices
[08:23:41.260378 WARN] [epJSONTranslator] Unknown value passed to schemaPropertyTypeDecode, returning generic 'NumberOrString' Option. Occurred for type_description= Schedule:Compact, group_name=data, field_name=field
[08:23:41.260387 ERROR] [utilities.idf.IdfObject] Could not convert 'Through: 12/31' to double
[08:23:41.260395 WARN] [epJSONTranslator] Unknown value passed to schemaPropertyTypeDecode, returning generic 'NumberOrString' Option. Occurred for type_description= Schedule:Compact, group_name=data, field_name=field
[08:23:41.260403 ERROR] [utilities.idf.IdfObject] Could not convert 'For: AllDays' to double
[08:23:41.260410 WARN] [epJSONTranslator] Unknown value passed to schemaPropertyTypeDecode, returning generic 'NumberOrString' Option. Occurred for type_description= Schedule:Compact, group_name=data, field_name=field
[08:23:41.260420 ERROR] [utilities.idf.IdfObject] Could not convert 'Until: 24:00' to double
[08:23:41.260426 WARN] [epJSONTranslator] Unknown value passed to schemaPropertyTypeDecode, returning generic 'NumberOrString' Option. Occurred for type_description= Schedule:Compact, group_name=data, field_name=field
[08:23:41.260457 WARN] [epJSONTranslator] Unknown value passed to schemaPropertyTypeDecode, returning generic 'NumberOrString' Option. Occurred for type_description= AirTerminal:SingleDuct:VAV:Reheat, group_name=, field_name=maximum_air_flow_rate
[08:23:41.260465 WARN] [epJSONTranslator] Unknown value passed to schemaPropertyTypeDecode, returning generic 'NumberOrString' Option. Occurred for type_description= AirTerminal:SingleDuct:VAV:Reheat, group_name=, field_name=constant_minimum_air_flow_fraction
[08:23:41.260476 WARN] [epJSONTranslator] Unknown value passed to schemaPropertyTypeDecode, returning generic 'NumberOrString' Option. Occurred for type_description= AirTerminal:SingleDuct:VAV:Reheat, group_name=, field_name=fixed_minimum_air_flow_rate
[08:23:41.260485 WARN] [epJSONTranslator] Unknown value passed to schemaPropertyTypeDecode, returning generic 'NumberOrString' Option. Occurred for type_description= AirTerminal:SingleDuct:VAV:Reheat, group_name=, field_name=maximum_hot_water_or_steam_flow_rate
[08:23:41.260494 WARN] [epJSONTranslator] Unknown value passed to schemaPropertyTypeDecode, returning generic 'NumberOrString' Option. Occurred for type_description= AirTerminal:SingleDuct:VAV:Reheat, group_name=, field_name=maximum_flow_per_zone_floor_area_during_reheat
[08:23:41.260501 WARN] [epJSONTranslator] Unknown value passed to schemaPropertyTypeDecode, returning generic 'NumberOrString' Option. Occurred for type_description= AirTerminal:SingleDuct:VAV:Reheat, group_name=, field_name=maximum_flow_fraction_during_reheat
[08:23:41.260509 WARN] [epJSONTranslator] Unknown value passed to schemaPropertyTypeDecode, returning generic 'NumberOrString' Option. Occurred for type_description= Coil:Heating:Water, group_name=, field_name=u_factor_times_area_value
[08:23:41.260515 WARN] [epJSONTranslator] Unknown value passed to schemaPropertyTypeDecode, returning generic 'NumberOrString' Option. Occurred for type_description= Coil:Heating:Water, group_name=, field_name=maximum_water_flow_rate
[08:23:41.260525 WARN] [epJSONTranslator] Unknown value passed to schemaPropertyTypeDecode, returning generic 'NumberOrString' Option. Occurred for type_description= Coil:Heating:Water, group_name=, field_name=rated_capacity
[08:23:41.260564 WARN] [epJSONTranslator] Unknown value passed to schemaPropertyTypeDecode, returning generic 'NumberOrString' Option. Occurred for type_description= Sizing:Zone, group_name=, field_name=dedicated_outdoor_air_low_setpoint_temperature_for_design
[08:23:41.260570 WARN] [epJSONTranslator] Unknown value passed to schemaPropertyTypeDecode, returning generic 'NumberOrString' Option. Occurred for type_description= Sizing:Zone, group_name=, field_name=dedicated_outdoor_air_high_setpoint_temperature_for_design
[08:23:41.260588 WARN] [epJSONTranslator] Unknown value passed to schemaPropertyTypeDecode, returning generic 'NumberOrString' Option. Occurred for type_description= Zone, group_name=, field_name=ceiling_height
[08:23:41.260593 WARN] [epJSONTranslator] Unknown value passed to schemaPropertyTypeDecode, returning generic 'NumberOrString' Option. Occurred for type_description= Zone, group_name=, field_name=volume
[08:23:41.260598 WARN] [epJSONTranslator] Unknown value passed to schemaPropertyTypeDecode, returning generic 'NumberOrString' Option. Occurred for type_description= Zone, group_name=, field_name=floor_area
[08:23:41.260606 WARN] [epJSONTranslator] Unknown value passed to schemaPropertyTypeDecode, returning generic 'NumberOrString' Option. Occurred for type_description= Space, group_name=, field_name=ceiling_height
[08:23:41.260611 WARN] [epJSONTranslator] Unknown value passed to schemaPropertyTypeDecode, returning generic 'NumberOrString' Option. Occurred for type_description= Space, group_name=, field_name=volume
[08:23:41.260616 WARN] [epJSONTranslator] Unknown value passed to schemaPropertyTypeDecode, returning generic 'NumberOrString' Option. Occurred for type_description= Space, group_name=, field_name=floor_area
[08:23:41.260638 WARN] [epJSONTranslator] Unknown value passed to schemaPropertyTypeDecode, returning generic 'NumberOrString' Option. Occurred for type_description= People, group_name=, field_name=sensible_heat_fraction
[08:23:41.260682 WARN] [epJSONTranslator] Unknown value passed to schemaPropertyTypeDecode, returning generic 'NumberOrString' Option. Occurred for type_description= BuildingSurface:Detailed, group_name=, field_name=view_factor_to_ground
[08:23:41.260692 WARN] [epJSONTranslator] Unknown value passed to schemaPropertyTypeDecode, returning generic 'NumberOrString' Option. Occurred for type_description= BuildingSurface:Detailed, group_name=, field_name=number_of_vertices
[08:23:41.260717 WARN] [epJSONTranslator] Unknown value passed to schemaPropertyTypeDecode, returning generic 'NumberOrString' Option. Occurred for type_description= BuildingSurface:Detailed, group_name=, field_name=view_factor_to_ground
[08:23:41.260722 WARN] [epJSONTranslator] Unknown value passed to schemaPropertyTypeDecode, returning generic 'NumberOrString' Option. Occurred for type_description= BuildingSurface:Detailed, group_name=, field_name=number_of_vertices
[08:23:41.260748 WARN] [epJSONTranslator] Unknown value passed to schemaPropertyTypeDecode, returning generic 'NumberOrString' Option. Occurred for type_description= BuildingSurface:Detailed, group_name=, field_name=view_factor_to_ground
[08:23:41.260754 WARN] [epJSONTranslator] Unknown value passed to schemaPropertyTypeDecode, returning generic 'NumberOrString' Option. Occurred for type_description= BuildingSurface:Detailed, group_name=, field_name=number_of_vertices
[08:23:41.260779 WARN] [epJSONTranslator] Unknown value passed to schemaPropertyTypeDecode, returning generic 'NumberOrString' Option. Occurred for type_description= BuildingSurface:Detailed, group_name=, field_name=view_factor_to_ground
[08:23:41.260784 WARN] [epJSONTranslator] Unknown value passed to schemaPropertyTypeDecode, returning generic 'NumberOrString' Option. Occurred for type_description= BuildingSurface:Detailed, group_name=, field_name=number_of_vertices
[08:23:41.260792 ERROR] [epJSONTranslator] Unable to look up field name for input fieldvertex_x_coordinate
[08:23:41.260799 ERROR] [epJSONTranslator] Unable to look up field name for input fieldvertex_y_coordinate
[08:23:41.260805 ERROR] [epJSONTranslator] Unable to look up field name for input fieldvertex_z_coordinate
[08:23:41.260811 ERROR] [epJSONTranslator] Unable to look up field name for input fieldvertex_x_coordinate
[08:23:41.260817 ERROR] [epJSONTranslator] Unable to look up field name for input fieldvertex_y_coordinate
[08:23:41.260823 ERROR] [epJSONTranslator] Unable to look up field name for input fieldvertex_z_coordinate
[08:23:41.260829 ERROR] [epJSONTranslator] Unable to look up field name for input fieldvertex_x_coordinate
[08:23:41.260835 ERROR] [epJSONTranslator] Unable to look up field name for input fieldvertex_y_coordinate
[08:23:41.260841 ERROR] [epJSONTranslator] Unable to look up field name for input fieldvertex_z_coordinate
[08:23:41.260847 ERROR] [epJSONTranslator] Unable to look up field name for input fieldvertex_x_coordinate
[08:23:41.260854 ERROR] [epJSONTranslator] Unable to look up field name for input fieldvertex_y_coordinate
[08:23:41.260860 ERROR] [epJSONTranslator] Unable to look up field name for input fieldvertex_z_coordinate
[08:23:41.260869 WARN] [epJSONTranslator] Unknown value passed to schemaPropertyTypeDecode, returning generic 'NumberOrString' Option. Occurred for type_description= FenestrationSurface:Detailed, group_name=, field_name=view_factor_to_ground
[08:23:41.260875 WARN] [epJSONTranslator] Unknown value passed to schemaPropertyTypeDecode, returning generic 'NumberOrString' Option. Occurred for type_description= FenestrationSurface:Detailed, group_name=, field_name=number_of_vertices
[08:23:41.260899 WARN] [epJSONTranslator] Unknown value passed to schemaPropertyTypeDecode, returning generic 'NumberOrString' Option. Occurred for type_description= BuildingSurface:Detailed, group_name=, field_name=view_factor_to_ground
[08:23:41.260904 WARN] [epJSONTranslator] Unknown value passed to schemaPropertyTypeDecode, returning generic 'NumberOrString' Option. Occurred for type_description= BuildingSurface:Detailed, group_name=, field_name=number_of_vertices
[08:23:41.260928 WARN] [epJSONTranslator] Unknown value passed to schemaPropertyTypeDecode, returning generic 'NumberOrString' Option. Occurred for type_description= BuildingSurface:Detailed, group_name=, field_name=view_factor_to_ground
[08:23:41.260936 WARN] [epJSONTranslator] Unknown value passed to schemaPropertyTypeDecode, returning generic 'NumberOrString' Option. Occurred for type_description= BuildingSurface:Detailed, group_name=, field_name=number_of_vertices
[08:23:41.260942 ERROR] [epJSONTranslator] Unable to look up field name for input fieldvertex_x_coordinate
[08:23:41.260949 ERROR] [epJSONTranslator] Unable to look up field name for input fieldvertex_y_coordinate
[08:23:41.260955 ERROR] [epJSONTranslator] Unable to look up field name for input fieldvertex_z_coordinate
[08:23:41.260961 ERROR] [epJSONTranslator] Unable to look up field name for input fieldvertex_x_coordinate
[08:23:41.260967 ERROR] [epJSONTranslator] Unable to look up field name for input fieldvertex_y_coordinate
[08:23:41.260973 ERROR] [epJSONTranslator] Unable to look up field name for input fieldvertex_z_coordinate
[08:23:41.260979 ERROR] [epJSONTranslator] Unable to look up field name for input fieldvertex_x_coordinate
[08:23:41.260985 ERROR] [epJSONTranslator] Unable to look up field name for input fieldvertex_y_coordinate
[08:23:41.260991 ERROR] [epJSONTranslator] Unable to look up field name for input fieldvertex_z_coordinate
[08:23:41.260997 ERROR] [epJSONTranslator] Unable to look up field name for input fieldvertex_x_coordinate
[08:23:41.261003 ERROR] [epJSONTranslator] Unable to look up field name for input fieldvertex_y_coordinate
[08:23:41.261009 ERROR] [epJSONTranslator] Unable to look up field name for input fieldvertex_z_coordinate
[08:23:41.261017 WARN] [epJSONTranslator] Unknown value passed to schemaPropertyTypeDecode, returning generic 'NumberOrString' Option. Occurred for type_description= FenestrationSurface:Detailed, group_name=, field_name=view_factor_to_ground
[08:23:41.261023 WARN] [epJSONTranslator] Unknown value passed to schemaPropertyTypeDecode, returning generic 'NumberOrString' Option. Occurred for type_description= FenestrationSurface:Detailed, group_name=, field_name=number_of_vertices
[08:23:41.261040 WARN] [epJSONTranslator] Unknown value passed to schemaPropertyTypeDecode, returning generic 'NumberOrString' Option. Occurred for type_description= Schedule:Compact, group_name=data, field_name=field
[08:23:41.261049 ERROR] [utilities.idf.IdfObject] Could not convert 'Through: 12/31' to double
[08:23:41.261056 WARN] [epJSONTranslator] Unknown value passed to schemaPropertyTypeDecode, returning generic 'NumberOrString' Option. Occurred for type_description= Schedule:Compact, group_name=data, field_name=field
[08:23:41.261064 ERROR] [utilities.idf.IdfObject] Could not convert 'For: AllDays' to double
[08:23:41.261071 WARN] [epJSONTranslator] Unknown value passed to schemaPropertyTypeDecode, returning generic 'NumberOrString' Option. Occurred for type_description= Schedule:Compact, group_name=data, field_name=field
[08:23:41.261079 ERROR] [utilities.idf.IdfObject] Could not convert 'Until: 24:00' to double
[08:23:41.261085 WARN] [epJSONTranslator] Unknown value passed to schemaPropertyTypeDecode, returning generic 'NumberOrString' Option. Occurred for type_description= Schedule:Compact, group_name=data, field_name=field
[08:23:41.261115 WARN] [epJSONTranslator] Unknown value passed to schemaPropertyTypeDecode, returning generic 'NumberOrString' Option. Occurred for type_description= AirTerminal:SingleDuct:VAV:Reheat, group_name=, field_name=maximum_air_flow_rate
[08:23:41.261122 WARN] [epJSONTranslator] Unknown value passed to schemaPropertyTypeDecode, returning generic 'NumberOrString' Option. Occurred for type_description= AirTerminal:SingleDuct:VAV:Reheat, group_name=, field_name=constant_minimum_air_flow_fraction
[08:23:41.261128 WARN] [epJSONTranslator] Unknown value passed to schemaPropertyTypeDecode, returning generic 'NumberOrString' Option. Occurred for type_description= AirTerminal:SingleDuct:VAV:Reheat, group_name=, field_name=fixed_minimum_air_flow_rate
[08:23:41.261136 WARN] [epJSONTranslator] Unknown value passed to schemaPropertyTypeDecode, returning generic 'NumberOrString' Option. Occurred for type_description= AirTerminal:SingleDuct:VAV:Reheat, group_name=, field_name=maximum_hot_water_or_steam_flow_rate
[08:23:41.261148 WARN] [epJSONTranslator] Unknown value passed to schemaPropertyTypeDecode, returning generic 'NumberOrString' Option. Occurred for type_description= AirTerminal:SingleDuct:VAV:Reheat, group_name=, field_name=maximum_flow_per_zone_floor_area_during_reheat
[08:23:41.261154 WARN] [epJSONTranslator] Unknown value passed to schemaPropertyTypeDecode, returning generic 'NumberOrString' Option. Occurred for type_description= AirTerminal:SingleDuct:VAV:Reheat, group_name=, field_name=maximum_flow_fraction_during_reheat
[08:23:41.261162 WARN] [epJSONTranslator] Unknown value passed to schemaPropertyTypeDecode, returning generic 'NumberOrString' Option. Occurred for type_description= Coil:Heating:Water, group_name=, field_name=u_factor_times_area_value
[08:23:41.261168 WARN] [epJSONTranslator] Unknown value passed to schemaPropertyTypeDecode, returning generic 'NumberOrString' Option. Occurred for type_description= Coil:Heating:Water, group_name=, field_name=maximum_water_flow_rate
[08:23:41.261177 WARN] [epJSONTranslator] Unknown value passed to schemaPropertyTypeDecode, returning generic 'NumberOrString' Option. Occurred for type_description= Coil:Heating:Water, group_name=, field_name=rated_capacity
[08:23:41.261214 WARN] [epJSONTranslator] Unknown value passed to schemaPropertyTypeDecode, returning generic 'NumberOrString' Option. Occurred for type_description= Sizing:Zone, group_name=, field_name=dedicated_outdoor_air_low_setpoint_temperature_for_design
[08:23:41.261221 WARN] [epJSONTranslator] Unknown value passed to schemaPropertyTypeDecode, returning generic 'NumberOrString' Option. Occurred for type_description= Sizing:Zone, group_name=, field_name=dedicated_outdoor_air_high_setpoint_temperature_for_design
[08:23:41.261247 WARN] [epJSONTranslator] Unknown value passed to schemaPropertyTypeDecode, returning generic 'NumberOrString' Option. Occurred for type_description= Zone, group_name=, field_name=ceiling_height
[08:23:41.261255 WARN] [epJSONTranslator] Unknown value passed to schemaPropertyTypeDecode, returning generic 'NumberOrString' Option. Occurred for type_description= Zone, group_name=, field_name=volume
[08:23:41.261260 WARN] [epJSONTranslator] Unknown value passed to schemaPropertyTypeDecode, returning generic 'NumberOrString' Option. Occurred for type_description= Zone, group_name=, field_name=floor_area
[08:23:41.261268 WARN] [epJSONTranslator] Unknown value passed to schemaPropertyTypeDecode, returning generic 'NumberOrString' Option. Occurred for type_description= Space, group_name=, field_name=ceiling_height
[08:23:41.261274 WARN] [epJSONTranslator] Unknown value passed to schemaPropertyTypeDecode, returning generic 'NumberOrString' Option. Occurred for type_description= Space, group_name=, field_name=volume
[08:23:41.261279 WARN] [epJSONTranslator] Unknown value passed to schemaPropertyTypeDecode, returning generic 'NumberOrString' Option. Occurred for type_description= Space, group_name=, field_name=floor_area
[08:23:41.261299 WARN] [epJSONTranslator] Unknown value passed to schemaPropertyTypeDecode, returning generic 'NumberOrString' Option. Occurred for type_description= People, group_name=, field_name=sensible_heat_fraction
[08:23:41.261340 WARN] [epJSONTranslator] Unknown value passed to schemaPropertyTypeDecode, returning generic 'NumberOrString' Option. Occurred for type_description= BuildingSurface:Detailed, group_name=, field_name=view_factor_to_ground
[08:23:41.261347 WARN] [epJSONTranslator] Unknown value passed to schemaPropertyTypeDecode, returning generic 'NumberOrString' Option. Occurred for type_description= BuildingSurface:Detailed, group_name=, field_name=number_of_vertices
[08:23:41.261371 WARN] [epJSONTranslator] Unknown value passed to schemaPropertyTypeDecode, returning generic 'NumberOrString' Option. Occurred for type_description= BuildingSurface:Detailed, group_name=, field_name=view_factor_to_ground
[08:23:41.261381 WARN] [epJSONTranslator] Unknown value passed to schemaPropertyTypeDecode, returning generic 'NumberOrString' Option. Occurred for type_description= BuildingSurface:Detailed, group_name=, field_name=number_of_vertices
[08:23:41.261405 WARN] [epJSONTranslator] Unknown value passed to schemaPropertyTypeDecode, returning generic 'NumberOrString' Option. Occurred for type_description= BuildingSurface:Detailed, group_name=, field_name=view_factor_to_ground
[08:23:41.261410 WARN] [epJSONTranslator] Unknown value passed to schemaPropertyTypeDecode, returning generic 'NumberOrString' Option. Occurred for type_description= BuildingSurface:Detailed, group_name=, field_name=number_of_vertices
[08:23:41.261417 ERROR] [epJSONTranslator] Unable to look up field name for input fieldvertex_x_coordinate
[08:23:41.261423 ERROR] [epJSONTranslator] Unable to look up field name for input fieldvertex_y_coordinate
[08:23:41.261429 ERROR] [epJSONTranslator] Unable to look up field name for input fieldvertex_z_coordinate
[08:23:41.261435 ERROR] [epJSONTranslator] Unable to look up field name for input fieldvertex_x_coordinate
[08:23:41.261441 ERROR] [epJSONTranslator] Unable to look up field name for input fieldvertex_y_coordinate
[08:23:41.261447 ERROR] [epJSONTranslator] Unable to look up field name for input fieldvertex_z_coordinate
[08:23:41.261453 ERROR] [epJSONTranslator] Unable to look up field name for input fieldvertex_x_coordinate
[08:23:41.261459 ERROR] [epJSONTranslator] Unable to look up field name for input fieldvertex_y_coordinate
[08:23:41.261466 ERROR] [epJSONTranslator] Unable to look up field name for input fieldvertex_z_coordinate
[08:23:41.261472 ERROR] [epJSONTranslator] Unable to look up field name for input fieldvertex_x_coordinate
[08:23:41.261479 ERROR] [epJSONTranslator] Unable to look up field name for input fieldvertex_y_coordinate
[08:23:41.261486 ERROR] [epJSONTranslator] Unable to look up field name for input fieldvertex_z_coordinate
[08:23:41.261495 WARN] [epJSONTranslator] Unknown value passed to schemaPropertyTypeDecode, returning generic 'NumberOrString' Option. Occurred for type_description= FenestrationSurface:Detailed, group_name=, field_name=view_factor_to_ground
[08:23:41.261502 WARN] [epJSONTranslator] Unknown value passed to schemaPropertyTypeDecode, returning generic 'NumberOrString' Option. Occurred for type_description= FenestrationSurface:Detailed, group_name=, field_name=number_of_vertices
[08:23:41.261527 WARN] [epJSONTranslator] Unknown value passed to schemaPropertyTypeDecode, returning generic 'NumberOrString' Option. Occurred for type_description= BuildingSurface:Detailed, group_name=, field_name=view_factor_to_ground
[08:23:41.261533 WARN] [epJSONTranslator] Unknown value passed to schemaPropertyTypeDecode, returning generic 'NumberOrString' Option. Occurred for type_description= BuildingSurface:Detailed, group_name=, field_name=number_of_vertices
[08:23:41.261558 WARN] [epJSONTranslator] Unknown value passed to schemaPropertyTypeDecode, returning generic 'NumberOrString' Option. Occurred for type_description= BuildingSurface:Detailed, group_name=, field_name=view_factor_to_ground
[08:23:41.261565 WARN] [epJSONTranslator] Unknown value passed to schemaPropertyTypeDecode, returning generic 'NumberOrString' Option. Occurred for type_description= BuildingSurface:Detailed, group_name=, field_name=number_of_vertices
[08:23:41.261588 WARN] [epJSONTranslator] Unknown value passed to schemaPropertyTypeDecode, returning generic 'NumberOrString' Option. Occurred for type_description= BuildingSurface:Detailed, group_name=, field_name=view_factor_to_ground
[08:23:41.261595 WARN] [epJSONTranslator] Unknown value passed to schemaPropertyTypeDecode, returning generic 'NumberOrString' Option. Occurred for type_description= BuildingSurface:Detailed, group_name=, field_name=number_of_vertices
[08:23:41.261611 WARN] [epJSONTranslator] Unknown value passed to schemaPropertyTypeDecode, returning generic 'NumberOrString' Option. Occurred for type_description= Schedule:Compact, group_name=data, field_name=field
[08:23:41.261624 ERROR] [utilities.idf.IdfObject] Could not convert 'Through: 12/31' to double
[08:23:41.261631 WARN] [epJSONTranslator] Unknown value passed to schemaPropertyTypeDecode, returning generic 'NumberOrString' Option. Occurred for type_description= Schedule:Compact, group_name=data, field_name=field
[08:23:41.261639 ERROR] [utilities.idf.IdfObject] Could not convert 'For: AllDays' to double
[08:23:41.261645 WARN] [epJSONTranslator] Unknown value passed to schemaPropertyTypeDecode, returning generic 'NumberOrString' Option. Occurred for type_description= Schedule:Compact, group_name=data, field_name=field
[08:23:41.261653 ERROR] [utilities.idf.IdfObject] Could not convert 'Until: 24:00' to double
[08:23:41.261659 WARN] [epJSONTranslator] Unknown value passed to schemaPropertyTypeDecode, returning generic 'NumberOrString' Option. Occurred for type_description= Schedule:Compact, group_name=data, field_name=field
[08:23:41.261688 WARN] [epJSONTranslator] Unknown value passed to schemaPropertyTypeDecode, returning generic 'NumberOrString' Option. Occurred for type_description= AirTerminal:SingleDuct:VAV:Reheat, group_name=, field_name=maximum_air_flow_rate
[08:23:41.261695 WARN] [epJSONTranslator] Unknown value passed to schemaPropertyTypeDecode, returning generic 'NumberOrString' Option. Occurred for type_description= AirTerminal:SingleDuct:VAV:Reheat, group_name=, field_name=constant_minimum_air_flow_fraction
[08:23:41.261701 WARN] [epJSONTranslator] Unknown value passed to schemaPropertyTypeDecode, returning generic 'NumberOrString' Option. Occurred for type_description= AirTerminal:SingleDuct:VAV:Reheat, group_name=, field_name=fixed_minimum_air_flow_rate
[08:23:41.261708 WARN] [epJSONTranslator] Unknown value passed to schemaPropertyTypeDecode, returning generic 'NumberOrString' Option. Occurred for type_description= AirTerminal:SingleDuct:VAV:Reheat, group_name=, field_name=maximum_hot_water_or_steam_flow_rate
[08:23:41.261717 WARN] [epJSONTranslator] Unknown value passed to schemaPropertyTypeDecode, returning generic 'NumberOrString' Option. Occurred for type_description= AirTerminal:SingleDuct:VAV:Reheat, group_name=, field_name=maximum_flow_per_zone_floor_area_during_reheat
[08:23:41.261723 WARN] [epJSONTranslator] Unknown value passed to schemaPropertyTypeDecode, returning generic 'NumberOrString' Option. Occurred for type_description= AirTerminal:SingleDuct:VAV:Reheat, group_name=, field_name=maximum_flow_fraction_during_reheat
[08:23:41.261732 WARN] [epJSONTranslator] Unknown value passed to schemaPropertyTypeDecode, returning generic 'NumberOrString' Option. Occurred for type_description= Coil:Heating:Water, group_name=, field_name=u_factor_times_area_value
[08:23:41.261738 WARN] [epJSONTranslator] Unknown value passed to schemaPropertyTypeDecode, returning generic 'NumberOrString' Option. Occurred for type_description= Coil:Heating:Water, group_name=, field_name=maximum_water_flow_rate
[08:23:41.261749 WARN] [epJSONTranslator] Unknown value passed to schemaPropertyTypeDecode, returning generic 'NumberOrString' Option. Occurred for type_description= Coil:Heating:Water, group_name=, field_name=rated_capacity
[08:23:41.261787 WARN] [epJSONTranslator] Unknown value passed to schemaPropertyTypeDecode, returning generic 'NumberOrString' Option. Occurred for type_description= Sizing:Zone, group_name=, field_name=dedicated_outdoor_air_low_setpoint_temperature_for_design
[08:23:41.261794 WARN] [epJSONTranslator] Unknown value passed to schemaPropertyTypeDecode, returning generic 'NumberOrString' Option. Occurred for type_description= Sizing:Zone, group_name=, field_name=dedicated_outdoor_air_high_setpoint_temperature_for_design
[08:23:41.261817 WARN] [epJSONTranslator] Unknown value passed to schemaPropertyTypeDecode, returning generic 'NumberOrString' Option. Occurred for type_description= Zone, group_name=, field_name=ceiling_height
[08:23:41.261823 WARN] [epJSONTranslator] Unknown value passed to schemaPropertyTypeDecode, returning generic 'NumberOrString' Option. Occurred for type_description= Zone, group_name=, field_name=volume
[08:23:41.261828 WARN] [epJSONTranslator] Unknown value passed to schemaPropertyTypeDecode, returning generic 'NumberOrString' Option. Occurred for type_description= Zone, group_name=, field_name=floor_area
[08:23:41.261836 WARN] [epJSONTranslator] Unknown value passed to schemaPropertyTypeDecode, returning generic 'NumberOrString' Option. Occurred for type_description= Space, group_name=, field_name=ceiling_height
[08:23:41.261842 WARN] [epJSONTranslator] Unknown value passed to schemaPropertyTypeDecode, returning generic 'NumberOrString' Option. Occurred for type_description= Space, group_name=, field_name=volume
[08:23:41.261847 WARN] [epJSONTranslator] Unknown value passed to schemaPropertyTypeDecode, returning generic 'NumberOrString' Option. Occurred for type_description= Space, group_name=, field_name=floor_area
[08:23:41.261867 WARN] [epJSONTranslator] Unknown value passed to schemaPropertyTypeDecode, returning generic 'NumberOrString' Option. Occurred for type_description= People, group_name=, field_name=sensible_heat_fraction
[08:23:41.261908 WARN] [epJSONTranslator] Unknown value passed to schemaPropertyTypeDecode, returning generic 'NumberOrString' Option. Occurred for type_description= BuildingSurface:Detailed, group_name=, field_name=view_factor_to_ground
[08:23:41.261914 WARN] [epJSONTranslator] Unknown value passed to schemaPropertyTypeDecode, returning generic 'NumberOrString' Option. Occurred for type_description= BuildingSurface:Detailed, group_name=, field_name=number_of_vertices
[08:23:41.261938 WARN] [epJSONTranslator] Unknown value passed to schemaPropertyTypeDecode, returning generic 'NumberOrString' Option. Occurred for type_description= BuildingSurface:Detailed, group_name=, field_name=view_factor_to_ground
[08:23:41.261943 WARN] [epJSONTranslator] Unknown value passed to schemaPropertyTypeDecode, returning generic 'NumberOrString' Option. Occurred for type_description= BuildingSurface:Detailed, group_name=, field_name=number_of_vertices
[08:23:41.261967 WARN] [epJSONTranslator] Unknown value passed to schemaPropertyTypeDecode, returning generic 'NumberOrString' Option. Occurred for type_description= BuildingSurface:Detailed, group_name=, field_name=view_factor_to_ground
[08:23:41.261972 WARN] [epJSONTranslator] Unknown value passed to schemaPropertyTypeDecode, returning generic 'NumberOrString' Option. Occurred for type_description= BuildingSurface:Detailed, group_name=, field_name=number_of_vertices
[08:23:41.261995 WARN] [epJSONTranslator] Unknown value passed to schemaPropertyTypeDecode, returning generic 'NumberOrString' Option. Occurred for type_description= BuildingSurface:Detailed, group_name=, field_name=view_factor_to_ground
[08:23:41.262000 WARN] [epJSONTranslator] Unknown value passed to schemaPropertyTypeDecode, returning generic 'NumberOrString' Option. Occurred for type_description= BuildingSurface:Detailed, group_name=, field_name=number_of_vertices
[08:23:41.262007 ERROR] [epJSONTranslator] Unable to look up field name for input fieldvertex_x_coordinate
[08:23:41.262013 ERROR] [epJSONTranslator] Unable to look up field name for input fieldvertex_y_coordinate
[08:23:41.262019 ERROR] [epJSONTranslator] Unable to look up field name for input fieldvertex_z_coordinate
[08:23:41.262025 ERROR] [epJSONTranslator] Unable to look up field name for input fieldvertex_x_coordinate
[08:23:41.262031 ERROR] [epJSONTranslator] Unable to look up field name for input fieldvertex_y_coordinate
[08:23:41.262037 ERROR] [epJSONTranslator] Unable to look up field name for input fieldvertex_z_coordinate
[08:23:41.262042 ERROR] [epJSONTranslator] Unable to look up field name for input fieldvertex_x_coordinate
[08:23:41.262048 ERROR] [epJSONTranslator] Unable to look up field name for input fieldvertex_y_coordinate
[08:23:41.262054 ERROR] [epJSONTranslator] Unable to look up field name for input fieldvertex_z_coordinate
[08:23:41.262060 ERROR] [epJSONTranslator] Unable to look up field name for input fieldvertex_x_coordinate
[08:23:41.262065 ERROR] [epJSONTranslator] Unable to look up field name for input fieldvertex_y_coordinate
[08:23:41.262071 ERROR] [epJSONTranslator] Unable to look up field name for input fieldvertex_z_coordinate
[08:23:41.262080 WARN] [epJSONTranslator] Unknown value passed to schemaPropertyTypeDecode, returning generic 'NumberOrString' Option. Occurred for type_description= FenestrationSurface:Detailed, group_name=, field_name=view_factor_to_ground
[08:23:41.262085 WARN] [epJSONTranslator] Unknown value passed to schemaPropertyTypeDecode, returning generic 'NumberOrString' Option. Occurred for type_description= FenestrationSurface:Detailed, group_name=, field_name=number_of_vertices
[08:23:41.262109 WARN] [epJSONTranslator] Unknown value passed to schemaPropertyTypeDecode, returning generic 'NumberOrString' Option. Occurred for type_description= BuildingSurface:Detailed, group_name=, field_name=view_factor_to_ground
[08:23:41.262114 WARN] [epJSONTranslator] Unknown value passed to schemaPropertyTypeDecode, returning generic 'NumberOrString' Option. Occurred for type_description= BuildingSurface:Detailed, group_name=, field_name=number_of_vertices
[08:23:41.262120 ERROR] [epJSONTranslator] Unable to look up field name for input fieldvertex_x_coordinate
[08:23:41.262126 ERROR] [epJSONTranslator] Unable to look up field name for input fieldvertex_y_coordinate
[08:23:41.262132 ERROR] [epJSONTranslator] Unable to look up field name for input fieldvertex_z_coordinate
[08:23:41.262139 ERROR] [epJSONTranslator] Unable to look up field name for input fieldvertex_x_coordinate
[08:23:41.262145 ERROR] [epJSONTranslator] Unable to look up field name for input fieldvertex_y_coordinate
[08:23:41.262151 ERROR] [epJSONTranslator] Unable to look up field name for input fieldvertex_z_coordinate
[08:23:41.262157 ERROR] [epJSONTranslator] Unable to look up field name for input fieldvertex_x_coordinate
[08:23:41.262163 ERROR] [epJSONTranslator] Unable to look up field name for input fieldvertex_y_coordinate
[08:23:41.262168 ERROR] [epJSONTranslator] Unable to look up field name for input fieldvertex_z_coordinate
[08:23:41.262174 ERROR] [epJSONTranslator] Unable to look up field name for input fieldvertex_x_coordinate
[08:23:41.262180 ERROR] [epJSONTranslator] Unable to look up field name for input fieldvertex_y_coordinate
[08:23:41.262186 ERROR] [epJSONTranslator] Unable to look up field name for input fieldvertex_z_coordinate
[08:23:41.262194 WARN] [epJSONTranslator] Unknown value passed to schemaPropertyTypeDecode, returning generic 'NumberOrString' Option. Occurred for type_description= FenestrationSurface:Detailed, group_name=, field_name=view_factor_to_ground
[08:23:41.262200 WARN] [epJSONTranslator] Unknown value passed to schemaPropertyTypeDecode, returning generic 'NumberOrString' Option. Occurred for type_description= FenestrationSurface:Detailed, group_name=, field_name=number_of_vertices
[08:23:41.262225 WARN] [epJSONTranslator] Unknown value passed to schemaPropertyTypeDecode, returning generic 'NumberOrString' Option. Occurred for type_description= BuildingSurface:Detailed, group_name=, field_name=view_factor_to_ground
[08:23:41.262231 WARN] [epJSONTranslator] Unknown value passed to schemaPropertyTypeDecode, returning generic 'NumberOrString' Option. Occurred for type_description= BuildingSurface:Detailed, group_name=, field_name=number_of_vertices
[08:23:41.262237 ERROR] [epJSONTranslator] Unable to look up field name for input fieldvertex_x_coordinate
[08:23:41.262244 ERROR] [epJSONTranslator] Unable to look up field name for input fieldvertex_y_coordinate
[08:23:41.262250 ERROR] [epJSONTranslator] Unable to look up field name for input fieldvertex_z_coordinate
[08:23:41.262256 ERROR] [epJSONTranslator] Unable to look up field name for input fieldvertex_x_coordinate
[08:23:41.262262 ERROR] [epJSONTranslator] Unable to look up field name for input fieldvertex_y_coordinate
[08:23:41.262270 ERROR] [epJSONTranslator] Unable to look up field name for input fieldvertex_z_coordinate
[08:23:41.262276 ERROR] [epJSONTranslator] Unable to look up field name for input fieldvertex_x_coordinate
[08:23:41.262283 ERROR] [epJSONTranslator] Unable to look up field name for input fieldvertex_y_coordinate
[08:23:41.262289 ERROR] [epJSONTranslator] Unable to look up field name for input fieldvertex_z_coordinate
[08:23:41.262294 ERROR] [epJSONTranslator] Unable to look up field name for input fieldvertex_x_coordinate
[08:23:41.262300 ERROR] [epJSONTranslator] Unable to look up field name for input fieldvertex_y_coordinate
[08:23:41.262306 ERROR] [epJSONTranslator] Unable to look up field name for input fieldvertex_z_coordinate
[08:23:41.262315 WARN] [epJSONTranslator] Unknown value passed to schemaPropertyTypeDecode, returning generic 'NumberOrString' Option. Occurred for type_description= FenestrationSurface:Detailed, group_name=, field_name=view_factor_to_ground
[08:23:41.262321 WARN] [epJSONTranslator] Unknown value passed to schemaPropertyTypeDecode, returning generic 'NumberOrString' Option. Occurred for type_description= FenestrationSurface:Detailed, group_name=, field_name=number_of_vertices
[08:23:41.262338 WARN] [epJSONTranslator] Unknown value passed to schemaPropertyTypeDecode, returning generic 'NumberOrString' Option. Occurred for type_description= Schedule:Compact, group_name=data, field_name=field
[08:23:41.262347 ERROR] [utilities.idf.IdfObject] Could not convert 'Through: 12/31' to double
[08:23:41.262353 WARN] [epJSONTranslator] Unknown value passed to schemaPropertyTypeDecode, returning generic 'NumberOrString' Option. Occurred for type_description= Schedule:Compact, group_name=data, field_name=field
[08:23:41.262361 ERROR] [utilities.idf.IdfObject] Could not convert 'For: AllDays' to double
[08:23:41.262367 WARN] [epJSONTranslator] Unknown value passed to schemaPropertyTypeDecode, returning generic 'NumberOrString' Option. Occurred for type_description= Schedule:Compact, group_name=data, field_name=field
[08:23:41.262375 ERROR] [utilities.idf.IdfObject] Could not convert 'Until: 24:00' to double
[08:23:41.262381 WARN] [epJSONTranslator] Unknown value passed to schemaPropertyTypeDecode, returning generic 'NumberOrString' Option. Occurred for type_description= Schedule:Compact, group_name=data, field_name=field
[08:23:41.262410 WARN] [epJSONTranslator] Unknown value passed to schemaPropertyTypeDecode, returning generic 'NumberOrString' Option. Occurred for type_description= AirTerminal:SingleDuct:VAV:Reheat, group_name=, field_name=maximum_air_flow_rate
[08:23:41.262417 WARN] [epJSONTranslator] Unknown value passed to schemaPropertyTypeDecode, returning generic 'NumberOrString' Option. Occurred for type_description= AirTerminal:SingleDuct:VAV:Reheat, group_name=, field_name=constant_minimum_air_flow_fraction
[08:23:41.262423 WARN] [epJSONTranslator] Unknown value passed to schemaPropertyTypeDecode, returning generic 'NumberOrString' Option. Occurred for type_description= AirTerminal:SingleDuct:VAV:Reheat, group_name=, field_name=fixed_minimum_air_flow_rate
[08:23:41.262430 WARN] [epJSONTranslator] Unknown value passed to schemaPropertyTypeDecode, returning generic 'NumberOrString' Option. Occurred for type_description= AirTerminal:SingleDuct:VAV:Reheat, group_name=, field_name=maximum_hot_water_or_steam_flow_rate
[08:23:41.262439 WARN] [epJSONTranslator] Unknown value passed to schemaPropertyTypeDecode, returning generic 'NumberOrString' Option. Occurred for type_description= AirTerminal:SingleDuct:VAV:Reheat, group_name=, field_name=maximum_flow_per_zone_floor_area_during_reheat
[08:23:41.262446 WARN] [epJSONTranslator] Unknown value passed to schemaPropertyTypeDecode, returning generic 'NumberOrString' Option. Occurred for type_description= AirTerminal:SingleDuct:VAV:Reheat, group_name=, field_name=maximum_flow_fraction_during_reheat
[08:23:41.262455 WARN] [epJSONTranslator] Unknown value passed to schemaPropertyTypeDecode, returning generic 'NumberOrString' Option. Occurred for type_description= Coil:Heating:Water, group_name=, field_name=u_factor_times_area_value
[08:23:41.262461 WARN] [epJSONTranslator] Unknown value passed to schemaPropertyTypeDecode, returning generic 'NumberOrString' Option. Occurred for type_description= Coil:Heating:Water, group_name=, field_name=maximum_water_flow_rate
[08:23:41.262472 WARN] [epJSONTranslator] Unknown value passed to schemaPropertyTypeDecode, returning generic 'NumberOrString' Option. Occurred for type_description= Coil:Heating:Water, group_name=, field_name=rated_capacity
[08:23:41.262507 WARN] [epJSONTranslator] Unknown value passed to schemaPropertyTypeDecode, returning generic 'NumberOrString' Option. Occurred for type_description= Sizing:Zone, group_name=, field_name=dedicated_outdoor_air_low_setpoint_temperature_for_design
[08:23:41.262513 WARN] [epJSONTranslator] Unknown value passed to schemaPropertyTypeDecode, returning generic 'NumberOrString' Option. Occurred for type_description= Sizing:Zone, group_name=, field_name=dedicated_outdoor_air_high_setpoint_temperature_for_design
[08:23:41.262536 WARN] [epJSONTranslator] Unknown value passed to schemaPropertyTypeDecode, returning generic 'NumberOrString' Option. Occurred for type_description= Zone, group_name=, field_name=ceiling_height
[08:23:41.262541 WARN] [epJSONTranslator] Unknown value passed to schemaPropertyTypeDecode, returning generic 'NumberOrString' Option. Occurred for type_description= Zone, group_name=, field_name=volume
[08:23:41.262545 WARN] [epJSONTranslator] Unknown value passed to schemaPropertyTypeDecode, returning generic 'NumberOrString' Option. Occurred for type_description= Zone, group_name=, field_name=floor_area
[08:23:41.262553 WARN] [epJSONTranslator] Unknown value passed to schemaPropertyTypeDecode, returning generic 'NumberOrString' Option. Occurred for type_description= Space, group_name=, field_name=ceiling_height
[08:23:41.262558 WARN] [epJSONTranslator] Unknown value passed to schemaPropertyTypeDecode, returning generic 'NumberOrString' Option. Occurred for type_description= Space, group_name=, field_name=volume
[08:23:41.262562 WARN] [epJSONTranslator] Unknown value passed to schemaPropertyTypeDecode, returning generic 'NumberOrString' Option. Occurred for type_description= Space, group_name=, field_name=floor_area
[08:23:41.262582 WARN] [epJSONTranslator] Unknown value passed to schemaPropertyTypeDecode, returning generic 'NumberOrString' Option. Occurred for type_description= People, group_name=, field_name=sensible_heat_fraction
[08:23:41.262626 WARN] [epJSONTranslator] Unknown value passed to schemaPropertyTypeDecode, returning generic 'NumberOrString' Option. Occurred for type_description= BuildingSurface:Detailed, group_name=, field_name=view_factor_to_ground
[08:23:41.262633 WARN] [epJSONTranslator] Unknown value passed to schemaPropertyTypeDecode, returning generic 'NumberOrString' Option. Occurred for type_description= BuildingSurface:Detailed, group_name=, field_name=number_of_vertices
[08:23:41.262658 WARN] [epJSONTranslator] Unknown value passed to schemaPropertyTypeDecode, returning generic 'NumberOrString' Option. Occurred for type_description= BuildingSurface:Detailed, group_name=, field_name=view_factor_to_ground
[08:23:41.262665 WARN] [epJSONTranslator] Unknown value passed to schemaPropertyTypeDecode, returning generic 'NumberOrString' Option. Occurred for type_description= BuildingSurface:Detailed, group_name=, field_name=number_of_vertices
[08:23:41.262690 WARN] [epJSONTranslator] Unknown value passed to schemaPropertyTypeDecode, returning generic 'NumberOrString' Option. Occurred for type_description= BuildingSurface:Detailed, group_name=, field_name=view_factor_to_ground
[08:23:41.262696 WARN] [epJSONTranslator] Unknown value passed to schemaPropertyTypeDecode, returning generic 'NumberOrString' Option. Occurred for type_description= BuildingSurface:Detailed, group_name=, field_name=number_of_vertices
[08:23:41.262719 WARN] [epJSONTranslator] Unknown value passed to schemaPropertyTypeDecode, returning generic 'NumberOrString' Option. Occurred for type_description= BuildingSurface:Detailed, group_name=, field_name=view_factor_to_ground
[08:23:41.262725 WARN] [epJSONTranslator] Unknown value passed to schemaPropertyTypeDecode, returning generic 'NumberOrString' Option. Occurred for type_description= BuildingSurface:Detailed, group_name=, field_name=number_of_vertices
[08:23:41.262732 ERROR] [epJSONTranslator] Unable to look up field name for input fieldvertex_x_coordinate
[08:23:41.262739 ERROR] [epJSONTranslator] Unable to look up field name for input fieldvertex_y_coordinate
[08:23:41.262745 ERROR] [epJSONTranslator] Unable to look up field name for input fieldvertex_z_coordinate
[08:23:41.262751 ERROR] [epJSONTranslator] Unable to look up field name for input fieldvertex_x_coordinate
[08:23:41.262756 ERROR] [epJSONTranslator] Unable to look up field name for input fieldvertex_y_coordinate
[08:23:41.262762 ERROR] [epJSONTranslator] Unable to look up field name for input fieldvertex_z_coordinate
[08:23:41.262768 ERROR] [epJSONTranslator] Unable to look up field name for input fieldvertex_x_coordinate
[08:23:41.262774 ERROR] [epJSONTranslator] Unable to look up field name for input fieldvertex_y_coordinate
[08:23:41.262780 ERROR] [epJSONTranslator] Unable to look up field name for input fieldvertex_z_coordinate
[08:23:41.262785 ERROR] [epJSONTranslator] Unable to look up field name for input fieldvertex_x_coordinate
[08:23:41.262791 ERROR] [epJSONTranslator] Unable to look up field name for input fieldvertex_y_coordinate
[08:23:41.262797 ERROR] [epJSONTranslator] Unable to look up field name for input fieldvertex_z_coordinate
[08:23:41.262806 WARN] [epJSONTranslator] Unknown value passed to schemaPropertyTypeDecode, returning generic 'NumberOrString' Option. Occurred for type_description= FenestrationSurface:Detailed, group_name=, field_name=view_factor_to_ground
[08:23:41.262811 WARN] [epJSONTranslator] Unknown value passed to schemaPropertyTypeDecode, returning generic 'NumberOrString' Option. Occurred for type_description= FenestrationSurface:Detailed, group_name=, field_name=number_of_vertices
[08:23:41.262835 WARN] [epJSONTranslator] Unknown value passed to schemaPropertyTypeDecode, returning generic 'NumberOrString' Option. Occurred for type_description= BuildingSurface:Detailed, group_name=, field_name=view_factor_to_ground
[08:23:41.262841 WARN] [epJSONTranslator] Unknown value passed to schemaPropertyTypeDecode, returning generic 'NumberOrString' Option. Occurred for type_description= BuildingSurface:Detailed, group_name=, field_name=number_of_vertices
[08:23:41.262867 WARN] [epJSONTranslator] Unknown value passed to schemaPropertyTypeDecode, returning generic 'NumberOrString' Option. Occurred for type_description= BuildingSurface:Detailed, group_name=, field_name=view_factor_to_ground
[08:23:41.262874 WARN] [epJSONTranslator] Unknown value passed to schemaPropertyTypeDecode, returning generic 'NumberOrString' Option. Occurred for type_description= BuildingSurface:Detailed, group_name=, field_name=number_of_vertices
[08:23:41.262880 ERROR] [epJSONTranslator] Unable to look up field name for input fieldvertex_x_coordinate
[08:23:41.262887 ERROR] [epJSONTranslator] Unable to look up field name for input fieldvertex_y_coordinate
[08:23:41.262893 ERROR] [epJSONTranslator] Unable to look up field name for input fieldvertex_z_coordinate
[08:23:41.262900 ERROR] [epJSONTranslator] Unable to look up field name for input fieldvertex_x_coordinate
[08:23:41.262906 ERROR] [epJSONTranslator] Unable to look up field name for input fieldvertex_y_coordinate
[08:23:41.262912 ERROR] [epJSONTranslator] Unable to look up field name for input fieldvertex_z_coordinate
[08:23:41.262918 ERROR] [epJSONTranslator] Unable to look up field name for input fieldvertex_x_coordinate
[08:23:41.262924 ERROR] [epJSONTranslator] Unable to look up field name for input fieldvertex_y_coordinate
[08:23:41.262930 ERROR] [epJSONTranslator] Unable to look up field name for input fieldvertex_z_coordinate
[08:23:41.262937 ERROR] [epJSONTranslator] Unable to look up field name for input fieldvertex_x_coordinate
[08:23:41.262943 ERROR] [epJSONTranslator] Unable to look up field name for input fieldvertex_y_coordinate
[08:23:41.262949 ERROR] [epJSONTranslator] Unable to look up field name for input fieldvertex_z_coordinate
[08:23:41.262957 WARN] [epJSONTranslator] Unknown value passed to schemaPropertyTypeDecode, returning generic 'NumberOrString' Option. Occurred for type_description= FenestrationSurface:Detailed, group_name=, field_name=view_factor_to_ground
[08:23:41.262964 WARN] [epJSONTranslator] Unknown value passed to schemaPropertyTypeDecode, returning generic 'NumberOrString' Option. Occurred for type_description= FenestrationSurface:Detailed, group_name=, field_name=number_of_vertices
[08:23:41.262989 WARN] [epJSONTranslator] Unknown value passed to schemaPropertyTypeDecode, returning generic 'NumberOrString' Option. Occurred for type_description= Schedule:Compact, group_name=data, field_name=field
[08:23:41.262999 ERROR] [utilities.idf.IdfObject] Could not convert 'Through: 12/31' to double
[08:23:41.263005 WARN] [epJSONTranslator] Unknown value passed to schemaPropertyTypeDecode, returning generic 'NumberOrString' Option. Occurred for type_description= Schedule:Compact, group_name=data, field_name=field
[08:23:41.263014 ERROR] [utilities.idf.IdfObject] Could not convert 'For: AllDays' to double
[08:23:41.263019 WARN] [epJSONTranslator] Unknown value passed to schemaPropertyTypeDecode, returning generic 'NumberOrString' Option. Occurred for type_description= Schedule:Compact, group_name=data, field_name=field
[08:23:41.263027 ERROR] [utilities.idf.IdfObject] Could not convert 'Until: 24:00' to double
[08:23:41.263033 WARN] [epJSONTranslator] Unknown value passed to schemaPropertyTypeDecode, returning generic 'NumberOrString' Option. Occurred for type_description= Schedule:Compact, group_name=data, field_name=field
[08:23:41.263064 WARN] [epJSONTranslator] Unknown value passed to schemaPropertyTypeDecode, returning generic 'NumberOrString' Option. Occurred for type_description= AirTerminal:SingleDuct:VAV:Reheat, group_name=, field_name=maximum_air_flow_rate
[08:23:41.263070 WARN] [epJSONTranslator] Unknown value passed to schemaPropertyTypeDecode, returning generic 'NumberOrString' Option. Occurred for type_description= AirTerminal:SingleDuct:VAV:Reheat, group_name=, field_name=constant_minimum_air_flow_fraction
[08:23:41.263076 WARN] [epJSONTranslator] Unknown value passed to schemaPropertyTypeDecode, returning generic 'NumberOrString' Option. Occurred for type_description= AirTerminal:SingleDuct:VAV:Reheat, group_name=, field_name=fixed_minimum_air_flow_rate
[08:23:41.263083 WARN] [epJSONTranslator] Unknown value passed to schemaPropertyTypeDecode, returning generic 'NumberOrString' Option. Occurred for type_description= AirTerminal:SingleDuct:VAV:Reheat, group_name=, field_name=maximum_hot_water_or_steam_flow_rate
[08:23:41.263092 WARN] [epJSONTranslator] Unknown value passed to schemaPropertyTypeDecode, returning generic 'NumberOrString' Option. Occurred for type_description= AirTerminal:SingleDuct:VAV:Reheat, group_name=, field_name=maximum_flow_per_zone_floor_area_during_reheat
[08:23:41.263097 WARN] [epJSONTranslator] Unknown value passed to schemaPropertyTypeDecode, returning generic 'NumberOrString' Option. Occurred for type_description= AirTerminal:SingleDuct:VAV:Reheat, group_name=, field_name=maximum_flow_fraction_during_reheat
[08:23:41.263105 WARN] [epJSONTranslator] Unknown value passed to schemaPropertyTypeDecode, returning generic 'NumberOrString' Option. Occurred for type_description= Coil:Heating:Water, group_name=, field_name=u_factor_times_area_value
[08:23:41.263110 WARN] [epJSONTranslator] Unknown value passed to schemaPropertyTypeDecode, returning generic 'NumberOrString' Option. Occurred for type_description= Coil:Heating:Water, group_name=, field_name=maximum_water_flow_rate
[08:23:41.263119 WARN] [epJSONTranslator] Unknown value passed to schemaPropertyTypeDecode, returning generic 'NumberOrString' Option. Occurred for type_description= Coil:Heating:Water, group_name=, field_name=rated_capacity
[08:23:41.263224 WARN] [epJSONTranslator] Unknown value passed to schemaPropertyTypeDecode, returning generic 'NumberOrString' Option. Occurred for type_description= Sizing:Zone, group_name=, field_name=dedicated_outdoor_air_low_setpoint_temperature_for_design
[08:23:41.263232 WARN] [epJSONTranslator] Unknown value passed to schemaPropertyTypeDecode, returning generic 'NumberOrString' Option. Occurred for type_description= Sizing:Zone, group_name=, field_name=dedicated_outdoor_air_high_setpoint_temperature_for_design
[08:23:41.263254 WARN] [epJSONTranslator] Unknown value passed to schemaPropertyTypeDecode, returning generic 'NumberOrString' Option. Occurred for type_description= Zone, group_name=, field_name=ceiling_height
[08:23:41.263259 WARN] [epJSONTranslator] Unknown value passed to schemaPropertyTypeDecode, returning generic 'NumberOrString' Option. Occurred for type_description= Zone, group_name=, field_name=volume
[08:23:41.263264 WARN] [epJSONTranslator] Unknown value passed to schemaPropertyTypeDecode, returning generic 'NumberOrString' Option. Occurred for type_description= Zone, group_name=, field_name=floor_area
[08:23:41.263272 WARN] [epJSONTranslator] Unknown value passed to schemaPropertyTypeDecode, returning generic 'NumberOrString' Option. Occurred for type_description= Space, group_name=, field_name=ceiling_height
[08:23:41.263277 WARN] [epJSONTranslator] Unknown value passed to schemaPropertyTypeDecode, returning generic 'NumberOrString' Option. Occurred for type_description= Space, group_name=, field_name=volume
[08:23:41.263281 WARN] [epJSONTranslator] Unknown value passed to schemaPropertyTypeDecode, returning generic 'NumberOrString' Option. Occurred for type_description= Space, group_name=, field_name=floor_area
[08:23:41.263301 WARN] [epJSONTranslator] Unknown value passed to schemaPropertyTypeDecode, returning generic 'NumberOrString' Option. Occurred for type_description= People, group_name=, field_name=sensible_heat_fraction
[08:23:41.263345 WARN] [epJSONTranslator] Unknown value passed to schemaPropertyTypeDecode, returning generic 'NumberOrString' Option. Occurred for type_description= BuildingSurface:Detailed, group_name=, field_name=view_factor_to_ground
[08:23:41.263351 WARN] [epJSONTranslator] Unknown value passed to schemaPropertyTypeDecode, returning generic 'NumberOrString' Option. Occurred for type_description= BuildingSurface:Detailed, group_name=, field_name=number_of_vertices
[08:23:41.263375 WARN] [epJSONTranslator] Unknown value passed to schemaPropertyTypeDecode, returning generic 'NumberOrString' Option. Occurred for type_description= BuildingSurface:Detailed, group_name=, field_name=view_factor_to_ground
[08:23:41.263381 WARN] [epJSONTranslator] Unknown value passed to schemaPropertyTypeDecode, returning generic 'NumberOrString' Option. Occurred for type_description= BuildingSurface:Detailed, group_name=, field_name=number_of_vertices
[08:23:41.263406 WARN] [epJSONTranslator] Unknown value passed to schemaPropertyTypeDecode, returning generic 'NumberOrString' Option. Occurred for type_description= BuildingSurface:Detailed, group_name=, field_name=view_factor_to_ground
[08:23:41.263411 WARN] [epJSONTranslator] Unknown value passed to schemaPropertyTypeDecode, returning generic 'NumberOrString' Option. Occurred for type_description= BuildingSurface:Detailed, group_name=, field_name=number_of_vertices
[08:23:41.263435 WARN] [epJSONTranslator] Unknown value passed to schemaPropertyTypeDecode, returning generic 'NumberOrString' Option. Occurred for type_description= BuildingSurface:Detailed, group_name=, field_name=view_factor_to_ground
[08:23:41.263441 WARN] [epJSONTranslator] Unknown value passed to schemaPropertyTypeDecode, returning generic 'NumberOrString' Option. Occurred for type_description= BuildingSurface:Detailed, group_name=, field_name=number_of_vertices
[08:23:41.263447 ERROR] [epJSONTranslator] Unable to look up field name for input fieldvertex_x_coordinate
[08:23:41.263453 ERROR] [epJSONTranslator] Unable to look up field name for input fieldvertex_y_coordinate
[08:23:41.263459 ERROR] [epJSONTranslator] Unable to look up field name for input fieldvertex_z_coordinate
[08:23:41.263465 ERROR] [epJSONTranslator] Unable to look up field name for input fieldvertex_x_coordinate
[08:23:41.263471 ERROR] [epJSONTranslator] Unable to look up field name for input fieldvertex_y_coordinate
[08:23:41.263477 ERROR] [epJSONTranslator] Unable to look up field name for input fieldvertex_z_coordinate
[08:23:41.263484 ERROR] [epJSONTranslator] Unable to look up field name for input fieldvertex_x_coordinate
[08:23:41.263491 ERROR] [epJSONTranslator] Unable to look up field name for input fieldvertex_y_coordinate
[08:23:41.263498 ERROR] [epJSONTranslator] Unable to look up field name for input fieldvertex_z_coordinate
[08:23:41.263505 ERROR] [epJSONTranslator] Unable to look up field name for input fieldvertex_x_coordinate
[08:23:41.263512 ERROR] [epJSONTranslator] Unable to look up field name for input fieldvertex_y_coordinate
[08:23:41.263518 ERROR] [epJSONTranslator] Unable to look up field name for input fieldvertex_z_coordinate
[08:23:41.263526 WARN] [epJSONTranslator] Unknown value passed to schemaPropertyTypeDecode, returning generic 'NumberOrString' Option. Occurred for type_description= FenestrationSurface:Detailed, group_name=, field_name=view_factor_to_ground
[08:23:41.263533 WARN] [epJSONTranslator] Unknown value passed to schemaPropertyTypeDecode, returning generic 'NumberOrString' Option. Occurred for type_description= FenestrationSurface:Detailed, group_name=, field_name=number_of_vertices
[08:23:41.263557 WARN] [epJSONTranslator] Unknown value passed to schemaPropertyTypeDecode, returning generic 'NumberOrString' Option. Occurred for type_description= BuildingSurface:Detailed, group_name=, field_name=view_factor_to_ground
[08:23:41.263562 WARN] [epJSONTranslator] Unknown value passed to schemaPropertyTypeDecode, returning generic 'NumberOrString' Option. Occurred for type_description= BuildingSurface:Detailed, group_name=, field_name=number_of_vertices
[08:23:41.263585 WARN] [epJSONTranslator] Unknown value passed to schemaPropertyTypeDecode, returning generic 'NumberOrString' Option. Occurred for type_description= BuildingSurface:Detailed, group_name=, field_name=view_factor_to_ground
[08:23:41.263590 WARN] [epJSONTranslator] Unknown value passed to schemaPropertyTypeDecode, returning generic 'NumberOrString' Option. Occurred for type_description= BuildingSurface:Detailed, group_name=, field_name=number_of_vertices
[08:23:41.263597 ERROR] [epJSONTranslator] Unable to look up field name for input fieldvertex_x_coordinate
[08:23:41.263603 ERROR] [epJSONTranslator] Unable to look up field name for input fieldvertex_y_coordinate
[08:23:41.263609 ERROR] [epJSONTranslator] Unable to look up field name for input fieldvertex_z_coordinate
[08:23:41.263616 ERROR] [epJSONTranslator] Unable to look up field name for input fieldvertex_x_coordinate
[08:23:41.263624 ERROR] [epJSONTranslator] Unable to look up field name for input fieldvertex_y_coordinate
[08:23:41.263631 ERROR] [epJSONTranslator] Unable to look up field name for input fieldvertex_z_coordinate
[08:23:41.263637 ERROR] [epJSONTranslator] Unable to look up field name for input fieldvertex_x_coordinate
[08:23:41.263643 ERROR] [epJSONTranslator] Unable to look up field name for input fieldvertex_y_coordinate
[08:23:41.263650 ERROR] [epJSONTranslator] Unable to look up field name for input fieldvertex_z_coordinate
[08:23:41.263657 ERROR] [epJSONTranslator] Unable to look up field name for input fieldvertex_x_coordinate
[08:23:41.263664 ERROR] [epJSONTranslator] Unable to look up field name for input fieldvertex_y_coordinate
[08:23:41.263672 ERROR] [epJSONTranslator] Unable to look up field name for input fieldvertex_z_coordinate
[08:23:41.263683 WARN] [epJSONTranslator] Unknown value passed to schemaPropertyTypeDecode, returning generic 'NumberOrString' Option. Occurred for type_description= FenestrationSurface:Detailed, group_name=, field_name=view_factor_to_ground
[08:23:41.263689 WARN] [epJSONTranslator] Unknown value passed to schemaPropertyTypeDecode, returning generic 'NumberOrString' Option. Occurred for type_description= FenestrationSurface:Detailed, group_name=, field_name=number_of_vertices
[08:23:41.263713 WARN] [epJSONTranslator] Unknown value passed to schemaPropertyTypeDecode, returning generic 'NumberOrString' Option. Occurred for type_description= BuildingSurface:Detailed, group_name=, field_name=view_factor_to_ground
[08:23:41.263719 WARN] [epJSONTranslator] Unknown value passed to schemaPropertyTypeDecode, returning generic 'NumberOrString' Option. Occurred for type_description= BuildingSurface:Detailed, group_name=, field_name=number_of_vertices
[08:23:41.263743 WARN] [epJSONTranslator] Unknown value passed to schemaPropertyTypeDecode, returning generic 'NumberOrString' Option. Occurred for type_description= BuildingSurface:Detailed, group_name=, field_name=view_factor_to_ground
[08:23:41.263749 WARN] [epJSONTranslator] Unknown value passed to schemaPropertyTypeDecode, returning generic 'NumberOrString' Option. Occurred for type_description= BuildingSurface:Detailed, group_name=, field_name=number_of_vertices
[08:23:41.263765 WARN] [epJSONTranslator] Unknown value passed to schemaPropertyTypeDecode, returning generic 'NumberOrString' Option. Occurred for type_description= Schedule:Compact, group_name=data, field_name=field
[08:23:41.263775 ERROR] [utilities.idf.IdfObject] Could not convert 'Through: 12/31' to double
[08:23:41.263781 WARN] [epJSONTranslator] Unknown value passed to schemaPropertyTypeDecode, returning generic 'NumberOrString' Option. Occurred for type_description= Schedule:Compact, group_name=data, field_name=field
[08:23:41.263789 ERROR] [utilities.idf.IdfObject] Could not convert 'For: AllDays' to double
[08:23:41.263795 WARN] [epJSONTranslator] Unknown value passed to schemaPropertyTypeDecode, returning generic 'NumberOrString' Option. Occurred for type_description= Schedule:Compact, group_name=data, field_name=field
[08:23:41.263803 ERROR] [utilities.idf.IdfObject] Could not convert 'Until: 24:00' to double
[08:23:41.263809 WARN] [epJSONTranslator] Unknown value passed to schemaPropertyTypeDecode, returning generic 'NumberOrString' Option. Occurred for type_description= Schedule:Compact, group_name=data, field_name=field
[08:23:41.263839 WARN] [epJSONTranslator] Unknown value passed to schemaPropertyTypeDecode, returning generic 'NumberOrString' Option. Occurred for type_description= AirTerminal:SingleDuct:VAV:Reheat, group_name=, field_name=maximum_air_flow_rate
[08:23:41.263846 WARN] [epJSONTranslator] Unknown value passed to schemaPropertyTypeDecode, returning generic 'NumberOrString' Option. Occurred for type_description= AirTerminal:SingleDuct:VAV:Reheat, group_name=, field_name=constant_minimum_air_flow_fraction
[08:23:41.263852 WARN] [epJSONTranslator] Unknown value passed to schemaPropertyTypeDecode, returning generic 'NumberOrString' Option. Occurred for type_description= AirTerminal:SingleDuct:VAV:Reheat, group_name=, field_name=fixed_minimum_air_flow_rate
[08:23:41.263860 WARN] [epJSONTranslator] Unknown value passed to schemaPropertyTypeDecode, returning generic 'NumberOrString' Option. Occurred for type_description= AirTerminal:SingleDuct:VAV:Reheat, group_name=, field_name=maximum_hot_water_or_steam_flow_rate
[08:23:41.263868 WARN] [epJSONTranslator] Unknown value passed to schemaPropertyTypeDecode, returning generic 'NumberOrString' Option. Occurred for type_description= AirTerminal:SingleDuct:VAV:Reheat, group_name=, field_name=maximum_flow_per_zone_floor_area_during_reheat
[08:23:41.263875 WARN] [epJSONTranslator] Unknown value passed to schemaPropertyTypeDecode, returning generic 'NumberOrString' Option. Occurred for type_description= AirTerminal:SingleDuct:VAV:Reheat, group_name=, field_name=maximum_flow_fraction_during_reheat
[08:23:41.263884 WARN] [epJSONTranslator] Unknown value passed to schemaPropertyTypeDecode, returning generic 'NumberOrString' Option. Occurred for type_description= Coil:Heating:Water, group_name=, field_name=u_factor_times_area_value
[08:23:41.263891 WARN] [epJSONTranslator] Unknown value passed to schemaPropertyTypeDecode, returning generic 'NumberOrString' Option. Occurred for type_description= Coil:Heating:Water, group_name=, field_name=maximum_water_flow_rate
[08:23:41.263901 WARN] [epJSONTranslator] Unknown value passed to schemaPropertyTypeDecode, returning generic 'NumberOrString' Option. Occurred for type_description= Coil:Heating:Water, group_name=, field_name=rated_capacity
[08:23:41.263936 WARN] [epJSONTranslator] Unknown value passed to schemaPropertyTypeDecode, returning generic 'NumberOrString' Option. Occurred for type_description= Sizing:Zone, group_name=, field_name=dedicated_outdoor_air_low_setpoint_temperature_for_design
[08:23:41.263942 WARN] [epJSONTranslator] Unknown value passed to schemaPropertyTypeDecode, returning generic 'NumberOrString' Option. Occurred for type_description= Sizing:Zone, group_name=, field_name=dedicated_outdoor_air_high_setpoint_temperature_for_design
[08:23:41.263964 WARN] [epJSONTranslator] Unknown value passed to schemaPropertyTypeDecode, returning generic 'NumberOrString' Option. Occurred for type_description= Zone, group_name=, field_name=ceiling_height
[08:23:41.263971 WARN] [epJSONTranslator] Unknown value passed to schemaPropertyTypeDecode, returning generic 'NumberOrString' Option. Occurred for type_description= Zone, group_name=, field_name=volume
[08:23:41.263976 WARN] [epJSONTranslator] Unknown value passed to schemaPropertyTypeDecode, returning generic 'NumberOrString' Option. Occurred for type_description= Zone, group_name=, field_name=floor_area
[08:23:41.263983 WARN] [epJSONTranslator] Unknown value passed to schemaPropertyTypeDecode, returning generic 'NumberOrString' Option. Occurred for type_description= Space, group_name=, field_name=ceiling_height
[08:23:41.263989 WARN] [epJSONTranslator] Unknown value passed to schemaPropertyTypeDecode, returning generic 'NumberOrString' Option. Occurred for type_description= Space, group_name=, field_name=volume
[08:23:41.263994 WARN] [epJSONTranslator] Unknown value passed to schemaPropertyTypeDecode, returning generic 'NumberOrString' Option. Occurred for type_description= Space, group_name=, field_name=floor_area
[08:23:41.264017 WARN] [epJSONTranslator] Unknown value passed to schemaPropertyTypeDecode, returning generic 'NumberOrString' Option. Occurred for type_description= BuildingSurface:Detailed, group_name=, field_name=view_factor_to_ground
[08:23:41.264023 WARN] [epJSONTranslator] Unknown value passed to schemaPropertyTypeDecode, returning generic 'NumberOrString' Option. Occurred for type_description= BuildingSurface:Detailed, group_name=, field_name=number_of_vertices
[08:23:41.264047 WARN] [epJSONTranslator] Unknown value passed to schemaPropertyTypeDecode, returning generic 'NumberOrString' Option. Occurred for type_description= BuildingSurface:Detailed, group_name=, field_name=view_factor_to_ground
[08:23:41.264052 WARN] [epJSONTranslator] Unknown value passed to schemaPropertyTypeDecode, returning generic 'NumberOrString' Option. Occurred for type_description= BuildingSurface:Detailed, group_name=, field_name=number_of_vertices
[08:23:41.264076 WARN] [epJSONTranslator] Unknown value passed to schemaPropertyTypeDecode, returning generic 'NumberOrString' Option. Occurred for type_description= BuildingSurface:Detailed, group_name=, field_name=view_factor_to_ground
[08:23:41.264081 WARN] [epJSONTranslator] Unknown value passed to schemaPropertyTypeDecode, returning generic 'NumberOrString' Option. Occurred for type_description= BuildingSurface:Detailed, group_name=, field_name=number_of_vertices
[08:23:41.264088 ERROR] [epJSONTranslator] Unable to look up field name for input fieldvertex_x_coordinate
[08:23:41.264095 ERROR] [epJSONTranslator] Unable to look up field name for input fieldvertex_y_coordinate
[08:23:41.264101 ERROR] [epJSONTranslator] Unable to look up field name for input fieldvertex_z_coordinate
[08:23:41.264107 ERROR] [epJSONTranslator] Unable to look up field name for input fieldvertex_x_coordinate
[08:23:41.264113 ERROR] [epJSONTranslator] Unable to look up field name for input fieldvertex_y_coordinate
[08:23:41.264119 ERROR] [epJSONTranslator] Unable to look up field name for input fieldvertex_z_coordinate
[08:23:41.264125 ERROR] [epJSONTranslator] Unable to look up field name for input fieldvertex_x_coordinate
[08:23:41.264131 ERROR] [epJSONTranslator] Unable to look up field name for input fieldvertex_y_coordinate
[08:23:41.264137 ERROR] [epJSONTranslator] Unable to look up field name for input fieldvertex_z_coordinate
[08:23:41.264143 ERROR] [epJSONTranslator] Unable to look up field name for input fieldvertex_x_coordinate
[08:23:41.264149 ERROR] [epJSONTranslator] Unable to look up field name for input fieldvertex_y_coordinate
[08:23:41.264155 ERROR] [epJSONTranslator] Unable to look up field name for input fieldvertex_z_coordinate
[08:23:41.264164 WARN] [epJSONTranslator] Unknown value passed to schemaPropertyTypeDecode, returning generic 'NumberOrString' Option. Occurred for type_description= FenestrationSurface:Detailed, group_name=, field_name=view_factor_to_ground
[08:23:41.264169 WARN] [epJSONTranslator] Unknown value passed to schemaPropertyTypeDecode, returning generic 'NumberOrString' Option. Occurred for type_description= FenestrationSurface:Detailed, group_name=, field_name=number_of_vertices
[08:23:41.264196 WARN] [epJSONTranslator] Unknown value passed to schemaPropertyTypeDecode, returning generic 'NumberOrString' Option. Occurred for type_description= BuildingSurface:Detailed, group_name=, field_name=view_factor_to_ground
[08:23:41.264202 WARN] [epJSONTranslator] Unknown value passed to schemaPropertyTypeDecode, returning generic 'NumberOrString' Option. Occurred for type_description= BuildingSurface:Detailed, group_name=, field_name=number_of_vertices
[08:23:41.264208 ERROR] [epJSONTranslator] Unable to look up field name for input fieldvertex_x_coordinate
[08:23:41.264215 ERROR] [epJSONTranslator] Unable to look up field name for input fieldvertex_y_coordinate
[08:23:41.264221 ERROR] [epJSONTranslator] Unable to look up field name for input fieldvertex_z_coordinate
[08:23:41.264227 ERROR] [epJSONTranslator] Unable to look up field name for input fieldvertex_x_coordinate
[08:23:41.264232 ERROR] [epJSONTranslator] Unable to look up field name for input fieldvertex_y_coordinate
[08:23:41.264238 ERROR] [epJSONTranslator] Unable to look up field name for input fieldvertex_z_coordinate
[08:23:41.264244 ERROR] [epJSONTranslator] Unable to look up field name for input fieldvertex_x_coordinate
[08:23:41.264250 ERROR] [epJSONTranslator] Unable to look up field name for input fieldvertex_y_coordinate
[08:23:41.264256 ERROR] [epJSONTranslator] Unable to look up field name for input fieldvertex_z_coordinate
[08:23:41.264262 ERROR] [epJSONTranslator] Unable to look up field name for input fieldvertex_x_coordinate
[08:23:41.264268 ERROR] [epJSONTranslator] Unable to look up field name for input fieldvertex_y_coordinate
[08:23:41.264274 ERROR] [epJSONTranslator] Unable to look up field name for input fieldvertex_z_coordinate
[08:23:41.264282 WARN] [epJSONTranslator] Unknown value passed to schemaPropertyTypeDecode, returning generic 'NumberOrString' Option. Occurred for type_description= FenestrationSurface:Detailed, group_name=, field_name=view_factor_to_ground
[08:23:41.264288 WARN] [epJSONTranslator] Unknown value passed to schemaPropertyTypeDecode, returning generic 'NumberOrString' Option. Occurred for type_description= FenestrationSurface:Detailed, group_name=, field_name=number_of_vertices
[08:23:41.264312 WARN] [epJSONTranslator] Unknown value passed to schemaPropertyTypeDecode, returning generic 'NumberOrString' Option. Occurred for type_description= BuildingSurface:Detailed, group_name=, field_name=view_factor_to_ground
[08:23:41.264317 WARN] [epJSONTranslator] Unknown value passed to schemaPropertyTypeDecode, returning generic 'NumberOrString' Option. Occurred for type_description= BuildingSurface:Detailed, group_name=, field_name=number_of_vertices
[08:23:41.264342 WARN] [epJSONTranslator] Unknown value passed to schemaPropertyTypeDecode, returning generic 'NumberOrString' Option. Occurred for type_description= BuildingSurface:Detailed, group_name=, field_name=view_factor_to_ground
[08:23:41.264347 WARN] [epJSONTranslator] Unknown value passed to schemaPropertyTypeDecode, returning generic 'NumberOrString' Option. Occurred for type_description= BuildingSurface:Detailed, group_name=, field_name=number_of_vertices
[08:23:41.264354 ERROR] [epJSONTranslator] Unable to look up field name for input fieldvertex_x_coordinate
[08:23:41.264360 ERROR] [epJSONTranslator] Unable to look up field name for input fieldvertex_y_coordinate
[08:23:41.264366 ERROR] [epJSONTranslator] Unable to look up field name for input fieldvertex_z_coordinate
[08:23:41.264372 ERROR] [epJSONTranslator] Unable to look up field name for input fieldvertex_x_coordinate
[08:23:41.264378 ERROR] [epJSONTranslator] Unable to look up field name for input fieldvertex_y_coordinate
[08:23:41.264383 ERROR] [epJSONTranslator] Unable to look up field name for input fieldvertex_z_coordinate
[08:23:41.264389 ERROR] [epJSONTranslator] Unable to look up field name for input fieldvertex_x_coordinate
[08:23:41.264395 ERROR] [epJSONTranslator] Unable to look up field name for input fieldvertex_y_coordinate
[08:23:41.264401 ERROR] [epJSONTranslator] Unable to look up field name for input fieldvertex_z_coordinate
[08:23:41.264407 ERROR] [epJSONTranslator] Unable to look up field name for input fieldvertex_x_coordinate
[08:23:41.264413 ERROR] [epJSONTranslator] Unable to look up field name for input fieldvertex_y_coordinate
[08:23:41.264419 ERROR] [epJSONTranslator] Unable to look up field name for input fieldvertex_z_coordinate
[08:23:41.264427 WARN] [epJSONTranslator] Unknown value passed to schemaPropertyTypeDecode, returning generic 'NumberOrString' Option. Occurred for type_description= FenestrationSurface:Detailed, group_name=, field_name=view_factor_to_ground
[08:23:41.264434 WARN] [epJSONTranslator] Unknown value passed to schemaPropertyTypeDecode, returning generic 'NumberOrString' Option. Occurred for type_description= FenestrationSurface:Detailed, group_name=, field_name=number_of_vertices
[08:23:41.264450 WARN] [epJSONTranslator] Unknown value passed to schemaPropertyTypeDecode, returning generic 'NumberOrString' Option. Occurred for type_description= Schedule:Compact, group_name=data, field_name=field
[08:23:41.264460 ERROR] [utilities.idf.IdfObject] Could not convert 'Through: 12/31' to double
[08:23:41.264466 WARN] [epJSONTranslator] Unknown value passed to schemaPropertyTypeDecode, returning generic 'NumberOrString' Option. Occurred for type_description= Schedule:Compact, group_name=data, field_name=field
[08:23:41.264474 ERROR] [utilities.idf.IdfObject] Could not convert 'For: AllDays' to double
[08:23:41.264480 WARN] [epJSONTranslator] Unknown value passed to schemaPropertyTypeDecode, returning generic 'NumberOrString' Option. Occurred for type_description= Schedule:Compact, group_name=data, field_name=field
[08:23:41.264489 ERROR] [utilities.idf.IdfObject] Could not convert 'Until: 24:00' to double
[08:23:41.264496 WARN] [epJSONTranslator] Unknown value passed to schemaPropertyTypeDecode, returning generic 'NumberOrString' Option. Occurred for type_description= Schedule:Compact, group_name=data, field_name=field
[08:23:41.264526 WARN] [epJSONTranslator] Unknown value passed to schemaPropertyTypeDecode, returning generic 'NumberOrString' Option. Occurred for type_description= AirTerminal:SingleDuct:VAV:Reheat, group_name=, field_name=maximum_air_flow_rate
[08:23:41.264533 WARN] [epJSONTranslator] Unknown value passed to schemaPropertyTypeDecode, returning generic 'NumberOrString' Option. Occurred for type_description= AirTerminal:SingleDuct:VAV:Reheat, group_name=, field_name=constant_minimum_air_flow_fraction
[08:23:41.264539 WARN] [epJSONTranslator] Unknown value passed to schemaPropertyTypeDecode, returning generic 'NumberOrString' Option. Occurred for type_description= AirTerminal:SingleDuct:VAV:Reheat, group_name=, field_name=fixed_minimum_air_flow_rate
[08:23:41.264547 WARN] [epJSONTranslator] Unknown value passed to schemaPropertyTypeDecode, returning generic 'NumberOrString' Option. Occurred for type_description= AirTerminal:SingleDuct:VAV:Reheat, group_name=, field_name=maximum_hot_water_or_steam_flow_rate
[08:23:41.264557 WARN] [epJSONTranslator] Unknown value passed to schemaPropertyTypeDecode, returning generic 'NumberOrString' Option. Occurred for type_description= AirTerminal:SingleDuct:VAV:Reheat, group_name=, field_name=maximum_flow_per_zone_floor_area_during_reheat
[08:23:41.264562 WARN] [epJSONTranslator] Unknown value passed to schemaPropertyTypeDecode, returning generic 'NumberOrString' Option. Occurred for type_description= AirTerminal:SingleDuct:VAV:Reheat, group_name=, field_name=maximum_flow_fraction_during_reheat
[08:23:41.264572 WARN] [epJSONTranslator] Unknown value passed to schemaPropertyTypeDecode, returning generic 'NumberOrString' Option. Occurred for type_description= Coil:Heating:Water, group_name=, field_name=u_factor_times_area_value
[08:23:41.264577 WARN] [epJSONTranslator] Unknown value passed to schemaPropertyTypeDecode, returning generic 'NumberOrString' Option. Occurred for type_description= Coil:Heating:Water, group_name=, field_name=maximum_water_flow_rate
[08:23:41.264588 WARN] [epJSONTranslator] Unknown value passed to schemaPropertyTypeDecode, returning generic 'NumberOrString' Option. Occurred for type_description= Coil:Heating:Water, group_name=, field_name=rated_capacity
[08:23:41.264623 WARN] [epJSONTranslator] Unknown value passed to schemaPropertyTypeDecode, returning generic 'NumberOrString' Option. Occurred for type_description= Sizing:Zone, group_name=, field_name=dedicated_outdoor_air_low_setpoint_temperature_for_design
[08:23:41.264629 WARN] [epJSONTranslator] Unknown value passed to schemaPropertyTypeDecode, returning generic 'NumberOrString' Option. Occurred for type_description= Sizing:Zone, group_name=, field_name=dedicated_outdoor_air_high_setpoint_temperature_for_design
[08:23:41.264653 WARN] [epJSONTranslator] Unknown value passed to schemaPropertyTypeDecode, returning generic 'NumberOrString' Option. Occurred for type_description= Zone, group_name=, field_name=ceiling_height
[08:23:41.264658 WARN] [epJSONTranslator] Unknown value passed to schemaPropertyTypeDecode, returning generic 'NumberOrString' Option. Occurred for type_description= Zone, group_name=, field_name=volume
[08:23:41.264663 WARN] [epJSONTranslator] Unknown value passed to schemaPropertyTypeDecode, returning generic 'NumberOrString' Option. Occurred for type_description= Zone, group_name=, field_name=floor_area
[08:23:41.264671 WARN] [epJSONTranslator] Unknown value passed to schemaPropertyTypeDecode, returning generic 'NumberOrString' Option. Occurred for type_description= Space, group_name=, field_name=ceiling_height
[08:23:41.264676 WARN] [epJSONTranslator] Unknown value passed to schemaPropertyTypeDecode, returning generic 'NumberOrString' Option. Occurred for type_description= Space, group_name=, field_name=volume
[08:23:41.264680 WARN] [epJSONTranslator] Unknown value passed to schemaPropertyTypeDecode, returning generic 'NumberOrString' Option. Occurred for type_description= Space, group_name=, field_name=floor_area
[08:23:41.264700 WARN] [epJSONTranslator] Unknown value passed to schemaPropertyTypeDecode, returning generic 'NumberOrString' Option. Occurred for type_description= People, group_name=, field_name=sensible_heat_fraction
[08:23:41.264741 WARN] [epJSONTranslator] Unknown value passed to schemaPropertyTypeDecode, returning generic 'NumberOrString' Option. Occurred for type_description= BuildingSurface:Detailed, group_name=, field_name=view_factor_to_ground
[08:23:41.264746 WARN] [epJSONTranslator] Unknown value passed to schemaPropertyTypeDecode, returning generic 'NumberOrString' Option. Occurred for type_description= BuildingSurface:Detailed, group_name=, field_name=number_of_vertices
[08:23:41.264770 WARN] [epJSONTranslator] Unknown value passed to schemaPropertyTypeDecode, returning generic 'NumberOrString' Option. Occurred for type_description= BuildingSurface:Detailed, group_name=, field_name=view_factor_to_ground
[08:23:41.264775 WARN] [epJSONTranslator] Unknown value passed to schemaPropertyTypeDecode, returning generic 'NumberOrString' Option. Occurred for type_description= BuildingSurface:Detailed, group_name=, field_name=number_of_vertices
[08:23:41.264799 WARN] [epJSONTranslator] Unknown value passed to schemaPropertyTypeDecode, returning generic 'NumberOrString' Option. Occurred for type_description= BuildingSurface:Detailed, group_name=, field_name=view_factor_to_ground
[08:23:41.264804 WARN] [epJSONTranslator] Unknown value passed to schemaPropertyTypeDecode, returning generic 'NumberOrString' Option. Occurred for type_description= BuildingSurface:Detailed, group_name=, field_name=number_of_vertices
[08:23:41.264828 WARN] [epJSONTranslator] Unknown value passed to schemaPropertyTypeDecode, returning generic 'NumberOrString' Option. Occurred for type_description= BuildingSurface:Detailed, group_name=, field_name=view_factor_to_ground
[08:23:41.264834 WARN] [epJSONTranslator] Unknown value passed to schemaPropertyTypeDecode, returning generic 'NumberOrString' Option. Occurred for type_description= BuildingSurface:Detailed, group_name=, field_name=number_of_vertices
[08:23:41.264840 ERROR] [epJSONTranslator] Unable to look up field name for input fieldvertex_x_coordinate
[08:23:41.264846 ERROR] [epJSONTranslator] Unable to look up field name for input fieldvertex_y_coordinate
[08:23:41.264853 ERROR] [epJSONTranslator] Unable to look up field name for input fieldvertex_z_coordinate
[08:23:41.264859 ERROR] [epJSONTranslator] Unable to look up field name for input fieldvertex_x_coordinate
[08:23:41.264865 ERROR] [epJSONTranslator] Unable to look up field name for input fieldvertex_y_coordinate
[08:23:41.264871 ERROR] [epJSONTranslator] Unable to look up field name for input fieldvertex_z_coordinate
[08:23:41.264876 ERROR] [epJSONTranslator] Unable to look up field name for input fieldvertex_x_coordinate
[08:23:41.264882 ERROR] [epJSONTranslator] Unable to look up field name for input fieldvertex_y_coordinate
[08:23:41.264889 ERROR] [epJSONTranslator] Unable to look up field name for input fieldvertex_z_coordinate
[08:23:41.264894 ERROR] [epJSONTranslator] Unable to look up field name for input fieldvertex_x_coordinate
[08:23:41.264900 ERROR] [epJSONTranslator] Unable to look up field name for input fieldvertex_y_coordinate
[08:23:41.264906 ERROR] [epJSONTranslator] Unable to look up field name for input fieldvertex_z_coordinate
[08:23:41.264915 WARN] [epJSONTranslator] Unknown value passed to schemaPropertyTypeDecode, returning generic 'NumberOrString' Option. Occurred for type_description= FenestrationSurface:Detailed, group_name=, field_name=view_factor_to_ground
[08:23:41.264920 WARN] [epJSONTranslator] Unknown value passed to schemaPropertyTypeDecode, returning generic 'NumberOrString' Option. Occurred for type_description= FenestrationSurface:Detailed, group_name=, field_name=number_of_vertices
[08:23:41.264944 WARN] [epJSONTranslator] Unknown value passed to schemaPropertyTypeDecode, returning generic 'NumberOrString' Option. Occurred for type_description= BuildingSurface:Detailed, group_name=, field_name=view_factor_to_ground
[08:23:41.264949 WARN] [epJSONTranslator] Unknown value passed to schemaPropertyTypeDecode, returning generic 'NumberOrString' Option. Occurred for type_description= BuildingSurface:Detailed, group_name=, field_name=number_of_vertices
[08:23:41.264974 WARN] [epJSONTranslator] Unknown value passed to schemaPropertyTypeDecode, returning generic 'NumberOrString' Option. Occurred for type_description= BuildingSurface:Detailed, group_name=, field_name=view_factor_to_ground
[08:23:41.264981 WARN] [epJSONTranslator] Unknown value passed to schemaPropertyTypeDecode, returning generic 'NumberOrString' Option. Occurred for type_description= BuildingSurface:Detailed, group_name=, field_name=number_of_vertices
[08:23:41.264988 ERROR] [epJSONTranslator] Unable to look up field name for input fieldvertex_x_coordinate
[08:23:41.264995 ERROR] [epJSONTranslator] Unable to look up field name for input fieldvertex_y_coordinate
[08:23:41.265001 ERROR] [epJSONTranslator] Unable to look up field name for input fieldvertex_z_coordinate
[08:23:41.265008 ERROR] [epJSONTranslator] Unable to look up field name for input fieldvertex_x_coordinate
[08:23:41.265016 ERROR] [epJSONTranslator] Unable to look up field name for input fieldvertex_y_coordinate
[08:23:41.265023 ERROR] [epJSONTranslator] Unable to look up field name for input fieldvertex_z_coordinate
[08:23:41.265030 ERROR] [epJSONTranslator] Unable to look up field name for input fieldvertex_x_coordinate
[08:23:41.265037 ERROR] [epJSONTranslator] Unable to look up field name for input fieldvertex_y_coordinate
[08:23:41.265046 ERROR] [epJSONTranslator] Unable to look up field name for input fieldvertex_z_coordinate
[08:23:41.265053 ERROR] [epJSONTranslator] Unable to look up field name for input fieldvertex_x_coordinate
[08:23:41.265059 ERROR] [epJSONTranslator] Unable to look up field name for input fieldvertex_y_coordinate
[08:23:41.265065 ERROR] [epJSONTranslator] Unable to look up field name for input fieldvertex_z_coordinate
[08:23:41.265074 WARN] [epJSONTranslator] Unknown value passed to schemaPropertyTypeDecode, returning generic 'NumberOrString' Option. Occurred for type_description= FenestrationSurface:Detailed, group_name=, field_name=view_factor_to_ground
[08:23:41.265080 WARN] [epJSONTranslator] Unknown value passed to schemaPropertyTypeDecode, returning generic 'NumberOrString' Option. Occurred for type_description= FenestrationSurface:Detailed, group_name=, field_name=number_of_vertices
[08:23:41.265097 WARN] [epJSONTranslator] Unknown value passed to schemaPropertyTypeDecode, returning generic 'NumberOrString' Option. Occurred for type_description= Schedule:Compact, group_name=data, field_name=field
[08:23:41.265106 ERROR] [utilities.idf.IdfObject] Could not convert 'Through: 12/31' to double
[08:23:41.265112 WARN] [epJSONTranslator] Unknown value passed to schemaPropertyTypeDecode, returning generic 'NumberOrString' Option. Occurred for type_description= Schedule:Compact, group_name=data, field_name=field
[08:23:41.265120 ERROR] [utilities.idf.IdfObject] Could not convert 'For: AllDays' to double
[08:23:41.265126 WARN] [epJSONTranslator] Unknown value passed to schemaPropertyTypeDecode, returning generic 'NumberOrString' Option. Occurred for type_description= Schedule:Compact, group_name=data, field_name=field
[08:23:41.265134 ERROR] [utilities.idf.IdfObject] Could not convert 'Until: 24:00' to double
[08:23:41.265140 WARN] [epJSONTranslator] Unknown value passed to schemaPropertyTypeDecode, returning generic 'NumberOrString' Option. Occurred for type_description= Schedule:Compact, group_name=data, field_name=field
[08:23:41.265168 WARN] [epJSONTranslator] Unknown value passed to schemaPropertyTypeDecode, returning generic 'NumberOrString' Option. Occurred for type_description= AirTerminal:SingleDuct:VAV:Reheat, group_name=, field_name=maximum_air_flow_rate
[08:23:41.265174 WARN] [epJSONTranslator] Unknown value passed to schemaPropertyTypeDecode, returning generic 'NumberOrString' Option. Occurred for type_description= AirTerminal:SingleDuct:VAV:Reheat, group_name=, field_name=constant_minimum_air_flow_fraction
[08:23:41.265180 WARN] [epJSONTranslator] Unknown value passed to schemaPropertyTypeDecode, returning generic 'NumberOrString' Option. Occurred for type_description= AirTerminal:SingleDuct:VAV:Reheat, group_name=, field_name=fixed_minimum_air_flow_rate
[08:23:41.265187 WARN] [epJSONTranslator] Unknown value passed to schemaPropertyTypeDecode, returning generic 'NumberOrString' Option. Occurred for type_description= AirTerminal:SingleDuct:VAV:Reheat, group_name=, field_name=maximum_hot_water_or_steam_flow_rate
[08:23:41.265196 WARN] [epJSONTranslator] Unknown value passed to schemaPropertyTypeDecode, returning generic 'NumberOrString' Option. Occurred for type_description= AirTerminal:SingleDuct:VAV:Reheat, group_name=, field_name=maximum_flow_per_zone_floor_area_during_reheat
[08:23:41.265201 WARN] [epJSONTranslator] Unknown value passed to schemaPropertyTypeDecode, returning generic 'NumberOrString' Option. Occurred for type_description= AirTerminal:SingleDuct:VAV:Reheat, group_name=, field_name=maximum_flow_fraction_during_reheat
[08:23:41.265213 WARN] [epJSONTranslator] Unknown value passed to schemaPropertyTypeDecode, returning generic 'NumberOrString' Option. Occurred for type_description= Coil:Heating:Water, group_name=, field_name=u_factor_times_area_value
[08:23:41.265218 WARN] [epJSONTranslator] Unknown value passed to schemaPropertyTypeDecode, returning generic 'NumberOrString' Option. Occurred for type_description= Coil:Heating:Water, group_name=, field_name=maximum_water_flow_rate
[08:23:41.265227 WARN] [epJSONTranslator] Unknown value passed to schemaPropertyTypeDecode, returning generic 'NumberOrString' Option. Occurred for type_description= Coil:Heating:Water, group_name=, field_name=rated_capacity
[08:23:41.265264 WARN] [epJSONTranslator] Unknown value passed to schemaPropertyTypeDecode, returning generic 'NumberOrString' Option. Occurred for type_description= Sizing:Zone, group_name=, field_name=dedicated_outdoor_air_low_setpoint_temperature_for_design
[08:23:41.265270 WARN] [epJSONTranslator] Unknown value passed to schemaPropertyTypeDecode, returning generic 'NumberOrString' Option. Occurred for type_description= Sizing:Zone, group_name=, field_name=dedicated_outdoor_air_high_setpoint_temperature_for_design
[08:23:41.265292 WARN] [epJSONTranslator] Unknown value passed to schemaPropertyTypeDecode, returning generic 'NumberOrString' Option. Occurred for type_description= Zone, group_name=, field_name=ceiling_height
[08:23:41.265297 WARN] [epJSONTranslator] Unknown value passed to schemaPropertyTypeDecode, returning generic 'NumberOrString' Option. Occurred for type_description= Zone, group_name=, field_name=volume
[08:23:41.265303 WARN] [epJSONTranslator] Unknown value passed to schemaPropertyTypeDecode, returning generic 'NumberOrString' Option. Occurred for type_description= Zone, group_name=, field_name=floor_area
[08:23:41.265311 WARN] [epJSONTranslator] Unknown value passed to schemaPropertyTypeDecode, returning generic 'NumberOrString' Option. Occurred for type_description= Space, group_name=, field_name=ceiling_height
[08:23:41.265315 WARN] [epJSONTranslator] Unknown value passed to schemaPropertyTypeDecode, returning generic 'NumberOrString' Option. Occurred for type_description= Space, group_name=, field_name=volume
[08:23:41.265320 WARN] [epJSONTranslator] Unknown value passed to schemaPropertyTypeDecode, returning generic 'NumberOrString' Option. Occurred for type_description= Space, group_name=, field_name=floor_area
[08:23:41.265339 WARN] [epJSONTranslator] Unknown value passed to schemaPropertyTypeDecode, returning generic 'NumberOrString' Option. Occurred for type_description= People, group_name=, field_name=sensible_heat_fraction
[08:23:41.265380 WARN] [epJSONTranslator] Unknown value passed to schemaPropertyTypeDecode, returning generic 'NumberOrString' Option. Occurred for type_description= BuildingSurface:Detailed, group_name=, field_name=view_factor_to_ground
[08:23:41.265385 WARN] [epJSONTranslator] Unknown value passed to schemaPropertyTypeDecode, returning generic 'NumberOrString' Option. Occurred for type_description= BuildingSurface:Detailed, group_name=, field_name=number_of_vertices
[08:23:41.265409 WARN] [epJSONTranslator] Unknown value passed to schemaPropertyTypeDecode, returning generic 'NumberOrString' Option. Occurred for type_description= BuildingSurface:Detailed, group_name=, field_name=view_factor_to_ground
[08:23:41.265414 WARN] [epJSONTranslator] Unknown value passed to schemaPropertyTypeDecode, returning generic 'NumberOrString' Option. Occurred for type_description= BuildingSurface:Detailed, group_name=, field_name=number_of_vertices
[08:23:41.265438 WARN] [epJSONTranslator] Unknown value passed to schemaPropertyTypeDecode, returning generic 'NumberOrString' Option. Occurred for type_description= BuildingSurface:Detailed, group_name=, field_name=view_factor_to_ground
[08:23:41.265443 WARN] [epJSONTranslator] Unknown value passed to schemaPropertyTypeDecode, returning generic 'NumberOrString' Option. Occurred for type_description= BuildingSurface:Detailed, group_name=, field_name=number_of_vertices
[08:23:41.265467 WARN] [epJSONTranslator] Unknown value passed to schemaPropertyTypeDecode, returning generic 'NumberOrString' Option. Occurred for type_description= BuildingSurface:Detailed, group_name=, field_name=view_factor_to_ground
[08:23:41.265472 WARN] [epJSONTranslator] Unknown value passed to schemaPropertyTypeDecode, returning generic 'NumberOrString' Option. Occurred for type_description= BuildingSurface:Detailed, group_name=, field_name=number_of_vertices
[08:23:41.265479 ERROR] [epJSONTranslator] Unable to look up field name for input fieldvertex_x_coordinate
[08:23:41.265485 ERROR] [epJSONTranslator] Unable to look up field name for input fieldvertex_y_coordinate
[08:23:41.265492 ERROR] [epJSONTranslator] Unable to look up field name for input fieldvertex_z_coordinate
[08:23:41.265498 ERROR] [epJSONTranslator] Unable to look up field name for input fieldvertex_x_coordinate
[08:23:41.265503 ERROR] [epJSONTranslator] Unable to look up field name for input fieldvertex_y_coordinate
[08:23:41.265509 ERROR] [epJSONTranslator] Unable to look up field name for input fieldvertex_z_coordinate
[08:23:41.265515 ERROR] [epJSONTranslator] Unable to look up field name for input fieldvertex_x_coordinate
[08:23:41.265521 ERROR] [epJSONTranslator] Unable to look up field name for input fieldvertex_y_coordinate
[08:23:41.265528 ERROR] [epJSONTranslator] Unable to look up field name for input fieldvertex_z_coordinate
[08:23:41.265535 ERROR] [epJSONTranslator] Unable to look up field name for input fieldvertex_x_coordinate
[08:23:41.265542 ERROR] [epJSONTranslator] Unable to look up field name for input fieldvertex_y_coordinate
[08:23:41.265549 ERROR] [epJSONTranslator] Unable to look up field name for input fieldvertex_z_coordinate
[08:23:41.265558 WARN] [epJSONTranslator] Unknown value passed to schemaPropertyTypeDecode, returning generic 'NumberOrString' Option. Occurred for type_description= FenestrationSurface:Detailed, group_name=, field_name=view_factor_to_ground
[08:23:41.265565 WARN] [epJSONTranslator] Unknown value passed to schemaPropertyTypeDecode, returning generic 'NumberOrString' Option. Occurred for type_description= FenestrationSurface:Detailed, group_name=, field_name=number_of_vertices
[08:23:41.265589 WARN] [epJSONTranslator] Unknown value passed to schemaPropertyTypeDecode, returning generic 'NumberOrString' Option. Occurred for type_description= BuildingSurface:Detailed, group_name=, field_name=view_factor_to_ground
[08:23:41.265596 WARN] [epJSONTranslator] Unknown value passed to schemaPropertyTypeDecode, returning generic 'NumberOrString' Option. Occurred for type_description= BuildingSurface:Detailed, group_name=, field_name=number_of_vertices
[08:23:41.265620 WARN] [epJSONTranslator] Unknown value passed to schemaPropertyTypeDecode, returning generic 'NumberOrString' Option. Occurred for type_description= BuildingSurface:Detailed, group_name=, field_name=view_factor_to_ground
[08:23:41.265626 WARN] [epJSONTranslator] Unknown value passed to schemaPropertyTypeDecode, returning generic 'NumberOrString' Option. Occurred for type_description= BuildingSurface:Detailed, group_name=, field_name=number_of_vertices
[08:23:41.265633 ERROR] [epJSONTranslator] Unable to look up field name for input fieldvertex_x_coordinate
[08:23:41.265641 ERROR] [epJSONTranslator] Unable to look up field name for input fieldvertex_y_coordinate
[08:23:41.265647 ERROR] [epJSONTranslator] Unable to look up field name for input fieldvertex_z_coordinate
[08:23:41.265654 ERROR] [epJSONTranslator] Unable to look up field name for input fieldvertex_x_coordinate
[08:23:41.265662 ERROR] [epJSONTranslator] Unable to look up field name for input fieldvertex_y_coordinate
[08:23:41.265667 ERROR] [epJSONTranslator] Unable to look up field name for input fieldvertex_z_coordinate
[08:23:41.265673 ERROR] [epJSONTranslator] Unable to look up field name for input fieldvertex_x_coordinate
[08:23:41.265679 ERROR] [epJSONTranslator] Unable to look up field name for input fieldvertex_y_coordinate
[08:23:41.265685 ERROR] [epJSONTranslator] Unable to look up field name for input fieldvertex_z_coordinate
[08:23:41.265690 ERROR] [epJSONTranslator] Unable to look up field name for input fieldvertex_x_coordinate
[08:23:41.265696 ERROR] [epJSONTranslator] Unable to look up field name for input fieldvertex_y_coordinate
[08:23:41.265703 ERROR] [epJSONTranslator] Unable to look up field name for input fieldvertex_z_coordinate
[08:23:41.265712 WARN] [epJSONTranslator] Unknown value passed to schemaPropertyTypeDecode, returning generic 'NumberOrString' Option. Occurred for type_description= FenestrationSurface:Detailed, group_name=, field_name=view_factor_to_ground
[08:23:41.265718 WARN] [epJSONTranslator] Unknown value passed to schemaPropertyTypeDecode, returning generic 'NumberOrString' Option. Occurred for type_description= FenestrationSurface:Detailed, group_name=, field_name=number_of_vertices
[08:23:41.265734 WARN] [epJSONTranslator] Unknown value passed to schemaPropertyTypeDecode, returning generic 'NumberOrString' Option. Occurred for type_description= Schedule:Compact, group_name=data, field_name=field
[08:23:41.265743 ERROR] [utilities.idf.IdfObject] Could not convert 'Through: 12/31' to double
[08:23:41.265749 WARN] [epJSONTranslator] Unknown value passed to schemaPropertyTypeDecode, returning generic 'NumberOrString' Option. Occurred for type_description= Schedule:Compact, group_name=data, field_name=field
[08:23:41.265757 ERROR] [utilities.idf.IdfObject] Could not convert 'For: AllDays' to double
[08:23:41.265763 WARN] [epJSONTranslator] Unknown value passed to schemaPropertyTypeDecode, returning generic 'NumberOrString' Option. Occurred for type_description= Schedule:Compact, group_name=data, field_name=field
[08:23:41.265771 ERROR] [utilities.idf.IdfObject] Could not convert 'Until: 24:00' to double
[08:23:41.265777 WARN] [epJSONTranslator] Unknown value passed to schemaPropertyTypeDecode, returning generic 'NumberOrString' Option. Occurred for type_description= Schedule:Compact, group_name=data, field_name=field
[08:23:41.265808 WARN] [epJSONTranslator] Unknown value passed to schemaPropertyTypeDecode, returning generic 'NumberOrString' Option. Occurred for type_description= AirTerminal:SingleDuct:VAV:Reheat, group_name=, field_name=maximum_air_flow_rate
[08:23:41.265814 WARN] [epJSONTranslator] Unknown value passed to schemaPropertyTypeDecode, returning generic 'NumberOrString' Option. Occurred for type_description= AirTerminal:SingleDuct:VAV:Reheat, group_name=, field_name=constant_minimum_air_flow_fraction
[08:23:41.265820 WARN] [epJSONTranslator] Unknown value passed to schemaPropertyTypeDecode, returning generic 'NumberOrString' Option. Occurred for type_description= AirTerminal:SingleDuct:VAV:Reheat, group_name=, field_name=fixed_minimum_air_flow_rate
[08:23:41.265827 WARN] [epJSONTranslator] Unknown value passed to schemaPropertyTypeDecode, returning generic 'NumberOrString' Option. Occurred for type_description= AirTerminal:SingleDuct:VAV:Reheat, group_name=, field_name=maximum_hot_water_or_steam_flow_rate
[08:23:41.265836 WARN] [epJSONTranslator] Unknown value passed to schemaPropertyTypeDecode, returning generic 'NumberOrString' Option. Occurred for type_description= AirTerminal:SingleDuct:VAV:Reheat, group_name=, field_name=maximum_flow_per_zone_floor_area_during_reheat
[08:23:41.265841 WARN] [epJSONTranslator] Unknown value passed to schemaPropertyTypeDecode, returning generic 'NumberOrString' Option. Occurred for type_description= AirTerminal:SingleDuct:VAV:Reheat, group_name=, field_name=maximum_flow_fraction_during_reheat
[08:23:41.265849 WARN] [epJSONTranslator] Unknown value passed to schemaPropertyTypeDecode, returning generic 'NumberOrString' Option. Occurred for type_description= Coil:Heating:Water, group_name=, field_name=u_factor_times_area_value
[08:23:41.265854 WARN] [epJSONTranslator] Unknown value passed to schemaPropertyTypeDecode, returning generic 'NumberOrString' Option. Occurred for type_description= Coil:Heating:Water, group_name=, field_name=maximum_water_flow_rate
[08:23:41.265864 WARN] [epJSONTranslator] Unknown value passed to schemaPropertyTypeDecode, returning generic 'NumberOrString' Option. Occurred for type_description= Coil:Heating:Water, group_name=, field_name=rated_capacity
[08:23:41.265900 WARN] [epJSONTranslator] Unknown value passed to schemaPropertyTypeDecode, returning generic 'NumberOrString' Option. Occurred for type_description= Sizing:Zone, group_name=, field_name=dedicated_outdoor_air_low_setpoint_temperature_for_design
[08:23:41.265906 WARN] [epJSONTranslator] Unknown value passed to schemaPropertyTypeDecode, returning generic 'NumberOrString' Option. Occurred for type_description= Sizing:Zone, group_name=, field_name=dedicated_outdoor_air_high_setpoint_temperature_for_design
[08:23:41.265928 WARN] [epJSONTranslator] Unknown value passed to schemaPropertyTypeDecode, returning generic 'NumberOrString' Option. Occurred for type_description= Zone, group_name=, field_name=ceiling_height
[08:23:41.265933 WARN] [epJSONTranslator] Unknown value passed to schemaPropertyTypeDecode, returning generic 'NumberOrString' Option. Occurred for type_description= Zone, group_name=, field_name=volume
[08:23:41.265938 WARN] [epJSONTranslator] Unknown value passed to schemaPropertyTypeDecode, returning generic 'NumberOrString' Option. Occurred for type_description= Zone, group_name=, field_name=floor_area
[08:23:41.265945 WARN] [epJSONTranslator] Unknown value passed to schemaPropertyTypeDecode, returning generic 'NumberOrString' Option. Occurred for type_description= Space, group_name=, field_name=ceiling_height
[08:23:41.265950 WARN] [epJSONTranslator] Unknown value passed to schemaPropertyTypeDecode, returning generic 'NumberOrString' Option. Occurred for type_description= Space, group_name=, field_name=volume
[08:23:41.265955 WARN] [epJSONTranslator] Unknown value passed to schemaPropertyTypeDecode, returning generic 'NumberOrString' Option. Occurred for type_description= Space, group_name=, field_name=floor_area
[08:23:41.265973 WARN] [epJSONTranslator] Unknown value passed to schemaPropertyTypeDecode, returning generic 'NumberOrString' Option. Occurred for type_description= People, group_name=, field_name=sensible_heat_fraction
[08:23:41.266013 WARN] [epJSONTranslator] Unknown value passed to schemaPropertyTypeDecode, returning generic 'NumberOrString' Option. Occurred for type_description= BuildingSurface:Detailed, group_name=, field_name=view_factor_to_ground
[08:23:41.266018 WARN] [epJSONTranslator] Unknown value passed to schemaPropertyTypeDecode, returning generic 'NumberOrString' Option. Occurred for type_description= BuildingSurface:Detailed, group_name=, field_name=number_of_vertices
[08:23:41.266043 WARN] [epJSONTranslator] Unknown value passed to schemaPropertyTypeDecode, returning generic 'NumberOrString' Option. Occurred for type_description= BuildingSurface:Detailed, group_name=, field_name=view_factor_to_ground
[08:23:41.266048 WARN] [epJSONTranslator] Unknown value passed to schemaPropertyTypeDecode, returning generic 'NumberOrString' Option. Occurred for type_description= BuildingSurface:Detailed, group_name=, field_name=number_of_vertices
[08:23:41.266074 WARN] [epJSONTranslator] Unknown value passed to schemaPropertyTypeDecode, returning generic 'NumberOrString' Option. Occurred for type_description= BuildingSurface:Detailed, group_name=, field_name=view_factor_to_ground
[08:23:41.266080 WARN] [epJSONTranslator] Unknown value passed to schemaPropertyTypeDecode, returning generic 'NumberOrString' Option. Occurred for type_description= BuildingSurface:Detailed, group_name=, field_name=number_of_vertices
[08:23:41.266105 WARN] [epJSONTranslator] Unknown value passed to schemaPropertyTypeDecode, returning generic 'NumberOrString' Option. Occurred for type_description= BuildingSurface:Detailed, group_name=, field_name=view_factor_to_ground
[08:23:41.266111 WARN] [epJSONTranslator] Unknown value passed to schemaPropertyTypeDecode, returning generic 'NumberOrString' Option. Occurred for type_description= BuildingSurface:Detailed, group_name=, field_name=number_of_vertices
[08:23:41.266118 ERROR] [epJSONTranslator] Unable to look up field name for input fieldvertex_x_coordinate
[08:23:41.266124 ERROR] [epJSONTranslator] Unable to look up field name for input fieldvertex_y_coordinate
[08:23:41.266130 ERROR] [epJSONTranslator] Unable to look up field name for input fieldvertex_z_coordinate
[08:23:41.266136 ERROR] [epJSONTranslator] Unable to look up field name for input fieldvertex_x_coordinate
[08:23:41.266143 ERROR] [epJSONTranslator] Unable to look up field name for input fieldvertex_y_coordinate
[08:23:41.266149 ERROR] [epJSONTranslator] Unable to look up field name for input fieldvertex_z_coordinate
[08:23:41.266155 ERROR] [epJSONTranslator] Unable to look up field name for input fieldvertex_x_coordinate
[08:23:41.266163 ERROR] [epJSONTranslator] Unable to look up field name for input fieldvertex_y_coordinate
[08:23:41.266169 ERROR] [epJSONTranslator] Unable to look up field name for input fieldvertex_z_coordinate
[08:23:41.266176 ERROR] [epJSONTranslator] Unable to look up field name for input fieldvertex_x_coordinate
[08:23:41.266182 ERROR] [epJSONTranslator] Unable to look up field name for input fieldvertex_y_coordinate
[08:23:41.266190 ERROR] [epJSONTranslator] Unable to look up field name for input fieldvertex_z_coordinate
[08:23:41.266200 WARN] [epJSONTranslator] Unknown value passed to schemaPropertyTypeDecode, returning generic 'NumberOrString' Option. Occurred for type_description= FenestrationSurface:Detailed, group_name=, field_name=view_factor_to_ground
[08:23:41.266207 WARN] [epJSONTranslator] Unknown value passed to schemaPropertyTypeDecode, returning generic 'NumberOrString' Option. Occurred for type_description= FenestrationSurface:Detailed, group_name=, field_name=number_of_vertices
[08:23:41.266231 WARN] [epJSONTranslator] Unknown value passed to schemaPropertyTypeDecode, returning generic 'NumberOrString' Option. Occurred for type_description= BuildingSurface:Detailed, group_name=, field_name=view_factor_to_ground
[08:23:41.266237 WARN] [epJSONTranslator] Unknown value passed to schemaPropertyTypeDecode, returning generic 'NumberOrString' Option. Occurred for type_description= BuildingSurface:Detailed, group_name=, field_name=number_of_vertices
[08:23:41.266244 ERROR] [epJSONTranslator] Unable to look up field name for input fieldvertex_x_coordinate
[08:23:41.266250 ERROR] [epJSONTranslator] Unable to look up field name for input fieldvertex_y_coordinate
[08:23:41.266257 ERROR] [epJSONTranslator] Unable to look up field name for input fieldvertex_z_coordinate
[08:23:41.266263 ERROR] [epJSONTranslator] Unable to look up field name for input fieldvertex_x_coordinate
[08:23:41.266268 ERROR] [epJSONTranslator] Unable to look up field name for input fieldvertex_y_coordinate
[08:23:41.266274 ERROR] [epJSONTranslator] Unable to look up field name for input fieldvertex_z_coordinate
[08:23:41.266280 ERROR] [epJSONTranslator] Unable to look up field name for input fieldvertex_x_coordinate
[08:23:41.266285 ERROR] [epJSONTranslator] Unable to look up field name for input fieldvertex_y_coordinate
[08:23:41.266291 ERROR] [epJSONTranslator] Unable to look up field name for input fieldvertex_z_coordinate
[08:23:41.266297 ERROR] [epJSONTranslator] Unable to look up field name for input fieldvertex_x_coordinate
[08:23:41.266302 ERROR] [epJSONTranslator] Unable to look up field name for input fieldvertex_y_coordinate
[08:23:41.266308 ERROR] [epJSONTranslator] Unable to look up field name for input fieldvertex_z_coordinate
[08:23:41.266316 WARN] [epJSONTranslator] Unknown value passed to schemaPropertyTypeDecode, returning generic 'NumberOrString' Option. Occurred for type_description= FenestrationSurface:Detailed, group_name=, field_name=view_factor_to_ground
[08:23:41.266323 WARN] [epJSONTranslator] Unknown value passed to schemaPropertyTypeDecode, returning generic 'NumberOrString' Option. Occurred for type_description= FenestrationSurface:Detailed, group_name=, field_name=number_of_vertices
[08:23:41.266347 WARN] [epJSONTranslator] Unknown value passed to schemaPropertyTypeDecode, returning generic 'NumberOrString' Option. Occurred for type_description= BuildingSurface:Detailed, group_name=, field_name=view_factor_to_ground
[08:23:41.266352 WARN] [epJSONTranslator] Unknown value passed to schemaPropertyTypeDecode, returning generic 'NumberOrString' Option. Occurred for type_description= BuildingSurface:Detailed, group_name=, field_name=number_of_vertices
[08:23:41.266359 ERROR] [epJSONTranslator] Unable to look up field name for input fieldvertex_x_coordinate
[08:23:41.266365 ERROR] [epJSONTranslator] Unable to look up field name for input fieldvertex_y_coordinate
[08:23:41.266371 ERROR] [epJSONTranslator] Unable to look up field name for input fieldvertex_z_coordinate
[08:23:41.266377 ERROR] [epJSONTranslator] Unable to look up field name for input fieldvertex_x_coordinate
[08:23:41.266382 ERROR] [epJSONTranslator] Unable to look up field name for input fieldvertex_y_coordinate
[08:23:41.266388 ERROR] [epJSONTranslator] Unable to look up field name for input fieldvertex_z_coordinate
[08:23:41.266393 ERROR] [epJSONTranslator] Unable to look up field name for input fieldvertex_x_coordinate
[08:23:41.266399 ERROR] [epJSONTranslator] Unable to look up field name for input fieldvertex_y_coordinate
[08:23:41.266405 ERROR] [epJSONTranslator] Unable to look up field name for input fieldvertex_z_coordinate
[08:23:41.266411 ERROR] [epJSONTranslator] Unable to look up field name for input fieldvertex_x_coordinate
[08:23:41.266416 ERROR] [epJSONTranslator] Unable to look up field name for input fieldvertex_y_coordinate
[08:23:41.266422 ERROR] [epJSONTranslator] Unable to look up field name for input fieldvertex_z_coordinate
[08:23:41.266431 WARN] [epJSONTranslator] Unknown value passed to schemaPropertyTypeDecode, returning generic 'NumberOrString' Option. Occurred for type_description= FenestrationSurface:Detailed, group_name=, field_name=view_factor_to_ground
[08:23:41.266436 WARN] [epJSONTranslator] Unknown value passed to schemaPropertyTypeDecode, returning generic 'NumberOrString' Option. Occurred for type_description= FenestrationSurface:Detailed, group_name=, field_name=number_of_vertices
[08:23:41.266454 WARN] [epJSONTranslator] Unknown value passed to schemaPropertyTypeDecode, returning generic 'NumberOrString' Option. Occurred for type_description= Schedule:Compact, group_name=data, field_name=field
[08:23:41.266463 ERROR] [utilities.idf.IdfObject] Could not convert 'Through: 12/31' to double
[08:23:41.266469 WARN] [epJSONTranslator] Unknown value passed to schemaPropertyTypeDecode, returning generic 'NumberOrString' Option. Occurred for type_description= Schedule:Compact, group_name=data, field_name=field
[08:23:41.266477 ERROR] [utilities.idf.IdfObject] Could not convert 'For: AllDays' to double
[08:23:41.266484 WARN] [epJSONTranslator] Unknown value passed to schemaPropertyTypeDecode, returning generic 'NumberOrString' Option. Occurred for type_description= Schedule:Compact, group_name=data, field_name=field
[08:23:41.266493 ERROR] [utilities.idf.IdfObject] Could not convert 'Until: 24:00' to double
[08:23:41.266499 WARN] [epJSONTranslator] Unknown value passed to schemaPropertyTypeDecode, returning generic 'NumberOrString' Option. Occurred for type_description= Schedule:Compact, group_name=data, field_name=field
[08:23:41.266528 WARN] [epJSONTranslator] Unknown value passed to schemaPropertyTypeDecode, returning generic 'NumberOrString' Option. Occurred for type_description= AirTerminal:SingleDuct:VAV:Reheat, group_name=, field_name=maximum_air_flow_rate
[08:23:41.266535 WARN] [epJSONTranslator] Unknown value passed to schemaPropertyTypeDecode, returning generic 'NumberOrString' Option. Occurred for type_description= AirTerminal:SingleDuct:VAV:Reheat, group_name=, field_name=constant_minimum_air_flow_fraction
[08:23:41.266540 WARN] [epJSONTranslator] Unknown value passed to schemaPropertyTypeDecode, returning generic 'NumberOrString' Option. Occurred for type_description= AirTerminal:SingleDuct:VAV:Reheat, group_name=, field_name=fixed_minimum_air_flow_rate
[08:23:41.266548 WARN] [epJSONTranslator] Unknown value passed to schemaPropertyTypeDecode, returning generic 'NumberOrString' Option. Occurred for type_description= AirTerminal:SingleDuct:VAV:Reheat, group_name=, field_name=maximum_hot_water_or_steam_flow_rate
[08:23:41.266556 WARN] [epJSONTranslator] Unknown value passed to schemaPropertyTypeDecode, returning generic 'NumberOrString' Option. Occurred for type_description= AirTerminal:SingleDuct:VAV:Reheat, group_name=, field_name=maximum_flow_per_zone_floor_area_during_reheat
[08:23:41.266562 WARN] [epJSONTranslator] Unknown value passed to schemaPropertyTypeDecode, returning generic 'NumberOrString' Option. Occurred for type_description= AirTerminal:SingleDuct:VAV:Reheat, group_name=, field_name=maximum_flow_fraction_during_reheat
[08:23:41.266569 WARN] [epJSONTranslator] Unknown value passed to schemaPropertyTypeDecode, returning generic 'NumberOrString' Option. Occurred for type_description= Coil:Heating:Water, group_name=, field_name=u_factor_times_area_value
[08:23:41.266575 WARN] [epJSONTranslator] Unknown value passed to schemaPropertyTypeDecode, returning generic 'NumberOrString' Option. Occurred for type_description= Coil:Heating:Water, group_name=, field_name=maximum_water_flow_rate
[08:23:41.266584 WARN] [epJSONTranslator] Unknown value passed to schemaPropertyTypeDecode, returning generic 'NumberOrString' Option. Occurred for type_description= Coil:Heating:Water, group_name=, field_name=rated_capacity
[08:23:41.266619 WARN] [epJSONTranslator] Unknown value passed to schemaPropertyTypeDecode, returning generic 'NumberOrString' Option. Occurred for type_description= Sizing:Zone, group_name=, field_name=dedicated_outdoor_air_low_setpoint_temperature_for_design
[08:23:41.266625 WARN] [epJSONTranslator] Unknown value passed to schemaPropertyTypeDecode, returning generic 'NumberOrString' Option. Occurred for type_description= Sizing:Zone, group_name=, field_name=dedicated_outdoor_air_high_setpoint_temperature_for_design
[08:23:41.266647 WARN] [epJSONTranslator] Unknown value passed to schemaPropertyTypeDecode, returning generic 'NumberOrString' Option. Occurred for type_description= Zone, group_name=, field_name=ceiling_height
[08:23:41.266652 WARN] [epJSONTranslator] Unknown value passed to schemaPropertyTypeDecode, returning generic 'NumberOrString' Option. Occurred for type_description= Zone, group_name=, field_name=volume
[08:23:41.266657 WARN] [epJSONTranslator] Unknown value passed to schemaPropertyTypeDecode, returning generic 'NumberOrString' Option. Occurred for type_description= Zone, group_name=, field_name=floor_area
[08:23:41.266664 WARN] [epJSONTranslator] Unknown value passed to schemaPropertyTypeDecode, returning generic 'NumberOrString' Option. Occurred for type_description= Space, group_name=, field_name=ceiling_height
[08:23:41.266669 WARN] [epJSONTranslator] Unknown value passed to schemaPropertyTypeDecode, returning generic 'NumberOrString' Option. Occurred for type_description= Space, group_name=, field_name=volume
[08:23:41.266675 WARN] [epJSONTranslator] Unknown value passed to schemaPropertyTypeDecode, returning generic 'NumberOrString' Option. Occurred for type_description= Space, group_name=, field_name=floor_area
[08:23:41.266694 WARN] [epJSONTranslator] Unknown value passed to schemaPropertyTypeDecode, returning generic 'NumberOrString' Option. Occurred for type_description= People, group_name=, field_name=sensible_heat_fraction
[08:23:41.266734 WARN] [epJSONTranslator] Unknown value passed to schemaPropertyTypeDecode, returning generic 'NumberOrString' Option. Occurred for type_description= BuildingSurface:Detailed, group_name=, field_name=view_factor_to_ground
[08:23:41.266740 WARN] [epJSONTranslator] Unknown value passed to schemaPropertyTypeDecode, returning generic 'NumberOrString' Option. Occurred for type_description= BuildingSurface:Detailed, group_name=, field_name=number_of_vertices
[08:23:41.266764 WARN] [epJSONTranslator] Unknown value passed to schemaPropertyTypeDecode, returning generic 'NumberOrString' Option. Occurred for type_description= BuildingSurface:Detailed, group_name=, field_name=view_factor_to_ground
[08:23:41.266770 WARN] [epJSONTranslator] Unknown value passed to schemaPropertyTypeDecode, returning generic 'NumberOrString' Option. Occurred for type_description= BuildingSurface:Detailed, group_name=, field_name=number_of_vertices
[08:23:41.266794 WARN] [epJSONTranslator] Unknown value passed to schemaPropertyTypeDecode, returning generic 'NumberOrString' Option. Occurred for type_description= BuildingSurface:Detailed, group_name=, field_name=view_factor_to_ground
[08:23:41.266800 WARN] [epJSONTranslator] Unknown value passed to schemaPropertyTypeDecode, returning generic 'NumberOrString' Option. Occurred for type_description= BuildingSurface:Detailed, group_name=, field_name=number_of_vertices
[08:23:41.266824 WARN] [epJSONTranslator] Unknown value passed to schemaPropertyTypeDecode, returning generic 'NumberOrString' Option. Occurred for type_description= BuildingSurface:Detailed, group_name=, field_name=view_factor_to_ground
[08:23:41.266831 WARN] [epJSONTranslator] Unknown value passed to schemaPropertyTypeDecode, returning generic 'NumberOrString' Option. Occurred for type_description= BuildingSurface:Detailed, group_name=, field_name=number_of_vertices
[08:23:41.266838 ERROR] [epJSONTranslator] Unable to look up field name for input fieldvertex_x_coordinate
[08:23:41.266844 ERROR] [epJSONTranslator] Unable to look up field name for input fieldvertex_y_coordinate
[08:23:41.266851 ERROR] [epJSONTranslator] Unable to look up field name for input fieldvertex_z_coordinate
[08:23:41.266859 ERROR] [epJSONTranslator] Unable to look up field name for input fieldvertex_x_coordinate
[08:23:41.266866 ERROR] [epJSONTranslator] Unable to look up field name for input fieldvertex_y_coordinate
[08:23:41.266872 ERROR] [epJSONTranslator] Unable to look up field name for input fieldvertex_z_coordinate
[08:23:41.266877 ERROR] [epJSONTranslator] Unable to look up field name for input fieldvertex_x_coordinate
[08:23:41.266883 ERROR] [epJSONTranslator] Unable to look up field name for input fieldvertex_y_coordinate
[08:23:41.266889 ERROR] [epJSONTranslator] Unable to look up field name for input fieldvertex_z_coordinate
[08:23:41.266895 ERROR] [epJSONTranslator] Unable to look up field name for input fieldvertex_x_coordinate
[08:23:41.266900 ERROR] [epJSONTranslator] Unable to look up field name for input fieldvertex_y_coordinate
[08:23:41.266906 ERROR] [epJSONTranslator] Unable to look up field name for input fieldvertex_z_coordinate
[08:23:41.266916 WARN] [epJSONTranslator] Unknown value passed to schemaPropertyTypeDecode, returning generic 'NumberOrString' Option. Occurred for type_description= FenestrationSurface:Detailed, group_name=, field_name=view_factor_to_ground
[08:23:41.266922 WARN] [epJSONTranslator] Unknown value passed to schemaPropertyTypeDecode, returning generic 'NumberOrString' Option. Occurred for type_description= FenestrationSurface:Detailed, group_name=, field_name=number_of_vertices
[08:23:41.266946 WARN] [epJSONTranslator] Unknown value passed to schemaPropertyTypeDecode, returning generic 'NumberOrString' Option. Occurred for type_description= BuildingSurface:Detailed, group_name=, field_name=view_factor_to_ground
[08:23:41.266951 WARN] [epJSONTranslator] Unknown value passed to schemaPropertyTypeDecode, returning generic 'NumberOrString' Option. Occurred for type_description= BuildingSurface:Detailed, group_name=, field_name=number_of_vertices
[08:23:41.266974 WARN] [epJSONTranslator] Unknown value passed to schemaPropertyTypeDecode, returning generic 'NumberOrString' Option. Occurred for type_description= BuildingSurface:Detailed, group_name=, field_name=view_factor_to_ground
[08:23:41.266979 WARN] [epJSONTranslator] Unknown value passed to schemaPropertyTypeDecode, returning generic 'NumberOrString' Option. Occurred for type_description= BuildingSurface:Detailed, group_name=, field_name=number_of_vertices
[08:23:41.266986 ERROR] [epJSONTranslator] Unable to look up field name for input fieldvertex_x_coordinate
[08:23:41.266993 ERROR] [epJSONTranslator] Unable to look up field name for input fieldvertex_y_coordinate
[08:23:41.267000 ERROR] [epJSONTranslator] Unable to look up field name for input fieldvertex_z_coordinate
[08:23:41.267005 ERROR] [epJSONTranslator] Unable to look up field name for input fieldvertex_x_coordinate
[08:23:41.267011 ERROR] [epJSONTranslator] Unable to look up field name for input fieldvertex_y_coordinate
[08:23:41.267017 ERROR] [epJSONTranslator] Unable to look up field name for input fieldvertex_z_coordinate
[08:23:41.267023 ERROR] [epJSONTranslator] Unable to look up field name for input fieldvertex_x_coordinate
[08:23:41.267029 ERROR] [epJSONTranslator] Unable to look up field name for input fieldvertex_y_coordinate
[08:23:41.267034 ERROR] [epJSONTranslator] Unable to look up field name for input fieldvertex_z_coordinate
[08:23:41.267040 ERROR] [epJSONTranslator] Unable to look up field name for input fieldvertex_x_coordinate
[08:23:41.267046 ERROR] [epJSONTranslator] Unable to look up field name for input fieldvertex_y_coordinate
[08:23:41.267052 ERROR] [epJSONTranslator] Unable to look up field name for input fieldvertex_z_coordinate
[08:23:41.267060 WARN] [epJSONTranslator] Unknown value passed to schemaPropertyTypeDecode, returning generic 'NumberOrString' Option. Occurred for type_description= FenestrationSurface:Detailed, group_name=, field_name=view_factor_to_ground
[08:23:41.267066 WARN] [epJSONTranslator] Unknown value passed to schemaPropertyTypeDecode, returning generic 'NumberOrString' Option. Occurred for type_description= FenestrationSurface:Detailed, group_name=, field_name=number_of_vertices
[08:23:41.267089 WARN] [epJSONTranslator] Unknown value passed to schemaPropertyTypeDecode, returning generic 'NumberOrString' Option. Occurred for type_description= Schedule:Compact, group_name=data, field_name=field
[08:23:41.267098 ERROR] [utilities.idf.IdfObject] Could not convert 'Through: 12/31' to double
[08:23:41.267104 WARN] [epJSONTranslator] Unknown value passed to schemaPropertyTypeDecode, returning generic 'NumberOrString' Option. Occurred for type_description= Schedule:Compact, group_name=data, field_name=field
[08:23:41.267112 ERROR] [utilities.idf.IdfObject] Could not convert 'For: AllDays' to double
[08:23:41.267118 WARN] [epJSONTranslator] Unknown value passed to schemaPropertyTypeDecode, returning generic 'NumberOrString' Option. Occurred for type_description= Schedule:Compact, group_name=data, field_name=field
[08:23:41.267126 ERROR] [utilities.idf.IdfObject] Could not convert 'Until: 24:00' to double
[08:23:41.267132 WARN] [epJSONTranslator] Unknown value passed to schemaPropertyTypeDecode, returning generic 'NumberOrString' Option. Occurred for type_description= Schedule:Compact, group_name=data, field_name=field
[08:23:41.267161 WARN] [epJSONTranslator] Unknown value passed to schemaPropertyTypeDecode, returning generic 'NumberOrString' Option. Occurred for type_description= AirTerminal:SingleDuct:VAV:Reheat, group_name=, field_name=maximum_air_flow_rate
[08:23:41.267169 WARN] [epJSONTranslator] Unknown value passed to schemaPropertyTypeDecode, returning generic 'NumberOrString' Option. Occurred for type_description= AirTerminal:SingleDuct:VAV:Reheat, group_name=, field_name=constant_minimum_air_flow_fraction
[08:23:41.267176 WARN] [epJSONTranslator] Unknown value passed to schemaPropertyTypeDecode, returning generic 'NumberOrString' Option. Occurred for type_description= AirTerminal:SingleDuct:VAV:Reheat, group_name=, field_name=fixed_minimum_air_flow_rate
[08:23:41.267183 WARN] [epJSONTranslator] Unknown value passed to schemaPropertyTypeDecode, returning generic 'NumberOrString' Option. Occurred for type_description= AirTerminal:SingleDuct:VAV:Reheat, group_name=, field_name=maximum_hot_water_or_steam_flow_rate
[08:23:41.267193 WARN] [epJSONTranslator] Unknown value passed to schemaPropertyTypeDecode, returning generic 'NumberOrString' Option. Occurred for type_description= AirTerminal:SingleDuct:VAV:Reheat, group_name=, field_name=maximum_flow_per_zone_floor_area_during_reheat
[08:23:41.267199 WARN] [epJSONTranslator] Unknown value passed to schemaPropertyTypeDecode, returning generic 'NumberOrString' Option. Occurred for type_description= AirTerminal:SingleDuct:VAV:Reheat, group_name=, field_name=maximum_flow_fraction_during_reheat
[08:23:41.267206 WARN] [epJSONTranslator] Unknown value passed to schemaPropertyTypeDecode, returning generic 'NumberOrString' Option. Occurred for type_description= Coil:Heating:Water, group_name=, field_name=u_factor_times_area_value
[08:23:41.267212 WARN] [epJSONTranslator] Unknown value passed to schemaPropertyTypeDecode, returning generic 'NumberOrString' Option. Occurred for type_description= Coil:Heating:Water, group_name=, field_name=maximum_water_flow_rate
[08:23:41.267221 WARN] [epJSONTranslator] Unknown value passed to schemaPropertyTypeDecode, returning generic 'NumberOrString' Option. Occurred for type_description= Coil:Heating:Water, group_name=, field_name=rated_capacity
[08:23:41.267270 WARN] [epJSONTranslator] Unknown value passed to schemaPropertyTypeDecode, returning generic 'NumberOrString' Option. Occurred for type_description= Sizing:Zone, group_name=, field_name=dedicated_outdoor_air_low_setpoint_temperature_for_design
[08:23:41.267276 WARN] [epJSONTranslator] Unknown value passed to schemaPropertyTypeDecode, returning generic 'NumberOrString' Option. Occurred for type_description= Sizing:Zone, group_name=, field_name=dedicated_outdoor_air_high_setpoint_temperature_for_design
[08:23:41.267506 ERROR] [epJSONTranslator] Unable to look up field name for input fieldlayer
[08:23:41.267513 ERROR] [epJSONTranslator] Unable to look up field name for input fieldlayer
[08:23:41.267522 ERROR] [epJSONTranslator] Unable to look up field name for input fieldlayer
[08:23:41.267528 ERROR] [epJSONTranslator] Unable to look up field name for input fieldlayer
[08:23:41.267534 ERROR] [epJSONTranslator] Unable to look up field name for input fieldlayer
[08:23:41.267540 ERROR] [epJSONTranslator] Unable to look up field name for input fieldlayer
[08:23:41.267546 ERROR] [epJSONTranslator] Unable to look up field name for input fieldlayer
[08:23:41.267552 ERROR] [epJSONTranslator] Unable to look up field name for input fieldlayer
[08:23:41.267557 ERROR] [epJSONTranslator] Unable to look up field name for input fieldlayer
[08:23:41.267564 ERROR] [epJSONTranslator] Unable to look up field name for input fieldlayer
[08:23:41.267570 ERROR] [epJSONTranslator] Unable to look up field name for input fieldlayer
[08:23:41.267575 ERROR] [epJSONTranslator] Unable to look up field name for input fieldlayer
[08:23:41.267582 ERROR] [epJSONTranslator] Unable to look up field name for input fieldlayer
[08:23:41.267587 ERROR] [epJSONTranslator] Unable to look up field name for input fieldlayer
[08:23:41.267592 ERROR] [epJSONTranslator] Unable to look up field name for input fieldlayer
[08:23:41.267598 ERROR] [epJSONTranslator] Unable to look up field name for input fieldlayer
[08:23:41.267604 ERROR] [epJSONTranslator] Unable to look up field name for input fieldlayer
[08:23:41.267610 ERROR] [epJSONTranslator] Unable to look up field name for input fieldlayer
[08:23:41.267616 ERROR] [epJSONTranslator] Unable to look up field name for input fieldlayer
[08:23:41.267621 ERROR] [epJSONTranslator] Unable to look up field name for input fieldlayer
[08:23:41.267626 ERROR] [epJSONTranslator] Unable to look up field name for input fieldlayer
[08:23:41.267633 ERROR] [epJSONTranslator] Unable to look up field name for input fieldlayer
[08:23:41.267638 ERROR] [epJSONTranslator] Unable to look up field name for input fieldlayer
[08:23:41.267643 ERROR] [epJSONTranslator] Unable to look up field name for input fieldlayer
[08:23:41.267648 ERROR] [epJSONTranslator] Unable to look up field name for input fieldlayer
[08:23:41.267655 ERROR] [epJSONTranslator] Unable to look up field name for input fieldlayer
[08:23:41.267660 ERROR] [epJSONTranslator] Unable to look up field name for input fieldlayer
[08:23:41.267666 ERROR] [epJSONTranslator] Unable to look up field name for input fieldlayer
[08:23:41.267672 ERROR] [epJSONTranslator] Unable to look up field name for input fieldlayer
[08:23:41.267677 ERROR] [epJSONTranslator] Unable to look up field name for input fieldlayer
[08:23:41.267683 ERROR] [epJSONTranslator] Unable to look up field name for input fieldlayer
[08:23:41.267689 ERROR] [epJSONTranslator] Unable to look up field name for input fieldlayer
[08:23:41.267694 ERROR] [epJSONTranslator] Unable to look up field name for input fieldlayer
[08:23:41.267700 ERROR] [epJSONTranslator] Unable to look up field name for input fieldlayer
[08:23:41.267706 ERROR] [epJSONTranslator] Unable to look up field name for input fieldlayer
[08:23:41.267712 ERROR] [epJSONTranslator] Unable to look up field name for input fieldlayer
[08:23:41.267718 ERROR] [epJSONTranslator] Unable to look up field name for input fieldlayer
[08:23:41.267724 ERROR] [epJSONTranslator] Unable to look up field name for input fieldlayer
[08:23:41.267731 ERROR] [epJSONTranslator] Unable to look up field name for input fieldlayer
[08:23:41.268222 WARN] [epJSONTranslator] Unknown value passed to schemaPropertyTypeDecode, returning generic 'NumberOrString' Option. Occurred for type_description= AirLoopHVAC, group_name=, field_name=design_supply_air_flow_rate
[08:23:41.268251 WARN] [epJSONTranslator] Unknown value passed to schemaPropertyTypeDecode, returning generic 'NumberOrString' Option. Occurred for type_description= Sizing:System, group_name=, field_name=design_outdoor_air_flow_rate
[08:23:41.268259 WARN] [epJSONTranslator] Unknown value passed to schemaPropertyTypeDecode, returning generic 'NumberOrString' Option. Occurred for type_description= Sizing:System, group_name=, field_name=central_heating_maximum_system_air_flow_ratio
[08:23:41.268315 WARN] [epJSONTranslator] Unknown value passed to schemaPropertyTypeDecode, returning generic 'NumberOrString' Option. Occurred for type_description= Sizing:System, group_name=, field_name=cooling_design_capacity
[08:23:41.268328 WARN] [epJSONTranslator] Unknown value passed to schemaPropertyTypeDecode, returning generic 'NumberOrString' Option. Occurred for type_description= Sizing:System, group_name=, field_name=heating_design_capacity
[08:23:41.268340 WARN] [epJSONTranslator] Unknown value passed to schemaPropertyTypeDecode, returning generic 'NumberOrString' Option. Occurred for type_description= Sizing:System, group_name=, field_name=occupant_diversity
[08:23:41.268352 ERROR] [epJSONTranslator] Unable to look up field name for input fieldcontroller_object_type
[08:23:41.268361 ERROR] [epJSONTranslator] Unable to look up field name for input fieldcontroller_name
[08:23:41.268377 WARN] [epJSONTranslator] Unknown value passed to schemaPropertyTypeDecode, returning generic 'NumberOrString' Option. Occurred for type_description= Controller:WaterCoil, group_name=, field_name=controller_convergence_tolerance
[08:23:41.268383 WARN] [epJSONTranslator] Unknown value passed to schemaPropertyTypeDecode, returning generic 'NumberOrString' Option. Occurred for type_description= Controller:WaterCoil, group_name=, field_name=maximum_actuated_flow
[08:23:41.268447 ERROR] [epJSONTranslator] Unable to look up field name for input fieldcontroller_object_type
[08:23:41.268455 ERROR] [epJSONTranslator] Unable to look up field name for input fieldcontroller_name
[08:23:41.268472 WARN] [epJSONTranslator] Unknown value passed to schemaPropertyTypeDecode, returning generic 'NumberOrString' Option. Occurred for type_description= Controller:OutdoorAir, group_name=, field_name=minimum_outdoor_air_flow_rate
[08:23:41.268479 WARN] [epJSONTranslator] Unknown value passed to schemaPropertyTypeDecode, returning generic 'NumberOrString' Option. Occurred for type_description= Controller:OutdoorAir, group_name=, field_name=maximum_outdoor_air_flow_rate
[08:23:41.268578 ERROR] [epJSONTranslator] Unable to look up field name for input fieldcomponent_object_type
[08:23:41.268586 ERROR] [epJSONTranslator] Unable to look up field name for input fieldcomponent_name
[08:23:41.268626 WARN] [epJSONTranslator] Unknown value passed to schemaPropertyTypeDecode, returning generic 'NumberOrString' Option. Occurred for type_description= Coil:Cooling:DX:TwoSpeed, group_name=, field_name=high_speed_gross_rated_total_cooling_capacity
[08:23:41.268634 WARN] [epJSONTranslator] Unknown value passed to schemaPropertyTypeDecode, returning generic 'NumberOrString' Option. Occurred for type_description= Coil:Cooling:DX:TwoSpeed, group_name=, field_name=high_speed_rated_sensible_heat_ratio
[08:23:41.268643 WARN] [epJSONTranslator] Unknown value passed to schemaPropertyTypeDecode, returning generic 'NumberOrString' Option. Occurred for type_description= Coil:Cooling:DX:TwoSpeed, group_name=, field_name=high_speed_rated_air_flow_rate
[08:23:41.268650 WARN] [epJSONTranslator] Unknown value passed to schemaPropertyTypeDecode, returning generic 'NumberOrString' Option. Occurred for type_description= Coil:Cooling:DX:TwoSpeed, group_name=, field_name=high_speed_rated_evaporator_fan_power_per_volume_flow_rate_2017
[08:23:41.268657 WARN] [epJSONTranslator] Unknown value passed to schemaPropertyTypeDecode, returning generic 'NumberOrString' Option. Occurred for type_description= Coil:Cooling:DX:TwoSpeed, group_name=, field_name=high_speed_rated_evaporator_fan_power_per_volume_flow_rate_2023
[08:23:41.268678 WARN] [epJSONTranslator] Unknown value passed to schemaPropertyTypeDecode, returning generic 'NumberOrString' Option. Occurred for type_description= Coil:Cooling:DX:TwoSpeed, group_name=, field_name=low_speed_gross_rated_total_cooling_capacity
[08:23:41.268685 WARN] [epJSONTranslator] Unknown value passed to schemaPropertyTypeDecode, returning generic 'NumberOrString' Option. Occurred for type_description= Coil:Cooling:DX:TwoSpeed, group_name=, field_name=low_speed_gross_rated_sensible_heat_ratio
[08:23:41.268694 WARN] [epJSONTranslator] Unknown value passed to schemaPropertyTypeDecode, returning generic 'NumberOrString' Option. Occurred for type_description= Coil:Cooling:DX:TwoSpeed, group_name=, field_name=low_speed_rated_air_flow_rate
[08:23:41.268701 WARN] [epJSONTranslator] Unknown value passed to schemaPropertyTypeDecode, returning generic 'NumberOrString' Option. Occurred for type_description= Coil:Cooling:DX:TwoSpeed, group_name=, field_name=low_speed_rated_evaporator_fan_power_per_volume_flow_rate_2017
[08:23:41.268708 WARN] [epJSONTranslator] Unknown value passed to schemaPropertyTypeDecode, returning generic 'NumberOrString' Option. Occurred for type_description= Coil:Cooling:DX:TwoSpeed, group_name=, field_name=low_speed_rated_evaporator_fan_power_per_volume_flow_rate_2023
[08:23:41.268726 WARN] [epJSONTranslator] Unknown value passed to schemaPropertyTypeDecode, returning generic 'NumberOrString' Option. Occurred for type_description= Coil:Cooling:DX:TwoSpeed, group_name=, field_name=high_speed_evaporative_condenser_air_flow_rate
[08:23:41.268734 WARN] [epJSONTranslator] Unknown value passed to schemaPropertyTypeDecode, returning generic 'NumberOrString' Option. Occurred for type_description= Coil:Cooling:DX:TwoSpeed, group_name=, field_name=high_speed_evaporative_condenser_pump_rated_power_consumption
[08:23:41.268743 WARN] [epJSONTranslator] Unknown value passed to schemaPropertyTypeDecode, returning generic 'NumberOrString' Option. Occurred for type_description= Coil:Cooling:DX:TwoSpeed, group_name=, field_name=low_speed_evaporative_condenser_air_flow_rate
[08:23:41.268750 WARN] [epJSONTranslator] Unknown value passed to schemaPropertyTypeDecode, returning generic 'NumberOrString' Option. Occurred for type_description= Coil:Cooling:DX:TwoSpeed, group_name=, field_name=low_speed_evaporative_condenser_pump_rated_power_consumption
[08:23:41.268837 WARN] [epJSONTranslator] Unknown value passed to schemaPropertyTypeDecode, returning generic 'NumberOrString' Option. Occurred for type_description= Coil:Heating:Water, group_name=, field_name=u_factor_times_area_value
[08:23:41.268845 WARN] [epJSONTranslator] Unknown value passed to schemaPropertyTypeDecode, returning generic 'NumberOrString' Option. Occurred for type_description= Coil:Heating:Water, group_name=, field_name=maximum_water_flow_rate
[08:23:41.268855 WARN] [epJSONTranslator] Unknown value passed to schemaPropertyTypeDecode, returning generic 'NumberOrString' Option. Occurred for type_description= Coil:Heating:Water, group_name=, field_name=rated_capacity
[08:23:41.268874 WARN] [epJSONTranslator] Unknown value passed to schemaPropertyTypeDecode, returning generic 'NumberOrString' Option. Occurred for type_description= Fan:VariableVolume, group_name=, field_name=maximum_flow_rate
[08:23:41.268965 WARN] [epJSONTranslator] Unknown value passed to schemaPropertyTypeDecode, returning generic 'NumberOrString' Option. Occurred for type_description= PlantLoop, group_name=, field_name=maximum_loop_flow_rate
[08:23:41.268974 WARN] [epJSONTranslator] Unknown value passed to schemaPropertyTypeDecode, returning generic 'NumberOrString' Option. Occurred for type_description= PlantLoop, group_name=, field_name=plant_loop_volume
[08:23:41.269017 ERROR] [epJSONTranslator] Unable to look up field name for input fieldconnector_object_type
[08:23:41.269025 ERROR] [epJSONTranslator] Unable to look up field name for input fieldconnector_name
[08:23:41.269031 ERROR] [epJSONTranslator] Unable to look up field name for input fieldconnector_object_type
[08:23:41.269037 ERROR] [epJSONTranslator] Unable to look up field name for input fieldconnector_name
[08:23:41.269063 WARN] [epJSONTranslator] Unknown value passed to schemaPropertyTypeDecode, returning generic 'NumberOrString' Option. Occurred for type_description= Pump:VariableSpeed, group_name=, field_name=design_maximum_flow_rate
[08:23:41.269078 WARN] [epJSONTranslator] Unknown value passed to schemaPropertyTypeDecode, returning generic 'NumberOrString' Option. Occurred for type_description= Pump:VariableSpeed, group_name=, field_name=design_power_consumption
[08:23:41.269101 WARN] [epJSONTranslator] Unknown value passed to schemaPropertyTypeDecode, returning generic 'NumberOrString' Option. Occurred for type_description= Pump:VariableSpeed, group_name=, field_name=design_minimum_flow_rate
[08:23:41.269141 WARN] [epJSONTranslator] Unknown value passed to schemaPropertyTypeDecode, returning generic 'NumberOrString' Option. Occurred for type_description= Boiler:HotWater, group_name=, field_name=nominal_capacity
[08:23:41.269153 WARN] [epJSONTranslator] Unknown value passed to schemaPropertyTypeDecode, returning generic 'NumberOrString' Option. Occurred for type_description= Boiler:HotWater, group_name=, field_name=design_water_flow_rate
[08:23:41.269221 ERROR] [epJSONTranslator] Unable to look up field name for input fieldconnector_object_type
[08:23:41.269229 ERROR] [epJSONTranslator] Unable to look up field name for input fieldconnector_name
[08:23:41.269235 ERROR] [epJSONTranslator] Unable to look up field name for input fieldconnector_object_type
[08:23:41.269240 ERROR] [epJSONTranslator] Unable to look up field name for input fieldconnector_name
[08:23:41.269358 ERROR] [epJSONTranslator] Unable to look up field name for input fieldcontrol_scheme_object_type
[08:23:41.269371 ERROR] [epJSONTranslator] Unable to look up field name for input fieldcontrol_scheme_name
[08:23:41.269377 ERROR] [epJSONTranslator] Unable to look up field name for input fieldcontrol_scheme_schedule_name
[08:23:41.269393 ERROR] [epJSONTranslator] Unable to look up field name for input fieldload_range_lower_limit
[08:23:41.269400 ERROR] [epJSONTranslator] Unable to look up field name for input fieldload_range_upper_limit
[08:23:41.269408 ERROR] [epJSONTranslator] Unable to look up field name for input fieldrange_equipment_list_name
[08:23:41.269433 WARN] [epJSONTranslator] Unknown value passed to schemaPropertyTypeDecode, returning generic 'NumberOrString' Option. Occurred for type_description= PlantLoop, group_name=, field_name=maximum_loop_flow_rate
[08:23:41.269442 WARN] [epJSONTranslator] Unknown value passed to schemaPropertyTypeDecode, returning generic 'NumberOrString' Option. Occurred for type_description= PlantLoop, group_name=, field_name=plant_loop_volume
[08:23:41.269470 ERROR] [epJSONTranslator] Unable to look up field name for input fieldconnector_object_type
[08:23:41.269476 ERROR] [epJSONTranslator] Unable to look up field name for input fieldconnector_name
[08:23:41.269482 ERROR] [epJSONTranslator] Unable to look up field name for input fieldconnector_object_type
[08:23:41.269488 ERROR] [epJSONTranslator] Unable to look up field name for input fieldconnector_name
[08:23:41.269509 WARN] [epJSONTranslator] Unknown value passed to schemaPropertyTypeDecode, returning generic 'NumberOrString' Option. Occurred for type_description= Pump:ConstantSpeed, group_name=, field_name=design_flow_rate
[08:23:41.269516 WARN] [epJSONTranslator] Unknown value passed to schemaPropertyTypeDecode, returning generic 'NumberOrString' Option. Occurred for type_description= Pump:ConstantSpeed, group_name=, field_name=design_power_consumption
[08:23:41.269540 WARN] [epJSONTranslator] Unknown value passed to schemaPropertyTypeDecode, returning generic 'NumberOrString' Option. Occurred for type_description= WaterHeater:Mixed, group_name=, field_name=tank_volume
[08:23:41.269554 WARN] [epJSONTranslator] Unknown value passed to schemaPropertyTypeDecode, returning generic 'NumberOrString' Option. Occurred for type_description= WaterHeater:Mixed, group_name=, field_name=heater_maximum_capacity
[08:23:41.269606 WARN] [epJSONTranslator] Unknown value passed to schemaPropertyTypeDecode, returning generic 'NumberOrString' Option. Occurred for type_description= WaterHeater:Mixed, group_name=, field_name=use_side_design_flow_rate
[08:23:41.269613 WARN] [epJSONTranslator] Unknown value passed to schemaPropertyTypeDecode, returning generic 'NumberOrString' Option. Occurred for type_description= WaterHeater:Mixed, group_name=, field_name=source_side_design_flow_rate
[08:23:41.269667 ERROR] [epJSONTranslator] Unable to look up field name for input fieldconnector_object_type
[08:23:41.269674 ERROR] [epJSONTranslator] Unable to look up field name for input fieldconnector_name
[08:23:41.269680 ERROR] [epJSONTranslator] Unable to look up field name for input fieldconnector_object_type
[08:23:41.269686 ERROR] [epJSONTranslator] Unable to look up field name for input fieldconnector_name
[08:23:41.269954 ERROR] [epJSONTranslator] Unable to look up field name for input fieldcontrol_scheme_object_type
[08:23:41.269965 ERROR] [epJSONTranslator] Unable to look up field name for input fieldcontrol_scheme_name
[08:23:41.269971 ERROR] [epJSONTranslator] Unable to look up field name for input fieldcontrol_scheme_schedule_name
[08:23:41.269978 ERROR] [epJSONTranslator] Unable to look up field name for input fieldload_range_lower_limit
[08:23:41.269984 ERROR] [epJSONTranslator] Unable to look up field name for input fieldload_range_upper_limit
[08:23:41.269991 ERROR] [epJSONTranslator] Unable to look up field name for input fieldrange_equipment_list_name
[08:23:41.270226 WARN] [epJSONTranslator] Unknown value passed to schemaPropertyTypeDecode, returning generic 'NumberOrString' Option. Occurred for type_description= Refrigeration:System, group_name=, field_name=number_of_compressor_stages
[08:23:41.270370 ERROR] [epJSONTranslator] Unable to look up field name for input fieldtemperature
[08:23:41.270379 ERROR] [epJSONTranslator] Unable to look up field name for input fieldtemperature
[08:23:41.270385 ERROR] [epJSONTranslator] Unable to look up field name for input fieldtemperature
[08:23:41.270391 ERROR] [epJSONTranslator] Unable to look up field name for input fieldtemperature
[08:23:41.270397 ERROR] [epJSONTranslator] Unable to look up field name for input fieldtemperature
[08:23:41.270404 ERROR] [epJSONTranslator] Unable to look up field name for input fieldtemperature
[08:23:41.270410 ERROR] [epJSONTranslator] Unable to look up field name for input fieldtemperature
[08:23:41.270417 ERROR] [epJSONTranslator] Unable to look up field name for input fieldtemperature
[08:23:41.270423 ERROR] [epJSONTranslator] Unable to look up field name for input fieldtemperature
[08:23:41.270429 ERROR] [epJSONTranslator] Unable to look up field name for input fieldtemperature
[08:23:41.270435 ERROR] [epJSONTranslator] Unable to look up field name for input fieldtemperature
[08:23:41.270443 ERROR] [epJSONTranslator] Unable to look up field name for input fieldtemperature
[08:23:41.270448 ERROR] [epJSONTranslator] Unable to look up field name for input fieldtemperature
[08:23:41.270454 ERROR] [epJSONTranslator] Unable to look up field name for input fieldtemperature
[08:23:41.270460 ERROR] [epJSONTranslator] Unable to look up field name for input fieldtemperature
[08:23:41.270466 ERROR] [epJSONTranslator] Unable to look up field name for input fieldtemperature
[08:23:41.270471 ERROR] [epJSONTranslator] Unable to look up field name for input fieldtemperature
[08:23:41.270477 ERROR] [epJSONTranslator] Unable to look up field name for input fieldtemperature
[08:23:41.270483 ERROR] [epJSONTranslator] Unable to look up field name for input fieldtemperature
[08:23:41.270489 ERROR] [epJSONTranslator] Unable to look up field name for input fieldtemperature
[08:23:41.270496 ERROR] [epJSONTranslator] Unable to look up field name for input fieldtemperature
[08:23:41.270503 ERROR] [epJSONTranslator] Unable to look up field name for input fieldtemperature
[08:23:41.270510 ERROR] [epJSONTranslator] Unable to look up field name for input fieldtemperature
[08:23:41.270516 ERROR] [epJSONTranslator] Unable to look up field name for input fieldtemperature
[08:23:41.270522 ERROR] [epJSONTranslator] Unable to look up field name for input fieldtemperature
[08:23:41.270528 ERROR] [epJSONTranslator] Unable to look up field name for input fieldtemperature
[08:23:41.270534 ERROR] [epJSONTranslator] Unable to look up field name for input fieldtemperature
[08:23:41.270540 ERROR] [epJSONTranslator] Unable to look up field name for input fieldtemperature
[08:23:41.270547 ERROR] [epJSONTranslator] Unable to look up field name for input fieldtemperature
[08:23:41.270553 ERROR] [epJSONTranslator] Unable to look up field name for input fieldtemperature
[08:23:41.270559 ERROR] [epJSONTranslator] Unable to look up field name for input fieldtemperature
[08:23:41.270564 ERROR] [epJSONTranslator] Unable to look up field name for input fieldtemperature
[08:23:41.270570 ERROR] [epJSONTranslator] Unable to look up field name for input fieldtemperature
[08:23:41.270576 ERROR] [epJSONTranslator] Unable to look up field name for input fieldtemperature
[08:23:41.270581 ERROR] [epJSONTranslator] Unable to look up field name for input fieldtemperature
[08:23:41.270587 ERROR] [epJSONTranslator] Unable to look up field name for input fieldtemperature
[08:23:41.270593 ERROR] [epJSONTranslator] Unable to look up field name for input fieldtemperature
[08:23:41.270599 ERROR] [epJSONTranslator] Unable to look up field name for input fieldtemperature
[08:23:41.270605 ERROR] [epJSONTranslator] Unable to look up field name for input fieldtemperature
[08:23:41.270610 ERROR] [epJSONTranslator] Unable to look up field name for input fieldtemperature
[08:23:41.270616 ERROR] [epJSONTranslator] Unable to look up field name for input fieldtemperature
[08:23:41.270622 ERROR] [epJSONTranslator] Unable to look up field name for input fieldtemperature
[08:23:41.270629 ERROR] [epJSONTranslator] Unable to look up field name for input fieldtemperature
[08:23:41.270635 ERROR] [epJSONTranslator] Unable to look up field name for input fieldtemperature
[08:23:41.270640 ERROR] [epJSONTranslator] Unable to look up field name for input fieldtemperature
[08:23:41.270646 ERROR] [epJSONTranslator] Unable to look up field name for input fieldtemperature
[08:23:41.270653 ERROR] [epJSONTranslator] Unable to look up field name for input fieldtemperature
[08:23:41.270659 ERROR] [epJSONTranslator] Unable to look up field name for input fieldtemperature
[08:23:41.270665 ERROR] [epJSONTranslator] Unable to look up field name for input fieldtemperature
[08:23:41.270711 ERROR] [epJSONTranslator] Unable to look up field name for input fieldproperty_value
[08:23:41.270719 ERROR] [epJSONTranslator] Unable to look up field name for input fieldproperty_value
[08:23:41.270725 ERROR] [epJSONTranslator] Unable to look up field name for input fieldproperty_value
[08:23:41.270733 ERROR] [epJSONTranslator] Unable to look up field name for input fieldproperty_value
[08:23:41.270739 ERROR] [epJSONTranslator] Unable to look up field name for input fieldproperty_value
[08:23:41.270745 ERROR] [epJSONTranslator] Unable to look up field name for input fieldproperty_value
[08:23:41.270750 ERROR] [epJSONTranslator] Unable to look up field name for input fieldproperty_value
[08:23:41.270756 ERROR] [epJSONTranslator] Unable to look up field name for input fieldproperty_value
[08:23:41.270763 ERROR] [epJSONTranslator] Unable to look up field name for input fieldproperty_value
[08:23:41.270769 ERROR] [epJSONTranslator] Unable to look up field name for input fieldproperty_value
[08:23:41.270776 ERROR] [epJSONTranslator] Unable to look up field name for input fieldproperty_value
[08:23:41.270782 ERROR] [epJSONTranslator] Unable to look up field name for input fieldproperty_value
[08:23:41.270788 ERROR] [epJSONTranslator] Unable to look up field name for input fieldproperty_value
[08:23:41.270795 ERROR] [epJSONTranslator] Unable to look up field name for input fieldproperty_value
[08:23:41.270801 ERROR] [epJSONTranslator] Unable to look up field name for input fieldproperty_value
[08:23:41.270807 ERROR] [epJSONTranslator] Unable to look up field name for input fieldproperty_value
[08:23:41.270812 ERROR] [epJSONTranslator] Unable to look up field name for input fieldproperty_value
[08:23:41.270818 ERROR] [epJSONTranslator] Unable to look up field name for input fieldproperty_value
[08:23:41.270824 ERROR] [epJSONTranslator] Unable to look up field name for input fieldproperty_value
[08:23:41.270830 ERROR] [epJSONTranslator] Unable to look up field name for input fieldproperty_value
[08:23:41.270836 ERROR] [epJSONTranslator] Unable to look up field name for input fieldproperty_value
[08:23:41.270842 ERROR] [epJSONTranslator] Unable to look up field name for input fieldproperty_value
[08:23:41.270848 ERROR] [epJSONTranslator] Unable to look up field name for input fieldproperty_value
[08:23:41.270854 ERROR] [epJSONTranslator] Unable to look up field name for input fieldproperty_value
[08:23:41.270860 ERROR] [epJSONTranslator] Unable to look up field name for input fieldproperty_value
[08:23:41.270866 ERROR] [epJSONTranslator] Unable to look up field name for input fieldproperty_value
[08:23:41.270871 ERROR] [epJSONTranslator] Unable to look up field name for input fieldproperty_value
[08:23:41.270877 ERROR] [epJSONTranslator] Unable to look up field name for input fieldproperty_value
[08:23:41.270883 ERROR] [epJSONTranslator] Unable to look up field name for input fieldproperty_value
[08:23:41.270889 ERROR] [epJSONTranslator] Unable to look up field name for input fieldproperty_value
[08:23:41.270895 ERROR] [epJSONTranslator] Unable to look up field name for input fieldproperty_value
[08:23:41.270903 ERROR] [epJSONTranslator] Unable to look up field name for input fieldproperty_value
[08:23:41.270911 ERROR] [epJSONTranslator] Unable to look up field name for input fieldproperty_value
[08:23:41.270919 ERROR] [epJSONTranslator] Unable to look up field name for input fieldproperty_value
[08:23:41.270925 ERROR] [epJSONTranslator] Unable to look up field name for input fieldproperty_value
[08:23:41.270932 ERROR] [epJSONTranslator] Unable to look up field name for input fieldproperty_value
[08:23:41.270938 ERROR] [epJSONTranslator] Unable to look up field name for input fieldproperty_value
[08:23:41.270943 ERROR] [epJSONTranslator] Unable to look up field name for input fieldproperty_value
[08:23:41.270949 ERROR] [epJSONTranslator] Unable to look up field name for input fieldproperty_value
[08:23:41.270955 ERROR] [epJSONTranslator] Unable to look up field name for input fieldproperty_value
[08:23:41.270961 ERROR] [epJSONTranslator] Unable to look up field name for input fieldproperty_value
[08:23:41.270966 ERROR] [epJSONTranslator] Unable to look up field name for input fieldproperty_value
[08:23:41.270972 ERROR] [epJSONTranslator] Unable to look up field name for input fieldproperty_value
[08:23:41.270981 ERROR] [epJSONTranslator] Unable to look up field name for input fieldproperty_value
[08:23:41.270987 ERROR] [epJSONTranslator] Unable to look up field name for input fieldproperty_value
[08:23:41.270994 ERROR] [epJSONTranslator] Unable to look up field name for input fieldproperty_value
[08:23:41.271000 ERROR] [epJSONTranslator] Unable to look up field name for input fieldproperty_value
[08:23:41.271006 ERROR] [epJSONTranslator] Unable to look up field name for input fieldproperty_value
[08:23:41.271012 ERROR] [epJSONTranslator] Unable to look up field name for input fieldproperty_value
[08:23:41.271029 ERROR] [epJSONTranslator] Unable to look up field name for input fieldproperty_value
[08:23:41.271035 ERROR] [epJSONTranslator] Unable to look up field name for input fieldproperty_value
[08:23:41.271040 ERROR] [epJSONTranslator] Unable to look up field name for input fieldproperty_value
[08:23:41.271046 ERROR] [epJSONTranslator] Unable to look up field name for input fieldproperty_value
[08:23:41.271052 ERROR] [epJSONTranslator] Unable to look up field name for input fieldproperty_value
[08:23:41.271058 ERROR] [epJSONTranslator] Unable to look up field name for input fieldproperty_value
[08:23:41.271063 ERROR] [epJSONTranslator] Unable to look up field name for input fieldproperty_value
[08:23:41.271069 ERROR] [epJSONTranslator] Unable to look up field name for input fieldproperty_value
[08:23:41.271075 ERROR] [epJSONTranslator] Unable to look up field name for input fieldproperty_value
[08:23:41.271081 ERROR] [epJSONTranslator] Unable to look up field name for input fieldproperty_value
[08:23:41.271087 ERROR] [epJSONTranslator] Unable to look up field name for input fieldproperty_value
[08:23:41.271094 ERROR] [epJSONTranslator] Unable to look up field name for input fieldproperty_value
[08:23:41.271101 ERROR] [epJSONTranslator] Unable to look up field name for input fieldproperty_value
[08:23:41.271112 ERROR] [epJSONTranslator] Unable to look up field name for input fieldproperty_value
[08:23:41.271121 ERROR] [epJSONTranslator] Unable to look up field name for input fieldproperty_value
[08:23:41.271128 ERROR] [epJSONTranslator] Unable to look up field name for input fieldproperty_value
[08:23:41.271134 ERROR] [epJSONTranslator] Unable to look up field name for input fieldproperty_value
[08:23:41.271140 ERROR] [epJSONTranslator] Unable to look up field name for input fieldproperty_value
[08:23:41.271145 ERROR] [epJSONTranslator] Unable to look up field name for input fieldproperty_value
[08:23:41.271151 ERROR] [epJSONTranslator] Unable to look up field name for input fieldproperty_value
[08:23:41.271157 ERROR] [epJSONTranslator] Unable to look up field name for input fieldproperty_value
[08:23:41.271163 ERROR] [epJSONTranslator] Unable to look up field name for input fieldproperty_value
[08:23:41.271169 ERROR] [epJSONTranslator] Unable to look up field name for input fieldproperty_value
[08:23:41.271175 ERROR] [epJSONTranslator] Unable to look up field name for input fieldproperty_value
[08:23:41.271180 ERROR] [epJSONTranslator] Unable to look up field name for input fieldproperty_value
[08:23:41.271186 ERROR] [epJSONTranslator] Unable to look up field name for input fieldproperty_value
[08:23:41.271192 ERROR] [epJSONTranslator] Unable to look up field name for input fieldproperty_value
[08:23:41.271197 ERROR] [epJSONTranslator] Unable to look up field name for input fieldproperty_value
[08:23:41.271203 ERROR] [epJSONTranslator] Unable to look up field name for input fieldproperty_value
[08:23:41.271209 ERROR] [epJSONTranslator] Unable to look up field name for input fieldproperty_value
[08:23:41.271215 ERROR] [epJSONTranslator] Unable to look up field name for input fieldproperty_value
[08:23:41.271220 ERROR] [epJSONTranslator] Unable to look up field name for input fieldproperty_value
[08:23:41.271226 ERROR] [epJSONTranslator] Unable to look up field name for input fieldproperty_value
[08:23:41.271232 ERROR] [epJSONTranslator] Unable to look up field name for input fieldproperty_value
[08:23:41.271238 ERROR] [epJSONTranslator] Unable to look up field name for input fieldproperty_value
[08:23:41.271245 ERROR] [epJSONTranslator] Unable to look up field name for input fieldproperty_value
[08:23:41.271252 ERROR] [epJSONTranslator] Unable to look up field name for input fieldproperty_value
[08:23:41.271263 ERROR] [epJSONTranslator] Unable to look up field name for input fieldproperty_value
[08:23:41.271270 ERROR] [epJSONTranslator] Unable to look up field name for input fieldproperty_value
[08:23:41.271276 ERROR] [epJSONTranslator] Unable to look up field name for input fieldproperty_value
[08:23:41.271282 ERROR] [epJSONTranslator] Unable to look up field name for input fieldproperty_value
[08:23:41.271288 ERROR] [epJSONTranslator] Unable to look up field name for input fieldproperty_value
[08:23:41.271293 ERROR] [epJSONTranslator] Unable to look up field name for input fieldproperty_value
[08:23:41.271299 ERROR] [epJSONTranslator] Unable to look up field name for input fieldproperty_value
[08:23:41.271305 ERROR] [epJSONTranslator] Unable to look up field name for input fieldproperty_value
[08:23:41.271311 ERROR] [epJSONTranslator] Unable to look up field name for input fieldproperty_value
[08:23:41.271317 ERROR] [epJSONTranslator] Unable to look up field name for input fieldproperty_value
[08:23:41.271322 ERROR] [epJSONTranslator] Unable to look up field name for input fieldproperty_value
[08:23:41.271328 ERROR] [epJSONTranslator] Unable to look up field name for input fieldproperty_value
[08:23:41.271341 ERROR] [epJSONTranslator] Unable to look up field name for input fieldproperty_value
[08:23:41.271347 ERROR] [epJSONTranslator] Unable to look up field name for input fieldproperty_value
[08:23:41.271353 ERROR] [epJSONTranslator] Unable to look up field name for input fieldproperty_value
[08:23:41.271359 ERROR] [epJSONTranslator] Unable to look up field name for input fieldproperty_value
[08:23:41.271367 ERROR] [epJSONTranslator] Unable to look up field name for input fieldproperty_value
[08:23:41.271374 ERROR] [epJSONTranslator] Unable to look up field name for input fieldproperty_value
[08:23:41.271382 ERROR] [epJSONTranslator] Unable to look up field name for input fieldproperty_value
[08:23:41.271387 ERROR] [epJSONTranslator] Unable to look up field name for input fieldproperty_value
[08:23:41.271393 ERROR] [epJSONTranslator] Unable to look up field name for input fieldproperty_value
[08:23:41.271399 ERROR] [epJSONTranslator] Unable to look up field name for input fieldproperty_value
[08:23:41.271405 ERROR] [epJSONTranslator] Unable to look up field name for input fieldproperty_value
[08:23:41.271411 ERROR] [epJSONTranslator] Unable to look up field name for input fieldproperty_value
[08:23:41.271416 ERROR] [epJSONTranslator] Unable to look up field name for input fieldproperty_value
[08:23:41.271422 ERROR] [epJSONTranslator] Unable to look up field name for input fieldproperty_value
[08:23:41.271428 ERROR] [epJSONTranslator] Unable to look up field name for input fieldproperty_value
[08:23:41.271433 ERROR] [epJSONTranslator] Unable to look up field name for input fieldproperty_value
[08:23:41.271439 ERROR] [epJSONTranslator] Unable to look up field name for input fieldproperty_value
[08:23:41.271445 ERROR] [epJSONTranslator] Unable to look up field name for input fieldproperty_value
[08:23:41.271451 ERROR] [epJSONTranslator] Unable to look up field name for input fieldproperty_value
[08:23:41.271457 ERROR] [epJSONTranslator] Unable to look up field name for input fieldproperty_value
[08:23:41.271463 ERROR] [epJSONTranslator] Unable to look up field name for input fieldproperty_value
[08:23:41.271469 ERROR] [epJSONTranslator] Unable to look up field name for input fieldproperty_value
[08:23:41.271476 ERROR] [epJSONTranslator] Unable to look up field name for input fieldproperty_value
[08:23:41.271482 ERROR] [epJSONTranslator] Unable to look up field name for input fieldproperty_value
[08:23:41.271489 ERROR] [epJSONTranslator] Unable to look up field name for input fieldproperty_value
[08:23:41.271498 ERROR] [epJSONTranslator] Unable to look up field name for input fieldproperty_value
[08:23:41.271507 ERROR] [epJSONTranslator] Unable to look up field name for input fieldproperty_value
[08:23:41.271515 ERROR] [epJSONTranslator] Unable to look up field name for input fieldproperty_value
[08:23:41.271523 ERROR] [epJSONTranslator] Unable to look up field name for input fieldproperty_value
[08:23:41.271529 ERROR] [epJSONTranslator] Unable to look up field name for input fieldproperty_value
[08:23:41.271535 ERROR] [epJSONTranslator] Unable to look up field name for input fieldproperty_value
[08:23:41.271540 ERROR] [epJSONTranslator] Unable to look up field name for input fieldproperty_value
[08:23:41.271547 ERROR] [epJSONTranslator] Unable to look up field name for input fieldproperty_value
[08:23:41.271554 ERROR] [epJSONTranslator] Unable to look up field name for input fieldproperty_value
[08:23:41.271559 ERROR] [epJSONTranslator] Unable to look up field name for input fieldproperty_value
[08:23:41.271565 ERROR] [epJSONTranslator] Unable to look up field name for input fieldproperty_value
[08:23:41.271571 ERROR] [epJSONTranslator] Unable to look up field name for input fieldproperty_value
[08:23:41.271578 ERROR] [epJSONTranslator] Unable to look up field name for input fieldproperty_value
[08:23:41.271585 ERROR] [epJSONTranslator] Unable to look up field name for input fieldproperty_value
[08:23:41.271591 ERROR] [epJSONTranslator] Unable to look up field name for input fieldproperty_value
[08:23:41.271598 ERROR] [epJSONTranslator] Unable to look up field name for input fieldproperty_value
[08:23:41.271603 ERROR] [epJSONTranslator] Unable to look up field name for input fieldproperty_value
[08:23:41.271609 ERROR] [epJSONTranslator] Unable to look up field name for input fieldproperty_value
[08:23:41.271616 ERROR] [epJSONTranslator] Unable to look up field name for input fieldproperty_value
[08:23:41.271623 ERROR] [epJSONTranslator] Unable to look up field name for input fieldproperty_value
[08:23:41.271629 ERROR] [epJSONTranslator] Unable to look up field name for input fieldproperty_value
[08:23:41.271635 ERROR] [epJSONTranslator] Unable to look up field name for input fieldproperty_value
[08:23:41.271640 ERROR] [epJSONTranslator] Unable to look up field name for input fieldproperty_value
[08:23:41.271646 ERROR] [epJSONTranslator] Unable to look up field name for input fieldproperty_value
[08:23:41.271659 ERROR] [epJSONTranslator] Unable to look up field name for input fieldproperty_value
[08:23:41.271666 ERROR] [epJSONTranslator] Unable to look up field name for input fieldproperty_value
[08:23:41.271672 ERROR] [epJSONTranslator] Unable to look up field name for input fieldproperty_value
[08:23:41.271678 ERROR] [epJSONTranslator] Unable to look up field name for input fieldproperty_value
[08:23:41.271684 ERROR] [epJSONTranslator] Unable to look up field name for input fieldproperty_value
[08:23:41.271689 ERROR] [epJSONTranslator] Unable to look up field name for input fieldproperty_value
[08:23:41.271696 ERROR] [epJSONTranslator] Unable to look up field name for input fieldproperty_value
[08:23:41.271703 ERROR] [epJSONTranslator] Unable to look up field name for input fieldproperty_value
[08:23:41.271709 ERROR] [epJSONTranslator] Unable to look up field name for input fieldproperty_value
[08:23:41.271715 ERROR] [epJSONTranslator] Unable to look up field name for input fieldproperty_value
[08:23:41.271721 ERROR] [epJSONTranslator] Unable to look up field name for input fieldproperty_value
[08:23:41.271726 ERROR] [epJSONTranslator] Unable to look up field name for input fieldproperty_value
[08:23:41.271732 ERROR] [epJSONTranslator] Unable to look up field name for input fieldproperty_value
[08:23:41.271738 ERROR] [epJSONTranslator] Unable to look up field name for input fieldproperty_value
[08:23:41.271744 ERROR] [epJSONTranslator] Unable to look up field name for input fieldproperty_value
[08:23:41.271750 ERROR] [epJSONTranslator] Unable to look up field name for input fieldproperty_value
[08:23:41.271757 ERROR] [epJSONTranslator] Unable to look up field name for input fieldproperty_value
[08:23:41.271764 ERROR] [epJSONTranslator] Unable to look up field name for input fieldproperty_value
[08:23:41.271770 ERROR] [epJSONTranslator] Unable to look up field name for input fieldproperty_value
[08:23:41.271776 ERROR] [epJSONTranslator] Unable to look up field name for input fieldproperty_value
[08:23:41.271783 ERROR] [epJSONTranslator] Unable to look up field name for input fieldproperty_value
[08:23:41.271790 ERROR] [epJSONTranslator] Unable to look up field name for input fieldproperty_value
[08:23:41.271796 ERROR] [epJSONTranslator] Unable to look up field name for input fieldproperty_value
[08:23:41.271803 ERROR] [epJSONTranslator] Unable to look up field name for input fieldproperty_value
[08:23:41.271809 ERROR] [epJSONTranslator] Unable to look up field name for input fieldproperty_value
[08:23:41.271815 ERROR] [epJSONTranslator] Unable to look up field name for input fieldproperty_value
[08:23:41.271821 ERROR] [epJSONTranslator] Unable to look up field name for input fieldproperty_value
[08:23:41.271827 ERROR] [epJSONTranslator] Unable to look up field name for input fieldproperty_value
[08:23:41.271832 ERROR] [epJSONTranslator] Unable to look up field name for input fieldproperty_value
[08:23:41.271839 ERROR] [epJSONTranslator] Unable to look up field name for input fieldproperty_value
[08:23:41.271845 ERROR] [epJSONTranslator] Unable to look up field name for input fieldproperty_value
[08:23:41.271851 ERROR] [epJSONTranslator] Unable to look up field name for input fieldproperty_value
[08:23:41.271857 ERROR] [epJSONTranslator] Unable to look up field name for input fieldproperty_value
[08:23:41.271863 ERROR] [epJSONTranslator] Unable to look up field name for input fieldproperty_value
[08:23:41.271868 ERROR] [epJSONTranslator] Unable to look up field name for input fieldproperty_value
[08:23:41.271875 ERROR] [epJSONTranslator] Unable to look up field name for input fieldproperty_value
[08:23:41.271881 ERROR] [epJSONTranslator] Unable to look up field name for input fieldproperty_value
[08:23:41.271887 ERROR] [epJSONTranslator] Unable to look up field name for input fieldproperty_value
[08:23:41.271892 ERROR] [epJSONTranslator] Unable to look up field name for input fieldproperty_value
[08:23:41.271899 ERROR] [epJSONTranslator] Unable to look up field name for input fieldproperty_value
[08:23:41.271905 ERROR] [epJSONTranslator] Unable to look up field name for input fieldproperty_value
[08:23:41.271911 ERROR] [epJSONTranslator] Unable to look up field name for input fieldproperty_value
[08:23:41.271917 ERROR] [epJSONTranslator] Unable to look up field name for input fieldproperty_value
[08:23:41.271923 ERROR] [epJSONTranslator] Unable to look up field name for input fieldproperty_value
[08:23:41.271929 ERROR] [epJSONTranslator] Unable to look up field name for input fieldproperty_value
[08:23:41.271936 ERROR] [epJSONTranslator] Unable to look up field name for input fieldproperty_value
[08:23:41.271941 ERROR] [epJSONTranslator] Unable to look up field name for input fieldproperty_value
[08:23:41.271947 ERROR] [epJSONTranslator] Unable to look up field name for input fieldproperty_value
[08:23:41.271954 ERROR] [epJSONTranslator] Unable to look up field name for input fieldproperty_value
[08:23:41.271971 ERROR] [epJSONTranslator] Unable to look up field name for input fieldproperty_value
[08:23:41.271980 ERROR] [epJSONTranslator] Unable to look up field name for input fieldproperty_value
[08:23:41.271988 ERROR] [epJSONTranslator] Unable to look up field name for input fieldproperty_value
[08:23:41.271995 ERROR] [epJSONTranslator] Unable to look up field name for input fieldproperty_value
[08:23:41.272004 ERROR] [epJSONTranslator] Unable to look up field name for input fieldproperty_value
[08:23:41.272013 ERROR] [epJSONTranslator] Unable to look up field name for input fieldproperty_value
[08:23:41.272019 ERROR] [epJSONTranslator] Unable to look up field name for input fieldproperty_value
[08:23:41.272025 ERROR] [epJSONTranslator] Unable to look up field name for input fieldproperty_value
[08:23:41.272031 ERROR] [epJSONTranslator] Unable to look up field name for input fieldproperty_value
[08:23:41.272036 ERROR] [epJSONTranslator] Unable to look up field name for input fieldproperty_value
[08:23:41.272042 ERROR] [epJSONTranslator] Unable to look up field name for input fieldproperty_value
[08:23:41.272048 ERROR] [epJSONTranslator] Unable to look up field name for input fieldproperty_value
[08:23:41.272054 ERROR] [epJSONTranslator] Unable to look up field name for input fieldproperty_value
[08:23:41.272059 ERROR] [epJSONTranslator] Unable to look up field name for input fieldproperty_value
[08:23:41.272065 ERROR] [epJSONTranslator] Unable to look up field name for input fieldproperty_value
[08:23:41.272070 ERROR] [epJSONTranslator] Unable to look up field name for input fieldproperty_value
[08:23:41.272076 ERROR] [epJSONTranslator] Unable to look up field name for input fieldproperty_value
[08:23:41.272082 ERROR] [epJSONTranslator] Unable to look up field name for input fieldproperty_value
[08:23:41.272087 ERROR] [epJSONTranslator] Unable to look up field name for input fieldproperty_value
[08:23:41.272093 ERROR] [epJSONTranslator] Unable to look up field name for input fieldproperty_value
[08:23:41.272099 ERROR] [epJSONTranslator] Unable to look up field name for input fieldproperty_value
[08:23:41.272104 ERROR] [epJSONTranslator] Unable to look up field name for input fieldproperty_value
[08:23:41.272110 ERROR] [epJSONTranslator] Unable to look up field name for input fieldproperty_value
[08:23:41.272116 ERROR] [epJSONTranslator] Unable to look up field name for input fieldproperty_value
[08:23:41.272122 ERROR] [epJSONTranslator] Unable to look up field name for input fieldproperty_value
[08:23:41.272127 ERROR] [epJSONTranslator] Unable to look up field name for input fieldproperty_value
[08:23:41.272135 ERROR] [epJSONTranslator] Unable to look up field name for input fieldproperty_value
[08:23:41.272144 ERROR] [epJSONTranslator] Unable to look up field name for input fieldproperty_value
[08:23:41.272152 ERROR] [epJSONTranslator] Unable to look up field name for input fieldproperty_value
[08:23:41.272160 ERROR] [epJSONTranslator] Unable to look up field name for input fieldproperty_value
[08:23:41.272166 ERROR] [epJSONTranslator] Unable to look up field name for input fieldproperty_value
[08:23:41.272171 ERROR] [epJSONTranslator] Unable to look up field name for input fieldproperty_value
[08:23:41.272177 ERROR] [epJSONTranslator] Unable to look up field name for input fieldproperty_value
[08:23:41.272182 ERROR] [epJSONTranslator] Unable to look up field name for input fieldproperty_value
[08:23:41.272188 ERROR] [epJSONTranslator] Unable to look up field name for input fieldproperty_value
[08:23:41.272194 ERROR] [epJSONTranslator] Unable to look up field name for input fieldproperty_value
[08:23:41.272200 ERROR] [epJSONTranslator] Unable to look up field name for input fieldproperty_value
[08:23:41.272206 ERROR] [epJSONTranslator] Unable to look up field name for input fieldproperty_value
[08:23:41.272211 ERROR] [epJSONTranslator] Unable to look up field name for input fieldproperty_value
[08:23:41.272217 ERROR] [epJSONTranslator] Unable to look up field name for input fieldproperty_value
[08:23:41.272223 ERROR] [epJSONTranslator] Unable to look up field name for input fieldproperty_value
[08:23:41.272229 ERROR] [epJSONTranslator] Unable to look up field name for input fieldproperty_value
[08:23:41.272234 ERROR] [epJSONTranslator] Unable to look up field name for input fieldproperty_value
[08:23:41.272240 ERROR] [epJSONTranslator] Unable to look up field name for input fieldproperty_value
[08:23:41.272246 ERROR] [epJSONTranslator] Unable to look up field name for input fieldproperty_value
[08:23:41.272252 ERROR] [epJSONTranslator] Unable to look up field name for input fieldproperty_value
[08:23:41.272258 ERROR] [epJSONTranslator] Unable to look up field name for input fieldproperty_value
[08:23:41.272264 ERROR] [epJSONTranslator] Unable to look up field name for input fieldproperty_value
[08:23:41.272270 ERROR] [epJSONTranslator] Unable to look up field name for input fieldproperty_value
[08:23:41.272283 ERROR] [epJSONTranslator] Unable to look up field name for input fieldproperty_value
[08:23:41.272289 ERROR] [epJSONTranslator] Unable to look up field name for input fieldproperty_value
[08:23:41.272295 ERROR] [epJSONTranslator] Unable to look up field name for input fieldproperty_value
[08:23:41.272300 ERROR] [epJSONTranslator] Unable to look up field name for input fieldproperty_value
[08:23:41.272307 ERROR] [epJSONTranslator] Unable to look up field name for input fieldproperty_value
[08:23:41.272312 ERROR] [epJSONTranslator] Unable to look up field name for input fieldproperty_value
[08:23:41.272318 ERROR] [epJSONTranslator] Unable to look up field name for input fieldproperty_value
[08:23:41.272325 ERROR] [epJSONTranslator] Unable to look up field name for input fieldproperty_value
[08:23:41.272331 ERROR] [epJSONTranslator] Unable to look up field name for input fieldproperty_value
[08:23:41.272338 ERROR] [epJSONTranslator] Unable to look up field name for input fieldproperty_value
[08:23:41.272346 ERROR] [epJSONTranslator] Unable to look up field name for input fieldproperty_value
[08:23:41.272353 ERROR] [epJSONTranslator] Unable to look up field name for input fieldproperty_value
[08:23:41.272360 ERROR] [epJSONTranslator] Unable to look up field name for input fieldproperty_value
[08:23:41.272368 ERROR] [epJSONTranslator] Unable to look up field name for input fieldproperty_value
[08:23:41.272374 ERROR] [epJSONTranslator] Unable to look up field name for input fieldproperty_value
[08:23:41.272380 ERROR] [epJSONTranslator] Unable to look up field name for input fieldproperty_value
[08:23:41.272386 ERROR] [epJSONTranslator] Unable to look up field name for input fieldproperty_value
[08:23:41.272392 ERROR] [epJSONTranslator] Unable to look up field name for input fieldproperty_value
[08:23:41.272398 ERROR] [epJSONTranslator] Unable to look up field name for input fieldproperty_value
[08:23:41.272403 ERROR] [epJSONTranslator] Unable to look up field name for input fieldproperty_value
[08:23:41.272409 ERROR] [epJSONTranslator] Unable to look up field name for input fieldproperty_value
[08:23:41.272415 ERROR] [epJSONTranslator] Unable to look up field name for input fieldproperty_value
[08:23:41.272421 ERROR] [epJSONTranslator] Unable to look up field name for input fieldproperty_value
[08:23:41.272426 ERROR] [epJSONTranslator] Unable to look up field name for input fieldproperty_value
[08:23:41.272432 ERROR] [epJSONTranslator] Unable to look up field name for input fieldproperty_value
[08:23:41.272438 ERROR] [epJSONTranslator] Unable to look up field name for input fieldproperty_value
[08:23:41.272443 ERROR] [epJSONTranslator] Unable to look up field name for input fieldproperty_value
[08:23:41.272449 ERROR] [epJSONTranslator] Unable to look up field name for input fieldproperty_value
[08:23:41.272455 ERROR] [epJSONTranslator] Unable to look up field name for input fieldproperty_value
[08:23:41.272460 ERROR] [epJSONTranslator] Unable to look up field name for input fieldproperty_value
[08:23:41.272466 ERROR] [epJSONTranslator] Unable to look up field name for input fieldproperty_value
[08:23:41.272472 ERROR] [epJSONTranslator] Unable to look up field name for input fieldproperty_value
[08:23:41.272477 ERROR] [epJSONTranslator] Unable to look up field name for input fieldproperty_value
[08:23:41.272483 ERROR] [epJSONTranslator] Unable to look up field name for input fieldproperty_value
[08:23:41.272489 ERROR] [epJSONTranslator] Unable to look up field name for input fieldproperty_value
[08:23:41.272494 ERROR] [epJSONTranslator] Unable to look up field name for input fieldproperty_value
[08:23:41.272500 ERROR] [epJSONTranslator] Unable to look up field name for input fieldproperty_value
[08:23:41.272505 ERROR] [epJSONTranslator] Unable to look up field name for input fieldproperty_value
[08:23:41.272511 ERROR] [epJSONTranslator] Unable to look up field name for input fieldproperty_value
[08:23:41.272517 ERROR] [epJSONTranslator] Unable to look up field name for input fieldproperty_value
[08:23:41.272522 ERROR] [epJSONTranslator] Unable to look up field name for input fieldproperty_value
[08:23:41.272528 ERROR] [epJSONTranslator] Unable to look up field name for input fieldproperty_value
[08:23:41.272533 ERROR] [epJSONTranslator] Unable to look up field name for input fieldproperty_value
[08:23:41.272539 ERROR] [epJSONTranslator] Unable to look up field name for input fieldproperty_value
[08:23:41.272544 ERROR] [epJSONTranslator] Unable to look up field name for input fieldproperty_value
[08:23:41.272550 ERROR] [epJSONTranslator] Unable to look up field name for input fieldproperty_value
[08:23:41.272556 ERROR] [epJSONTranslator] Unable to look up field name for input fieldproperty_value
[08:23:41.272561 ERROR] [epJSONTranslator] Unable to look up field name for input fieldproperty_value
[08:23:41.272567 ERROR] [epJSONTranslator] Unable to look up field name for input fieldproperty_value
[08:23:41.272580 ERROR] [epJSONTranslator] Unable to look up field name for input fieldproperty_value
[08:23:41.272586 ERROR] [epJSONTranslator] Unable to look up field name for input fieldproperty_value
[08:23:41.272591 ERROR] [epJSONTranslator] Unable to look up field name for input fieldproperty_value
[08:23:41.272597 ERROR] [epJSONTranslator] Unable to look up field name for input fieldproperty_value
[08:23:41.272603 ERROR] [epJSONTranslator] Unable to look up field name for input fieldproperty_value
[08:23:41.272608 ERROR] [epJSONTranslator] Unable to look up field name for input fieldproperty_value
[08:23:41.272614 ERROR] [epJSONTranslator] Unable to look up field name for input fieldproperty_value
[08:23:41.272620 ERROR] [epJSONTranslator] Unable to look up field name for input fieldproperty_value
[08:23:41.272626 ERROR] [epJSONTranslator] Unable to look up field name for input fieldproperty_value
[08:23:41.272631 ERROR] [epJSONTranslator] Unable to look up field name for input fieldproperty_value
[08:23:41.272637 ERROR] [epJSONTranslator] Unable to look up field name for input fieldproperty_value
[08:23:41.272642 ERROR] [epJSONTranslator] Unable to look up field name for input fieldproperty_value
[08:23:41.272648 ERROR] [epJSONTranslator] Unable to look up field name for input fieldproperty_value
[08:23:41.272654 ERROR] [epJSONTranslator] Unable to look up field name for input fieldproperty_value
[08:23:41.272659 ERROR] [epJSONTranslator] Unable to look up field name for input fieldproperty_value
[08:23:41.272665 ERROR] [epJSONTranslator] Unable to look up field name for input fieldproperty_value
[08:23:41.272670 ERROR] [epJSONTranslator] Unable to look up field name for input fieldproperty_value
[08:23:41.272676 ERROR] [epJSONTranslator] Unable to look up field name for input fieldproperty_value
[08:23:41.272682 ERROR] [epJSONTranslator] Unable to look up field name for input fieldproperty_value
[08:23:41.272687 ERROR] [epJSONTranslator] Unable to look up field name for input fieldproperty_value
[08:23:41.272693 ERROR] [epJSONTranslator] Unable to look up field name for input fieldproperty_value
[08:23:41.272698 ERROR] [epJSONTranslator] Unable to look up field name for input fieldproperty_value
[08:23:41.272704 ERROR] [epJSONTranslator] Unable to look up field name for input fieldproperty_value
[08:23:41.272710 ERROR] [epJSONTranslator] Unable to look up field name for input fieldproperty_value
[08:23:41.272715 ERROR] [epJSONTranslator] Unable to look up field name for input fieldproperty_value
[08:23:41.272721 ERROR] [epJSONTranslator] Unable to look up field name for input fieldproperty_value
[08:23:41.272727 ERROR] [epJSONTranslator] Unable to look up field name for input fieldproperty_value
[08:23:41.272732 ERROR] [epJSONTranslator] Unable to look up field name for input fieldproperty_value
[08:23:41.272738 ERROR] [epJSONTranslator] Unable to look up field name for input fieldproperty_value
[08:23:41.272744 ERROR] [epJSONTranslator] Unable to look up field name for input fieldproperty_value
[08:23:41.272750 ERROR] [epJSONTranslator] Unable to look up field name for input fieldproperty_value
[08:23:41.272756 ERROR] [epJSONTranslator] Unable to look up field name for input fieldproperty_value
[08:23:41.272762 ERROR] [epJSONTranslator] Unable to look up field name for input fieldproperty_value
[08:23:41.272767 ERROR] [epJSONTranslator] Unable to look up field name for input fieldproperty_value
[08:23:41.272773 ERROR] [epJSONTranslator] Unable to look up field name for input fieldproperty_value
[08:23:41.272779 ERROR] [epJSONTranslator] Unable to look up field name for input fieldproperty_value
[08:23:41.272784 ERROR] [epJSONTranslator] Unable to look up field name for input fieldproperty_value
[08:23:41.272790 ERROR] [epJSONTranslator] Unable to look up field name for input fieldproperty_value
[08:23:41.272795 ERROR] [epJSONTranslator] Unable to look up field name for input fieldproperty_value
[08:23:41.272801 ERROR] [epJSONTranslator] Unable to look up field name for input fieldproperty_value
[08:23:41.272806 ERROR] [epJSONTranslator] Unable to look up field name for input fieldproperty_value
[08:23:41.272812 ERROR] [epJSONTranslator] Unable to look up field name for input fieldproperty_value
[08:23:41.272818 ERROR] [epJSONTranslator] Unable to look up field name for input fieldproperty_value
[08:23:41.272823 ERROR] [epJSONTranslator] Unable to look up field name for input fieldproperty_value
[08:23:41.272829 ERROR] [epJSONTranslator] Unable to look up field name for input fieldproperty_value
[08:23:41.272834 ERROR] [epJSONTranslator] Unable to look up field name for input fieldproperty_value
[08:23:41.272840 ERROR] [epJSONTranslator] Unable to look up field name for input fieldproperty_value
[08:23:41.272845 ERROR] [epJSONTranslator] Unable to look up field name for input fieldproperty_value
[08:23:41.272851 ERROR] [epJSONTranslator] Unable to look up field name for input fieldproperty_value
[08:23:41.272865 ERROR] [epJSONTranslator] Unable to look up field name for input fieldtemperature
[08:23:41.272871 ERROR] [epJSONTranslator] Unable to look up field name for input fieldtemperature
[08:23:41.272877 ERROR] [epJSONTranslator] Unable to look up field name for input fieldtemperature
[08:23:41.272882 ERROR] [epJSONTranslator] Unable to look up field name for input fieldtemperature
[08:23:41.272888 ERROR] [epJSONTranslator] Unable to look up field name for input fieldtemperature
[08:23:41.272894 ERROR] [epJSONTranslator] Unable to look up field name for input fieldtemperature
[08:23:41.272899 ERROR] [epJSONTranslator] Unable to look up field name for input fieldtemperature
[08:23:41.272906 ERROR] [epJSONTranslator] Unable to look up field name for input fieldtemperature
[08:23:41.272912 ERROR] [epJSONTranslator] Unable to look up field name for input fieldtemperature
[08:23:41.272918 ERROR] [epJSONTranslator] Unable to look up field name for input fieldtemperature
[08:23:41.272924 ERROR] [epJSONTranslator] Unable to look up field name for input fieldtemperature
[08:23:41.272930 ERROR] [epJSONTranslator] Unable to look up field name for input fieldtemperature
[08:23:41.272935 ERROR] [epJSONTranslator] Unable to look up field name for input fieldtemperature
[08:23:41.272941 ERROR] [epJSONTranslator] Unable to look up field name for input fieldtemperature
[08:23:41.272947 ERROR] [epJSONTranslator] Unable to look up field name for input fieldtemperature
[08:23:41.272952 ERROR] [epJSONTranslator] Unable to look up field name for input fieldtemperature
[08:23:41.272958 ERROR] [epJSONTranslator] Unable to look up field name for input fieldtemperature
[08:23:41.272964 ERROR] [epJSONTranslator] Unable to look up field name for input fieldtemperature
[08:23:41.272969 ERROR] [epJSONTranslator] Unable to look up field name for input fieldtemperature
[08:23:41.272975 ERROR] [epJSONTranslator] Unable to look up field name for input fieldtemperature
[08:23:41.272982 ERROR] [epJSONTranslator] Unable to look up field name for input fieldtemperature
[08:23:41.272988 ERROR] [epJSONTranslator] Unable to look up field name for input fieldtemperature
[08:23:41.272994 ERROR] [epJSONTranslator] Unable to look up field name for input fieldtemperature
[08:23:41.273000 ERROR] [epJSONTranslator] Unable to look up field name for input fieldtemperature
[08:23:41.273005 ERROR] [epJSONTranslator] Unable to look up field name for input fieldtemperature
[08:23:41.273011 ERROR] [epJSONTranslator] Unable to look up field name for input fieldtemperature
[08:23:41.273017 ERROR] [epJSONTranslator] Unable to look up field name for input fieldtemperature
[08:23:41.273022 ERROR] [epJSONTranslator] Unable to look up field name for input fieldtemperature
[08:23:41.273028 ERROR] [epJSONTranslator] Unable to look up field name for input fieldtemperature
[08:23:41.273033 ERROR] [epJSONTranslator] Unable to look up field name for input fieldtemperature
[08:23:41.273039 ERROR] [epJSONTranslator] Unable to look up field name for input fieldtemperature
[08:23:41.273045 ERROR] [epJSONTranslator] Unable to look up field name for input fieldtemperature
[08:23:41.273050 ERROR] [epJSONTranslator] Unable to look up field name for input fieldtemperature
[08:23:41.273056 ERROR] [epJSONTranslator] Unable to look up field name for input fieldtemperature
[08:23:41.273062 ERROR] [epJSONTranslator] Unable to look up field name for input fieldtemperature
[08:23:41.273067 ERROR] [epJSONTranslator] Unable to look up field name for input fieldtemperature
[08:23:41.273073 ERROR] [epJSONTranslator] Unable to look up field name for input fieldtemperature
[08:23:41.273078 ERROR] [epJSONTranslator] Unable to look up field name for input fieldtemperature
[08:23:41.273084 ERROR] [epJSONTranslator] Unable to look up field name for input fieldtemperature
[08:23:41.273090 ERROR] [epJSONTranslator] Unable to look up field name for input fieldtemperature
[08:23:41.273095 ERROR] [epJSONTranslator] Unable to look up field name for input fieldtemperature
[08:23:41.273101 ERROR] [epJSONTranslator] Unable to look up field name for input fieldtemperature
[08:23:41.273107 ERROR] [epJSONTranslator] Unable to look up field name for input fieldtemperature
[08:23:41.273112 ERROR] [epJSONTranslator] Unable to look up field name for input fieldtemperature
[08:23:41.273118 ERROR] [epJSONTranslator] Unable to look up field name for input fieldtemperature
[08:23:41.273160 ERROR] [epJSONTranslator] Unable to look up field name for input fieldproperty_value
[08:23:41.273167 ERROR] [epJSONTranslator] Unable to look up field name for input fieldproperty_value
[08:23:41.273173 ERROR] [epJSONTranslator] Unable to look up field name for input fieldproperty_value
[08:23:41.273179 ERROR] [epJSONTranslator] Unable to look up field name for input fieldproperty_value
[08:23:41.273185 ERROR] [epJSONTranslator] Unable to look up field name for input fieldproperty_value
[08:23:41.273191 ERROR] [epJSONTranslator] Unable to look up field name for input fieldproperty_value
[08:23:41.273197 ERROR] [epJSONTranslator] Unable to look up field name for input fieldproperty_value
[08:23:41.273203 ERROR] [epJSONTranslator] Unable to look up field name for input fieldproperty_value
[08:23:41.273209 ERROR] [epJSONTranslator] Unable to look up field name for input fieldproperty_value
[08:23:41.273215 ERROR] [epJSONTranslator] Unable to look up field name for input fieldproperty_value
[08:23:41.273221 ERROR] [epJSONTranslator] Unable to look up field name for input fieldproperty_value
[08:23:41.273228 ERROR] [epJSONTranslator] Unable to look up field name for input fieldproperty_value
[08:23:41.273234 ERROR] [epJSONTranslator] Unable to look up field name for input fieldproperty_value
[08:23:41.273239 ERROR] [epJSONTranslator] Unable to look up field name for input fieldproperty_value
[08:23:41.273246 ERROR] [epJSONTranslator] Unable to look up field name for input fieldproperty_value
[08:23:41.273252 ERROR] [epJSONTranslator] Unable to look up field name for input fieldproperty_value
[08:23:41.273257 ERROR] [epJSONTranslator] Unable to look up field name for input fieldproperty_value
[08:23:41.273263 ERROR] [epJSONTranslator] Unable to look up field name for input fieldproperty_value
[08:23:41.273269 ERROR] [epJSONTranslator] Unable to look up field name for input fieldproperty_value
[08:23:41.273274 ERROR] [epJSONTranslator] Unable to look up field name for input fieldproperty_value
[08:23:41.273280 ERROR] [epJSONTranslator] Unable to look up field name for input fieldproperty_value
[08:23:41.273286 ERROR] [epJSONTranslator] Unable to look up field name for input fieldproperty_value
[08:23:41.273291 ERROR] [epJSONTranslator] Unable to look up field name for input fieldproperty_value
[08:23:41.273297 ERROR] [epJSONTranslator] Unable to look up field name for input fieldproperty_value
[08:23:41.273303 ERROR] [epJSONTranslator] Unable to look up field name for input fieldproperty_value
[08:23:41.273308 ERROR] [epJSONTranslator] Unable to look up field name for input fieldproperty_value
[08:23:41.273314 ERROR] [epJSONTranslator] Unable to look up field name for input fieldproperty_value
[08:23:41.273320 ERROR] [epJSONTranslator] Unable to look up field name for input fieldproperty_value
[08:23:41.273327 ERROR] [epJSONTranslator] Unable to look up field name for input fieldproperty_value
[08:23:41.273332 ERROR] [epJSONTranslator] Unable to look up field name for input fieldproperty_value
[08:23:41.273338 ERROR] [epJSONTranslator] Unable to look up field name for input fieldproperty_value
[08:23:41.273343 ERROR] [epJSONTranslator] Unable to look up field name for input fieldproperty_value
[08:23:41.273349 ERROR] [epJSONTranslator] Unable to look up field name for input fieldproperty_value
[08:23:41.273354 ERROR] [epJSONTranslator] Unable to look up field name for input fieldproperty_value
[08:23:41.273360 ERROR] [epJSONTranslator] Unable to look up field name for input fieldproperty_value
[08:23:41.273366 ERROR] [epJSONTranslator] Unable to look up field name for input fieldproperty_value
[08:23:41.273371 ERROR] [epJSONTranslator] Unable to look up field name for input fieldproperty_value
[08:23:41.273377 ERROR] [epJSONTranslator] Unable to look up field name for input fieldproperty_value
[08:23:41.273382 ERROR] [epJSONTranslator] Unable to look up field name for input fieldproperty_value
[08:23:41.273388 ERROR] [epJSONTranslator] Unable to look up field name for input fieldproperty_value
[08:23:41.273394 ERROR] [epJSONTranslator] Unable to look up field name for input fieldproperty_value
[08:23:41.273400 ERROR] [epJSONTranslator] Unable to look up field name for input fieldproperty_value
[08:23:41.273405 ERROR] [epJSONTranslator] Unable to look up field name for input fieldproperty_value
[08:23:41.273411 ERROR] [epJSONTranslator] Unable to look up field name for input fieldproperty_value
[08:23:41.273417 ERROR] [epJSONTranslator] Unable to look up field name for input fieldproperty_value
[08:23:41.273431 ERROR] [epJSONTranslator] Unable to look up field name for input fieldproperty_value
[08:23:41.273437 ERROR] [epJSONTranslator] Unable to look up field name for input fieldproperty_value
[08:23:41.273443 ERROR] [epJSONTranslator] Unable to look up field name for input fieldproperty_value
[08:23:41.273449 ERROR] [epJSONTranslator] Unable to look up field name for input fieldproperty_value
[08:23:41.273455 ERROR] [epJSONTranslator] Unable to look up field name for input fieldproperty_value
[08:23:41.273461 ERROR] [epJSONTranslator] Unable to look up field name for input fieldproperty_value
[08:23:41.273467 ERROR] [epJSONTranslator] Unable to look up field name for input fieldproperty_value
[08:23:41.273473 ERROR] [epJSONTranslator] Unable to look up field name for input fieldproperty_value
[08:23:41.273479 ERROR] [epJSONTranslator] Unable to look up field name for input fieldproperty_value
[08:23:41.273485 ERROR] [epJSONTranslator] Unable to look up field name for input fieldproperty_value
[08:23:41.273490 ERROR] [epJSONTranslator] Unable to look up field name for input fieldproperty_value
[08:23:41.273496 ERROR] [epJSONTranslator] Unable to look up field name for input fieldproperty_value
[08:23:41.273502 ERROR] [epJSONTranslator] Unable to look up field name for input fieldproperty_value
[08:23:41.273508 ERROR] [epJSONTranslator] Unable to look up field name for input fieldproperty_value
[08:23:41.273513 ERROR] [epJSONTranslator] Unable to look up field name for input fieldproperty_value
[08:23:41.273519 ERROR] [epJSONTranslator] Unable to look up field name for input fieldproperty_value
[08:23:41.273525 ERROR] [epJSONTranslator] Unable to look up field name for input fieldproperty_value
[08:23:41.273530 ERROR] [epJSONTranslator] Unable to look up field name for input fieldproperty_value
[08:23:41.273536 ERROR] [epJSONTranslator] Unable to look up field name for input fieldproperty_value
[08:23:41.273541 ERROR] [epJSONTranslator] Unable to look up field name for input fieldproperty_value
[08:23:41.273547 ERROR] [epJSONTranslator] Unable to look up field name for input fieldproperty_value
[08:23:41.273553 ERROR] [epJSONTranslator] Unable to look up field name for input fieldproperty_value
[08:23:41.273558 ERROR] [epJSONTranslator] Unable to look up field name for input fieldproperty_value
[08:23:41.273564 ERROR] [epJSONTranslator] Unable to look up field name for input fieldproperty_value
[08:23:41.273570 ERROR] [epJSONTranslator] Unable to look up field name for input fieldproperty_value
[08:23:41.273575 ERROR] [epJSONTranslator] Unable to look up field name for input fieldproperty_value
[08:23:41.273581 ERROR] [epJSONTranslator] Unable to look up field name for input fieldproperty_value
[08:23:41.273587 ERROR] [epJSONTranslator] Unable to look up field name for input fieldproperty_value
[08:23:41.273593 ERROR] [epJSONTranslator] Unable to look up field name for input fieldproperty_value
[08:23:41.273599 ERROR] [epJSONTranslator] Unable to look up field name for input fieldproperty_value
[08:23:41.273605 ERROR] [epJSONTranslator] Unable to look up field name for input fieldproperty_value
[08:23:41.273612 ERROR] [epJSONTranslator] Unable to look up field name for input fieldproperty_value
[08:23:41.273619 ERROR] [epJSONTranslator] Unable to look up field name for input fieldproperty_value
[08:23:41.273626 ERROR] [epJSONTranslator] Unable to look up field name for input fieldproperty_value
[08:23:41.273632 ERROR] [epJSONTranslator] Unable to look up field name for input fieldproperty_value
[08:23:41.273638 ERROR] [epJSONTranslator] Unable to look up field name for input fieldproperty_value
[08:23:41.273644 ERROR] [epJSONTranslator] Unable to look up field name for input fieldproperty_value
[08:23:41.273650 ERROR] [epJSONTranslator] Unable to look up field name for input fieldproperty_value
[08:23:41.273656 ERROR] [epJSONTranslator] Unable to look up field name for input fieldproperty_value
[08:23:41.273663 ERROR] [epJSONTranslator] Unable to look up field name for input fieldproperty_value
[08:23:41.273669 ERROR] [epJSONTranslator] Unable to look up field name for input fieldproperty_value
[08:23:41.273675 ERROR] [epJSONTranslator] Unable to look up field name for input fieldproperty_value
[08:23:41.273683 ERROR] [epJSONTranslator] Unable to look up field name for input fieldproperty_value
[08:23:41.273690 ERROR] [epJSONTranslator] Unable to look up field name for input fieldproperty_value
[08:23:41.273697 ERROR] [epJSONTranslator] Unable to look up field name for input fieldproperty_value
[08:23:41.273711 ERROR] [epJSONTranslator] Unable to look up field name for input fieldproperty_value
[08:23:41.273717 ERROR] [epJSONTranslator] Unable to look up field name for input fieldproperty_value
[08:23:41.273723 ERROR] [epJSONTranslator] Unable to look up field name for input fieldproperty_value
[08:23:41.273728 ERROR] [epJSONTranslator] Unable to look up field name for input fieldproperty_value
[08:23:41.273734 ERROR] [epJSONTranslator] Unable to look up field name for input fieldproperty_value
[08:23:41.273740 ERROR] [epJSONTranslator] Unable to look up field name for input fieldproperty_value
[08:23:41.273746 ERROR] [epJSONTranslator] Unable to look up field name for input fieldproperty_value
[08:23:41.273752 ERROR] [epJSONTranslator] Unable to look up field name for input fieldproperty_value
[08:23:41.273760 ERROR] [epJSONTranslator] Unable to look up field name for input fieldproperty_value
[08:23:41.273768 ERROR] [epJSONTranslator] Unable to look up field name for input fieldproperty_value
[08:23:41.273775 ERROR] [epJSONTranslator] Unable to look up field name for input fieldproperty_value
[08:23:41.273782 ERROR] [epJSONTranslator] Unable to look up field name for input fieldproperty_value
[08:23:41.273788 ERROR] [epJSONTranslator] Unable to look up field name for input fieldproperty_value
[08:23:41.273795 ERROR] [epJSONTranslator] Unable to look up field name for input fieldproperty_value
[08:23:41.273801 ERROR] [epJSONTranslator] Unable to look up field name for input fieldproperty_value
[08:23:41.273807 ERROR] [epJSONTranslator] Unable to look up field name for input fieldproperty_value
[08:23:41.273814 ERROR] [epJSONTranslator] Unable to look up field name for input fieldproperty_value
[08:23:41.273822 ERROR] [epJSONTranslator] Unable to look up field name for input fieldproperty_value
[08:23:41.273828 ERROR] [epJSONTranslator] Unable to look up field name for input fieldproperty_value
[08:23:41.273834 ERROR] [epJSONTranslator] Unable to look up field name for input fieldproperty_value
[08:23:41.273840 ERROR] [epJSONTranslator] Unable to look up field name for input fieldproperty_value
[08:23:41.273846 ERROR] [epJSONTranslator] Unable to look up field name for input fieldproperty_value
[08:23:41.273853 ERROR] [epJSONTranslator] Unable to look up field name for input fieldproperty_value
[08:23:41.273859 ERROR] [epJSONTranslator] Unable to look up field name for input fieldproperty_value
[08:23:41.273866 ERROR] [epJSONTranslator] Unable to look up field name for input fieldproperty_value
[08:23:41.273871 ERROR] [epJSONTranslator] Unable to look up field name for input fieldproperty_value
[08:23:41.273877 ERROR] [epJSONTranslator] Unable to look up field name for input fieldproperty_value
[08:23:41.273883 ERROR] [epJSONTranslator] Unable to look up field name for input fieldproperty_value
[08:23:41.273889 ERROR] [epJSONTranslator] Unable to look up field name for input fieldproperty_value
[08:23:41.273895 ERROR] [epJSONTranslator] Unable to look up field name for input fieldproperty_value
[08:23:41.273901 ERROR] [epJSONTranslator] Unable to look up field name for input fieldproperty_value
[08:23:41.273908 ERROR] [epJSONTranslator] Unable to look up field name for input fieldproperty_value
[08:23:41.273913 ERROR] [epJSONTranslator] Unable to look up field name for input fieldproperty_value
[08:23:41.273919 ERROR] [epJSONTranslator] Unable to look up field name for input fieldproperty_value
[08:23:41.273924 ERROR] [epJSONTranslator] Unable to look up field name for input fieldproperty_value
[08:23:41.273930 ERROR] [epJSONTranslator] Unable to look up field name for input fieldproperty_value
[08:23:41.273936 ERROR] [epJSONTranslator] Unable to look up field name for input fieldproperty_value
[08:23:41.273942 ERROR] [epJSONTranslator] Unable to look up field name for input fieldproperty_value
[08:23:41.273948 ERROR] [epJSONTranslator] Unable to look up field name for input fieldproperty_value
[08:23:41.273955 ERROR] [epJSONTranslator] Unable to look up field name for input fieldproperty_value
[08:23:41.273962 ERROR] [epJSONTranslator] Unable to look up field name for input fieldproperty_value
[08:23:41.273969 ERROR] [epJSONTranslator] Unable to look up field name for input fieldproperty_value
[08:23:41.273976 ERROR] [epJSONTranslator] Unable to look up field name for input fieldproperty_value
[08:23:41.273982 ERROR] [epJSONTranslator] Unable to look up field name for input fieldproperty_value
[08:23:41.273988 ERROR] [epJSONTranslator] Unable to look up field name for input fieldproperty_value
[08:23:41.274000 ERROR] [epJSONTranslator] Unable to look up field name for input fieldproperty_value
[08:23:41.274006 ERROR] [epJSONTranslator] Unable to look up field name for input fieldproperty_value
[08:23:41.274012 ERROR] [epJSONTranslator] Unable to look up field name for input fieldproperty_value
[08:23:41.274018 ERROR] [epJSONTranslator] Unable to look up field name for input fieldproperty_value
[08:23:41.274023 ERROR] [epJSONTranslator] Unable to look up field name for input fieldproperty_value
[08:23:41.274029 ERROR] [epJSONTranslator] Unable to look up field name for input fieldproperty_value
[08:23:41.274034 ERROR] [epJSONTranslator] Unable to look up field name for input fieldproperty_value
[08:23:41.274040 ERROR] [epJSONTranslator] Unable to look up field name for input fieldproperty_value
[08:23:41.274046 ERROR] [epJSONTranslator] Unable to look up field name for input fieldproperty_value
[08:23:41.274051 ERROR] [epJSONTranslator] Unable to look up field name for input fieldproperty_value
[08:23:41.274057 ERROR] [epJSONTranslator] Unable to look up field name for input fieldproperty_value
[08:23:41.274062 ERROR] [epJSONTranslator] Unable to look up field name for input fieldproperty_value
[08:23:41.274068 ERROR] [epJSONTranslator] Unable to look up field name for input fieldproperty_value
[08:23:41.274074 ERROR] [epJSONTranslator] Unable to look up field name for input fieldproperty_value
[08:23:41.274079 ERROR] [epJSONTranslator] Unable to look up field name for input fieldproperty_value
[08:23:41.274085 ERROR] [epJSONTranslator] Unable to look up field name for input fieldproperty_value
[08:23:41.274091 ERROR] [epJSONTranslator] Unable to look up field name for input fieldproperty_value
[08:23:41.274096 ERROR] [epJSONTranslator] Unable to look up field name for input fieldproperty_value
[08:23:41.274102 ERROR] [epJSONTranslator] Unable to look up field name for input fieldproperty_value
[08:23:41.274107 ERROR] [epJSONTranslator] Unable to look up field name for input fieldproperty_value
[08:23:41.274113 ERROR] [epJSONTranslator] Unable to look up field name for input fieldproperty_value
[08:23:41.274119 ERROR] [epJSONTranslator] Unable to look up field name for input fieldproperty_value
[08:23:41.274124 ERROR] [epJSONTranslator] Unable to look up field name for input fieldproperty_value
[08:23:41.274131 ERROR] [epJSONTranslator] Unable to look up field name for input fieldproperty_value
[08:23:41.274136 ERROR] [epJSONTranslator] Unable to look up field name for input fieldproperty_value
[08:23:41.274142 ERROR] [epJSONTranslator] Unable to look up field name for input fieldproperty_value
[08:23:41.274148 ERROR] [epJSONTranslator] Unable to look up field name for input fieldproperty_value
[08:23:41.274153 ERROR] [epJSONTranslator] Unable to look up field name for input fieldproperty_value
[08:23:41.274159 ERROR] [epJSONTranslator] Unable to look up field name for input fieldproperty_value
[08:23:41.274167 ERROR] [epJSONTranslator] Unable to look up field name for input fieldproperty_value
[08:23:41.274176 ERROR] [epJSONTranslator] Unable to look up field name for input fieldproperty_value
[08:23:41.274184 ERROR] [epJSONTranslator] Unable to look up field name for input fieldproperty_value
[08:23:41.274192 ERROR] [epJSONTranslator] Unable to look up field name for input fieldproperty_value
[08:23:41.274198 ERROR] [epJSONTranslator] Unable to look up field name for input fieldproperty_value
[08:23:41.274207 ERROR] [epJSONTranslator] Unable to look up field name for input fieldproperty_value
[08:23:41.274215 ERROR] [epJSONTranslator] Unable to look up field name for input fieldproperty_value
[08:23:41.274222 ERROR] [epJSONTranslator] Unable to look up field name for input fieldproperty_value
[08:23:41.274228 ERROR] [epJSONTranslator] Unable to look up field name for input fieldproperty_value
[08:23:41.274234 ERROR] [epJSONTranslator] Unable to look up field name for input fieldproperty_value
[08:23:41.274239 ERROR] [epJSONTranslator] Unable to look up field name for input fieldproperty_value
[08:23:41.274246 ERROR] [epJSONTranslator] Unable to look up field name for input fieldproperty_value
[08:23:41.274255 ERROR] [epJSONTranslator] Unable to look up field name for input fieldproperty_value
[08:23:41.274262 ERROR] [epJSONTranslator] Unable to look up field name for input fieldproperty_value
[08:23:41.274268 ERROR] [epJSONTranslator] Unable to look up field name for input fieldproperty_value
[08:23:41.274274 ERROR] [epJSONTranslator] Unable to look up field name for input fieldproperty_value
[08:23:41.274287 ERROR] [epJSONTranslator] Unable to look up field name for input fieldproperty_value
[08:23:41.274294 ERROR] [epJSONTranslator] Unable to look up field name for input fieldproperty_value
[08:23:41.274301 ERROR] [epJSONTranslator] Unable to look up field name for input fieldproperty_value
[08:23:41.274308 ERROR] [epJSONTranslator] Unable to look up field name for input fieldproperty_value
[08:23:41.274314 ERROR] [epJSONTranslator] Unable to look up field name for input fieldproperty_value
[08:23:41.274321 ERROR] [epJSONTranslator] Unable to look up field name for input fieldproperty_value
[08:23:41.274327 ERROR] [epJSONTranslator] Unable to look up field name for input fieldproperty_value
[08:23:41.274333 ERROR] [epJSONTranslator] Unable to look up field name for input fieldproperty_value
[08:23:41.274339 ERROR] [epJSONTranslator] Unable to look up field name for input fieldproperty_value
[08:23:41.274346 ERROR] [epJSONTranslator] Unable to look up field name for input fieldproperty_value
[08:23:41.274351 ERROR] [epJSONTranslator] Unable to look up field name for input fieldproperty_value
[08:23:41.274357 ERROR] [epJSONTranslator] Unable to look up field name for input fieldproperty_value
[08:23:41.274363 ERROR] [epJSONTranslator] Unable to look up field name for input fieldproperty_value
[08:23:41.274369 ERROR] [epJSONTranslator] Unable to look up field name for input fieldproperty_value
[08:23:41.274377 ERROR] [epJSONTranslator] Unable to look up field name for input fieldproperty_value
[08:23:41.274387 ERROR] [epJSONTranslator] Unable to look up field name for input fieldproperty_value
[08:23:41.274394 ERROR] [epJSONTranslator] Unable to look up field name for input fieldproperty_value
[08:23:41.274400 ERROR] [epJSONTranslator] Unable to look up field name for input fieldproperty_value
[08:23:41.274405 ERROR] [epJSONTranslator] Unable to look up field name for input fieldproperty_value
[08:23:41.274411 ERROR] [epJSONTranslator] Unable to look up field name for input fieldproperty_value
[08:23:41.274417 ERROR] [epJSONTranslator] Unable to look up field name for input fieldproperty_value
[08:23:41.274422 ERROR] [epJSONTranslator] Unable to look up field name for input fieldproperty_value
[08:23:41.274428 ERROR] [epJSONTranslator] Unable to look up field name for input fieldproperty_value
[08:23:41.274434 ERROR] [epJSONTranslator] Unable to look up field name for input fieldproperty_value
[08:23:41.274439 ERROR] [epJSONTranslator] Unable to look up field name for input fieldproperty_value
[08:23:41.274445 ERROR] [epJSONTranslator] Unable to look up field name for input fieldproperty_value
[08:23:41.274451 ERROR] [epJSONTranslator] Unable to look up field name for input fieldproperty_value
[08:23:41.274457 ERROR] [epJSONTranslator] Unable to look up field name for input fieldproperty_value
[08:23:41.274463 ERROR] [epJSONTranslator] Unable to look up field name for input fieldproperty_value
[08:23:41.274469 ERROR] [epJSONTranslator] Unable to look up field name for input fieldproperty_value
[08:23:41.274475 ERROR] [epJSONTranslator] Unable to look up field name for input fieldproperty_value
[08:23:41.274481 ERROR] [epJSONTranslator] Unable to look up field name for input fieldproperty_value
[08:23:41.274488 ERROR] [epJSONTranslator] Unable to look up field name for input fieldproperty_value
[08:23:41.274495 ERROR] [epJSONTranslator] Unable to look up field name for input fieldproperty_value
[08:23:41.274500 ERROR] [epJSONTranslator] Unable to look up field name for input fieldproperty_value
[08:23:41.274506 ERROR] [epJSONTranslator] Unable to look up field name for input fieldproperty_value
[08:23:41.274512 ERROR] [epJSONTranslator] Unable to look up field name for input fieldproperty_value
[08:23:41.274517 ERROR] [epJSONTranslator] Unable to look up field name for input fieldproperty_value
[08:23:41.274523 ERROR] [epJSONTranslator] Unable to look up field name for input fieldproperty_value
[08:23:41.274529 ERROR] [epJSONTranslator] Unable to look up field name for input fieldproperty_value
[08:23:41.274535 ERROR] [epJSONTranslator] Unable to look up field name for input fieldproperty_value
[08:23:41.274542 ERROR] [epJSONTranslator] Unable to look up field name for input fieldproperty_value
[08:23:41.274549 ERROR] [epJSONTranslator] Unable to look up field name for input fieldproperty_value
[08:23:41.274555 ERROR] [epJSONTranslator] Unable to look up field name for input fieldproperty_value
[08:23:41.274560 ERROR] [epJSONTranslator] Unable to look up field name for input fieldproperty_value
[08:23:41.274573 ERROR] [epJSONTranslator] Unable to look up field name for input fieldproperty_value
[08:23:41.274579 ERROR] [epJSONTranslator] Unable to look up field name for input fieldproperty_value
[08:23:41.274585 ERROR] [epJSONTranslator] Unable to look up field name for input fieldproperty_value
[08:23:41.274591 ERROR] [epJSONTranslator] Unable to look up field name for input fieldproperty_value
[08:23:41.274596 ERROR] [epJSONTranslator] Unable to look up field name for input fieldproperty_value
[08:23:41.274602 ERROR] [epJSONTranslator] Unable to look up field name for input fieldproperty_value
[08:23:41.274608 ERROR] [epJSONTranslator] Unable to look up field name for input fieldproperty_value
[08:23:41.274613 ERROR] [epJSONTranslator] Unable to look up field name for input fieldproperty_value
[08:23:41.274619 ERROR] [epJSONTranslator] Unable to look up field name for input fieldproperty_value
[08:23:41.274625 ERROR] [epJSONTranslator] Unable to look up field name for input fieldproperty_value
[08:23:41.274631 ERROR] [epJSONTranslator] Unable to look up field name for input fieldproperty_value
[08:23:41.274636 ERROR] [epJSONTranslator] Unable to look up field name for input fieldproperty_value
[08:23:41.274642 ERROR] [epJSONTranslator] Unable to look up field name for input fieldproperty_value
[08:23:41.274648 ERROR] [epJSONTranslator] Unable to look up field name for input fieldproperty_value
[08:23:41.274654 ERROR] [epJSONTranslator] Unable to look up field name for input fieldproperty_value
[08:23:41.274660 ERROR] [epJSONTranslator] Unable to look up field name for input fieldproperty_value
[08:23:41.274666 ERROR] [epJSONTranslator] Unable to look up field name for input fieldproperty_value
[08:23:41.274673 ERROR] [epJSONTranslator] Unable to look up field name for input fieldproperty_value
[08:23:41.274679 ERROR] [epJSONTranslator] Unable to look up field name for input fieldproperty_value
[08:23:41.274686 ERROR] [epJSONTranslator] Unable to look up field name for input fieldproperty_value
[08:23:41.274692 ERROR] [epJSONTranslator] Unable to look up field name for input fieldproperty_value
[08:23:41.274698 ERROR] [epJSONTranslator] Unable to look up field name for input fieldproperty_value
[08:23:41.274704 ERROR] [epJSONTranslator] Unable to look up field name for input fieldproperty_value
[08:23:41.274715 ERROR] [epJSONTranslator] Unable to look up field name for input fieldproperty_value
[08:23:41.274721 ERROR] [epJSONTranslator] Unable to look up field name for input fieldproperty_value
[08:23:41.274728 ERROR] [epJSONTranslator] Unable to look up field name for input fieldproperty_value
[08:23:41.274734 ERROR] [epJSONTranslator] Unable to look up field name for input fieldproperty_value
[08:23:41.274740 ERROR] [epJSONTranslator] Unable to look up field name for input fieldproperty_value
[08:23:41.274745 ERROR] [epJSONTranslator] Unable to look up field name for input fieldproperty_value
[08:23:41.274751 ERROR] [epJSONTranslator] Unable to look up field name for input fieldproperty_value
[08:23:41.274756 ERROR] [epJSONTranslator] Unable to look up field name for input fieldproperty_value
[08:23:41.274762 ERROR] [epJSONTranslator] Unable to look up field name for input fieldproperty_value
[08:23:41.274769 ERROR] [epJSONTranslator] Unable to look up field name for input fieldproperty_value
[08:23:41.274775 ERROR] [epJSONTranslator] Unable to look up field name for input fieldproperty_value
[08:23:41.274784 ERROR] [epJSONTranslator] Unable to look up field name for input fieldproperty_value
[08:23:41.274790 ERROR] [epJSONTranslator] Unable to look up field name for input fieldproperty_value
[08:23:41.274796 ERROR] [epJSONTranslator] Unable to look up field name for input fieldproperty_value
[08:23:41.274801 ERROR] [epJSONTranslator] Unable to look up field name for input fieldproperty_value
[08:23:41.274807 ERROR] [epJSONTranslator] Unable to look up field name for input fieldproperty_value
[08:23:41.274813 ERROR] [epJSONTranslator] Unable to look up field name for input fieldproperty_value
[08:23:41.274818 ERROR] [epJSONTranslator] Unable to look up field name for input fieldproperty_value
[08:23:41.274824 ERROR] [epJSONTranslator] Unable to look up field name for input fieldproperty_value
[08:23:41.274830 ERROR] [epJSONTranslator] Unable to look up field name for input fieldproperty_value
[08:23:41.274835 ERROR] [epJSONTranslator] Unable to look up field name for input fieldproperty_value
[08:23:41.274841 ERROR] [epJSONTranslator] Unable to look up field name for input fieldproperty_value
[08:23:41.274857 ERROR] [epJSONTranslator] Unable to look up field name for input fieldproperty_value
[08:23:41.274866 ERROR] [epJSONTranslator] Unable to look up field name for input fieldproperty_value
[08:23:41.274874 ERROR] [epJSONTranslator] Unable to look up field name for input fieldproperty_value
[08:23:41.274880 ERROR] [epJSONTranslator] Unable to look up field name for input fieldproperty_value
[08:23:41.274886 ERROR] [epJSONTranslator] Unable to look up field name for input fieldproperty_value
[08:23:41.274891 ERROR] [epJSONTranslator] Unable to look up field name for input fieldproperty_value
[08:23:41.274897 ERROR] [epJSONTranslator] Unable to look up field name for input fieldproperty_value
[08:23:41.274903 ERROR] [epJSONTranslator] Unable to look up field name for input fieldproperty_value
[08:23:41.274908 ERROR] [epJSONTranslator] Unable to look up field name for input fieldproperty_value
[08:23:41.274914 ERROR] [epJSONTranslator] Unable to look up field name for input fieldproperty_value
[08:23:41.274920 ERROR] [epJSONTranslator] Unable to look up field name for input fieldproperty_value
[08:23:41.274925 ERROR] [epJSONTranslator] Unable to look up field name for input fieldproperty_value
[08:23:41.274931 ERROR] [epJSONTranslator] Unable to look up field name for input fieldproperty_value
[08:23:41.274937 ERROR] [epJSONTranslator] Unable to look up field name for input fieldproperty_value
[08:23:41.274942 ERROR] [epJSONTranslator] Unable to look up field name for input fieldproperty_value
[08:23:41.274948 ERROR] [epJSONTranslator] Unable to look up field name for input fieldproperty_value
[08:23:41.274953 ERROR] [epJSONTranslator] Unable to look up field name for input fieldproperty_value
[08:23:41.274959 ERROR] [epJSONTranslator] Unable to look up field name for input fieldproperty_value
[08:23:41.274965 ERROR] [epJSONTranslator] Unable to look up field name for input fieldproperty_value
[08:23:41.274970 ERROR] [epJSONTranslator] Unable to look up field name for input fieldproperty_value
[08:23:41.274977 ERROR] [epJSONTranslator] Unable to look up field name for input fieldproperty_value
[08:23:41.274984 ERROR] [epJSONTranslator] Unable to look up field name for input fieldproperty_value
[08:23:41.274994 ERROR] [epJSONTranslator] Unable to look up field name for input fieldproperty_value
[08:23:41.275005 ERROR] [epJSONTranslator] Unable to look up field name for input fieldproperty_value
[08:23:41.275012 ERROR] [epJSONTranslator] Unable to look up field name for input fieldproperty_value
[08:23:41.275018 ERROR] [epJSONTranslator] Unable to look up field name for input fieldproperty_value
[08:23:41.275024 ERROR] [epJSONTranslator] Unable to look up field name for input fieldproperty_value
[08:23:41.275030 ERROR] [epJSONTranslator] Unable to look up field name for input fieldproperty_value
[08:23:41.275036 ERROR] [epJSONTranslator] Unable to look up field name for input fieldproperty_value
[08:23:41.275044 ERROR] [epJSONTranslator] Unable to look up field name for input fieldproperty_value
[08:23:41.275050 ERROR] [epJSONTranslator] Unable to look up field name for input fieldproperty_value
[08:23:41.275056 ERROR] [epJSONTranslator] Unable to look up field name for input fieldproperty_value
[08:23:41.275062 ERROR] [epJSONTranslator] Unable to look up field name for input fieldproperty_value
[08:23:41.275067 ERROR] [epJSONTranslator] Unable to look up field name for input fieldproperty_value
[08:23:41.275073 ERROR] [epJSONTranslator] Unable to look up field name for input fieldproperty_value
[08:23:41.275078 ERROR] [epJSONTranslator] Unable to look up field name for input fieldproperty_value
[08:23:41.275084 ERROR] [epJSONTranslator] Unable to look up field name for input fieldproperty_value
[08:23:41.275089 ERROR] [epJSONTranslator] Unable to look up field name for input fieldproperty_value
[08:23:41.275095 ERROR] [epJSONTranslator] Unable to look up field name for input fieldproperty_value
[08:23:41.275103 ERROR] [epJSONTranslator] Unable to look up field name for input fieldproperty_value
[08:23:41.275112 ERROR] [epJSONTranslator] Unable to look up field name for input fieldproperty_value
[08:23:41.275118 ERROR] [epJSONTranslator] Unable to look up field name for input fieldproperty_value
[08:23:41.275126 ERROR] [epJSONTranslator] Unable to look up field name for input fieldproperty_value
[08:23:41.275131 ERROR] [epJSONTranslator] Unable to look up field name for input fieldproperty_value
[08:23:41.275137 ERROR] [epJSONTranslator] Unable to look up field name for input fieldproperty_value
[08:23:41.275152 ERROR] [epJSONTranslator] Unable to look up field name for input fieldproperty_value
[08:23:41.275159 ERROR] [epJSONTranslator] Unable to look up field name for input fieldproperty_value
[08:23:41.275166 ERROR] [epJSONTranslator] Unable to look up field name for input fieldproperty_value
[08:23:41.275172 ERROR] [epJSONTranslator] Unable to look up field name for input fieldproperty_value
[08:23:41.275178 ERROR] [epJSONTranslator] Unable to look up field name for input fieldproperty_value
[08:23:41.275184 ERROR] [epJSONTranslator] Unable to look up field name for input fieldproperty_value
[08:23:41.275190 ERROR] [epJSONTranslator] Unable to look up field name for input fieldproperty_value
[08:23:41.275195 ERROR] [epJSONTranslator] Unable to look up field name for input fieldproperty_value
[08:23:41.275201 ERROR] [epJSONTranslator] Unable to look up field name for input fieldproperty_value
[08:23:41.275206 ERROR] [epJSONTranslator] Unable to look up field name for input fieldproperty_value
[08:23:41.275212 ERROR] [epJSONTranslator] Unable to look up field name for input fieldproperty_value
[08:23:41.275218 ERROR] [epJSONTranslator] Unable to look up field name for input fieldproperty_value
[08:23:41.275223 ERROR] [epJSONTranslator] Unable to look up field name for input fieldproperty_value
[08:23:41.275229 ERROR] [epJSONTranslator] Unable to look up field name for input fieldproperty_value
[08:23:41.275235 ERROR] [epJSONTranslator] Unable to look up field name for input fieldproperty_value
[08:23:41.275240 ERROR] [epJSONTranslator] Unable to look up field name for input fieldproperty_value
[08:23:41.275246 ERROR] [epJSONTranslator] Unable to look up field name for input fieldproperty_value
[08:23:41.275252 ERROR] [epJSONTranslator] Unable to look up field name for input fieldproperty_value
[08:23:41.275257 ERROR] [epJSONTranslator] Unable to look up field name for input fieldproperty_value
[08:23:41.275263 ERROR] [epJSONTranslator] Unable to look up field name for input fieldproperty_value
[08:23:41.275270 ERROR] [epJSONTranslator] Unable to look up field name for input fieldproperty_value
[08:23:41.275276 ERROR] [epJSONTranslator] Unable to look up field name for input fieldproperty_value
[08:23:41.275281 ERROR] [epJSONTranslator] Unable to look up field name for input fieldproperty_value
[08:23:41.275287 ERROR] [epJSONTranslator] Unable to look up field name for input fieldproperty_value
[08:23:41.275293 ERROR] [epJSONTranslator] Unable to look up field name for input fieldproperty_value
[08:23:41.275299 ERROR] [epJSONTranslator] Unable to look up field name for input fieldproperty_value
[08:23:41.275305 ERROR] [epJSONTranslator] Unable to look up field name for input fieldproperty_value
[08:23:41.275312 ERROR] [epJSONTranslator] Unable to look up field name for input fieldproperty_value
[08:23:41.275319 ERROR] [epJSONTranslator] Unable to look up field name for input fieldproperty_value
[08:23:41.275326 ERROR] [epJSONTranslator] Unable to look up field name for input fieldproperty_value
[08:23:41.275331 ERROR] [epJSONTranslator] Unable to look up field name for input fieldproperty_value
[08:23:41.275337 ERROR] [epJSONTranslator] Unable to look up field name for input fieldproperty_value
[08:23:41.275343 ERROR] [epJSONTranslator] Unable to look up field name for input fieldproperty_value
[08:23:41.275349 ERROR] [epJSONTranslator] Unable to look up field name for input fieldproperty_value
[08:23:41.275358 ERROR] [epJSONTranslator] Unable to look up field name for input fieldproperty_value
[08:23:41.275368 ERROR] [epJSONTranslator] Unable to look up field name for input fieldproperty_value
[08:23:41.275375 ERROR] [epJSONTranslator] Unable to look up field name for input fieldproperty_value
[08:23:41.275382 ERROR] [epJSONTranslator] Unable to look up field name for input fieldproperty_value
[08:23:41.275389 ERROR] [epJSONTranslator] Unable to look up field name for input fieldproperty_value
[08:23:41.275395 ERROR] [epJSONTranslator] Unable to look up field name for input fieldproperty_value
[08:23:41.275401 ERROR] [epJSONTranslator] Unable to look up field name for input fieldproperty_value
[08:23:41.275406 ERROR] [epJSONTranslator] Unable to look up field name for input fieldproperty_value
[08:23:41.275413 ERROR] [epJSONTranslator] Unable to look up field name for input fieldproperty_value
[08:23:41.275422 ERROR] [epJSONTranslator] Unable to look up field name for input fieldproperty_value
[08:23:41.275429 ERROR] [epJSONTranslator] Unable to look up field name for input fieldproperty_value
[08:23:41.275442 ERROR] [epJSONTranslator] Unable to look up field name for input fieldproperty_value
[08:23:41.275448 ERROR] [epJSONTranslator] Unable to look up field name for input fieldproperty_value
[08:23:41.275454 ERROR] [epJSONTranslator] Unable to look up field name for input fieldproperty_value
[08:23:41.275460 ERROR] [epJSONTranslator] Unable to look up field name for input fieldproperty_value
[08:23:41.275466 ERROR] [epJSONTranslator] Unable to look up field name for input fieldproperty_value
[08:23:41.275471 ERROR] [epJSONTranslator] Unable to look up field name for input fieldproperty_value
[08:23:41.275477 ERROR] [epJSONTranslator] Unable to look up field name for input fieldproperty_value
[08:23:41.275483 ERROR] [epJSONTranslator] Unable to look up field name for input fieldproperty_value
[08:23:41.275488 ERROR] [epJSONTranslator] Unable to look up field name for input fieldproperty_value
[08:23:41.275494 ERROR] [epJSONTranslator] Unable to look up field name for input fieldproperty_value
[08:23:41.275499 ERROR] [epJSONTranslator] Unable to look up field name for input fieldproperty_value
[08:23:41.275505 ERROR] [epJSONTranslator] Unable to look up field name for input fieldproperty_value
[08:23:41.275511 ERROR] [epJSONTranslator] Unable to look up field name for input fieldproperty_value
[08:23:41.275516 ERROR] [epJSONTranslator] Unable to look up field name for input fieldproperty_value
[08:23:41.275522 ERROR] [epJSONTranslator] Unable to look up field name for input fieldproperty_value
[08:23:41.275527 ERROR] [epJSONTranslator] Unable to look up field name for input fieldproperty_value
[08:23:41.275535 ERROR] [epJSONTranslator] Unable to look up field name for input fieldproperty_value
[08:23:41.275541 ERROR] [epJSONTranslator] Unable to look up field name for input fieldproperty_value
[08:23:41.275546 ERROR] [epJSONTranslator] Unable to look up field name for input fieldproperty_value
[08:23:41.275552 ERROR] [epJSONTranslator] Unable to look up field name for input fieldproperty_value
[08:23:41.275559 ERROR] [epJSONTranslator] Unable to look up field name for input fieldproperty_value
[08:23:41.275567 ERROR] [epJSONTranslator] Unable to look up field name for input fieldproperty_value
[08:23:41.275575 ERROR] [epJSONTranslator] Unable to look up field name for input fieldproperty_value
[08:23:41.275583 ERROR] [epJSONTranslator] Unable to look up field name for input fieldproperty_value
[08:23:41.275591 ERROR] [epJSONTranslator] Unable to look up field name for input fieldproperty_value
[08:23:41.275598 ERROR] [epJSONTranslator] Unable to look up field name for input fieldproperty_value
[08:23:41.275604 ERROR] [epJSONTranslator] Unable to look up field name for input fieldproperty_value
[08:23:41.275609 ERROR] [epJSONTranslator] Unable to look up field name for input fieldproperty_value
[08:23:41.275615 ERROR] [epJSONTranslator] Unable to look up field name for input fieldproperty_value
[08:23:41.275622 ERROR] [epJSONTranslator] Unable to look up field name for input fieldproperty_value
[08:23:41.275629 ERROR] [epJSONTranslator] Unable to look up field name for input fieldproperty_value
[08:23:41.275637 ERROR] [epJSONTranslator] Unable to look up field name for input fieldproperty_value
[08:23:41.275644 ERROR] [epJSONTranslator] Unable to look up field name for input fieldproperty_value
[08:23:41.275650 ERROR] [epJSONTranslator] Unable to look up field name for input fieldproperty_value
[08:23:41.275655 ERROR] [epJSONTranslator] Unable to look up field name for input fieldproperty_value
[08:23:41.275661 ERROR] [epJSONTranslator] Unable to look up field name for input fieldproperty_value
[08:23:41.275666 ERROR] [epJSONTranslator] Unable to look up field name for input fieldproperty_value
[08:23:41.275674 ERROR] [epJSONTranslator] Unable to look up field name for input fieldproperty_value
[08:23:41.275683 ERROR] [epJSONTranslator] Unable to look up field name for input fieldproperty_value
[08:23:41.275690 ERROR] [epJSONTranslator] Unable to look up field name for input fieldproperty_value
[08:23:41.275698 ERROR] [epJSONTranslator] Unable to look up field name for input fieldproperty_value
[08:23:41.275705 ERROR] [epJSONTranslator] Unable to look up field name for input fieldproperty_value
[08:23:41.275712 ERROR] [epJSONTranslator] Unable to look up field name for input fieldproperty_value
[08:23:41.275719 ERROR] [epJSONTranslator] Unable to look up field name for input fieldproperty_value
[08:23:41.275725 ERROR] [epJSONTranslator] Unable to look up field name for input fieldproperty_value
[08:23:41.275738 ERROR] [epJSONTranslator] Unable to look up field name for input fieldproperty_value
[08:23:41.275744 ERROR] [epJSONTranslator] Unable to look up field name for input fieldproperty_value
[08:23:41.275749 ERROR] [epJSONTranslator] Unable to look up field name for input fieldproperty_value
[08:23:41.275755 ERROR] [epJSONTranslator] Unable to look up field name for input fieldproperty_value
[08:23:41.275761 ERROR] [epJSONTranslator] Unable to look up field name for input fieldproperty_value
[08:23:41.275767 ERROR] [epJSONTranslator] Unable to look up field name for input fieldproperty_value
[08:23:41.275772 ERROR] [epJSONTranslator] Unable to look up field name for input fieldproperty_value
[08:23:41.275778 ERROR] [epJSONTranslator] Unable to look up field name for input fieldproperty_value
[08:23:41.275783 ERROR] [epJSONTranslator] Unable to look up field name for input fieldproperty_value
[08:23:41.275789 ERROR] [epJSONTranslator] Unable to look up field name for input fieldproperty_value
[08:23:41.275795 ERROR] [epJSONTranslator] Unable to look up field name for input fieldproperty_value
[08:23:41.275801 ERROR] [epJSONTranslator] Unable to look up field name for input fieldproperty_value
[08:23:41.275806 ERROR] [epJSONTranslator] Unable to look up field name for input fieldproperty_value
[08:23:41.275812 ERROR] [epJSONTranslator] Unable to look up field name for input fieldproperty_value
[08:23:41.275818 ERROR] [epJSONTranslator] Unable to look up field name for input fieldproperty_value
[08:23:41.275827 ERROR] [epJSONTranslator] Unable to look up field name for input fieldproperty_value
[08:23:41.275836 ERROR] [epJSONTranslator] Unable to look up field name for input fieldproperty_value
[08:23:41.275843 ERROR] [epJSONTranslator] Unable to look up field name for input fieldproperty_value
[08:23:41.275850 ERROR] [epJSONTranslator] Unable to look up field name for input fieldproperty_value
[08:23:41.275858 ERROR] [epJSONTranslator] Unable to look up field name for input fieldproperty_value
[08:23:41.275864 ERROR] [epJSONTranslator] Unable to look up field name for input fieldproperty_value
[08:23:41.275870 ERROR] [epJSONTranslator] Unable to look up field name for input fieldproperty_value
[08:23:41.275876 ERROR] [epJSONTranslator] Unable to look up field name for input fieldproperty_value
[08:23:41.275882 ERROR] [epJSONTranslator] Unable to look up field name for input fieldproperty_value
[08:23:41.275887 ERROR] [epJSONTranslator] Unable to look up field name for input fieldproperty_value
[08:23:41.275893 ERROR] [epJSONTranslator] Unable to look up field name for input fieldproperty_value
[08:23:41.275899 ERROR] [epJSONTranslator] Unable to look up field name for input fieldproperty_value
[08:23:41.275904 ERROR] [epJSONTranslator] Unable to look up field name for input fieldproperty_value
[08:23:41.275910 ERROR] [epJSONTranslator] Unable to look up field name for input fieldproperty_value
[08:23:41.275916 ERROR] [epJSONTranslator] Unable to look up field name for input fieldproperty_value
[08:23:41.275921 ERROR] [epJSONTranslator] Unable to look up field name for input fieldproperty_value
[08:23:41.275927 ERROR] [epJSONTranslator] Unable to look up field name for input fieldproperty_value
[08:23:41.275934 ERROR] [epJSONTranslator] Unable to look up field name for input fieldproperty_value
[08:23:41.275942 ERROR] [epJSONTranslator] Unable to look up field name for input fieldproperty_value
[08:23:41.275948 ERROR] [epJSONTranslator] Unable to look up field name for input fieldproperty_value
[08:23:41.275954 ERROR] [epJSONTranslator] Unable to look up field name for input fieldproperty_value
[08:23:41.275960 ERROR] [epJSONTranslator] Unable to look up field name for input fieldproperty_value
[08:23:41.275966 ERROR] [epJSONTranslator] Unable to look up field name for input fieldproperty_value
[08:23:41.275972 ERROR] [epJSONTranslator] Unable to look up field name for input fieldproperty_value
[08:23:41.275977 ERROR] [epJSONTranslator] Unable to look up field name for input fieldproperty_value
[08:23:41.275983 ERROR] [epJSONTranslator] Unable to look up field name for input fieldproperty_value
[08:23:41.275989 ERROR] [epJSONTranslator] Unable to look up field name for input fieldproperty_value
[08:23:41.275994 ERROR] [epJSONTranslator] Unable to look up field name for input fieldproperty_value
[08:23:41.276000 ERROR] [epJSONTranslator] Unable to look up field name for input fieldproperty_value
[08:23:41.276006 ERROR] [epJSONTranslator] Unable to look up field name for input fieldproperty_value
[08:23:41.276019 ERROR] [epJSONTranslator] Unable to look up field name for input fieldproperty_value
[08:23:41.276026 ERROR] [epJSONTranslator] Unable to look up field name for input fieldproperty_value
[08:23:41.276032 ERROR] [epJSONTranslator] Unable to look up field name for input fieldproperty_value
[08:23:41.276038 ERROR] [epJSONTranslator] Unable to look up field name for input fieldproperty_value
[08:23:41.276044 ERROR] [epJSONTranslator] Unable to look up field name for input fieldproperty_value
[08:23:41.276050 ERROR] [epJSONTranslator] Unable to look up field name for input fieldproperty_value
[08:23:41.276056 ERROR] [epJSONTranslator] Unable to look up field name for input fieldproperty_value
[08:23:41.276061 ERROR] [epJSONTranslator] Unable to look up field name for input fieldproperty_value
[08:23:41.276067 ERROR] [epJSONTranslator] Unable to look up field name for input fieldproperty_value
[08:23:41.276073 ERROR] [epJSONTranslator] Unable to look up field name for input fieldproperty_value
[08:23:41.276079 ERROR] [epJSONTranslator] Unable to look up field name for input fieldproperty_value
[08:23:41.276085 ERROR] [epJSONTranslator] Unable to look up field name for input fieldproperty_value
[08:23:41.276092 ERROR] [epJSONTranslator] Unable to look up field name for input fieldproperty_value
[08:23:41.276099 ERROR] [epJSONTranslator] Unable to look up field name for input fieldproperty_value
[08:23:41.276107 ERROR] [epJSONTranslator] Unable to look up field name for input fieldproperty_value
[08:23:41.276114 ERROR] [epJSONTranslator] Unable to look up field name for input fieldproperty_value
[08:23:41.276121 ERROR] [epJSONTranslator] Unable to look up field name for input fieldproperty_value
[08:23:41.276129 ERROR] [epJSONTranslator] Unable to look up field name for input fieldproperty_value
[08:23:41.276137 ERROR] [epJSONTranslator] Unable to look up field name for input fieldproperty_value
[08:23:41.276144 ERROR] [epJSONTranslator] Unable to look up field name for input fieldproperty_value
[08:23:41.276151 ERROR] [epJSONTranslator] Unable to look up field name for input fieldproperty_value
[08:23:41.276158 ERROR] [epJSONTranslator] Unable to look up field name for input fieldproperty_value
[08:23:41.276163 ERROR] [epJSONTranslator] Unable to look up field name for input fieldproperty_value
[08:23:41.276169 ERROR] [epJSONTranslator] Unable to look up field name for input fieldproperty_value
[08:23:41.276175 ERROR] [epJSONTranslator] Unable to look up field name for input fieldproperty_value
[08:23:41.276180 ERROR] [epJSONTranslator] Unable to look up field name for input fieldproperty_value
[08:23:41.276186 ERROR] [epJSONTranslator] Unable to look up field name for input fieldproperty_value
[08:23:41.276191 ERROR] [epJSONTranslator] Unable to look up field name for input fieldproperty_value
[08:23:41.276197 ERROR] [epJSONTranslator] Unable to look up field name for input fieldproperty_value
[08:23:41.276203 ERROR] [epJSONTranslator] Unable to look up field name for input fieldproperty_value
[08:23:41.276208 ERROR] [epJSONTranslator] Unable to look up field name for input fieldproperty_value
[08:23:41.276214 ERROR] [epJSONTranslator] Unable to look up field name for input fieldproperty_value
[08:23:41.276219 ERROR] [epJSONTranslator] Unable to look up field name for input fieldproperty_value
[08:23:41.276225 ERROR] [epJSONTranslator] Unable to look up field name for input fieldproperty_value
[08:23:41.276230 ERROR] [epJSONTranslator] Unable to look up field name for input fieldproperty_value
[08:23:41.276236 ERROR] [epJSONTranslator] Unable to look up field name for input fieldproperty_value
[08:23:41.276242 ERROR] [epJSONTranslator] Unable to look up field name for input fieldproperty_value
[08:23:41.276247 ERROR] [epJSONTranslator] Unable to look up field name for input fieldproperty_value
[08:23:41.276253 ERROR] [epJSONTranslator] Unable to look up field name for input fieldproperty_value
[08:23:41.276259 ERROR] [epJSONTranslator] Unable to look up field name for input fieldproperty_value
[08:23:41.276265 ERROR] [epJSONTranslator] Unable to look up field name for input fieldproperty_value
[08:23:41.276271 ERROR] [epJSONTranslator] Unable to look up field name for input fieldproperty_value
[08:23:41.276276 ERROR] [epJSONTranslator] Unable to look up field name for input fieldproperty_value
[08:23:41.276282 ERROR] [epJSONTranslator] Unable to look up field name for input fieldproperty_value
[08:23:41.276288 ERROR] [epJSONTranslator] Unable to look up field name for input fieldproperty_value
[08:23:41.276300 ERROR] [epJSONTranslator] Unable to look up field name for input fieldproperty_value
[08:23:41.276307 ERROR] [epJSONTranslator] Unable to look up field name for input fieldproperty_value
[08:23:41.276312 ERROR] [epJSONTranslator] Unable to look up field name for input fieldproperty_value
[08:23:41.276318 ERROR] [epJSONTranslator] Unable to look up field name for input fieldproperty_value
[08:23:41.276324 ERROR] [epJSONTranslator] Unable to look up field name for input fieldproperty_value
[08:23:41.276330 ERROR] [epJSONTranslator] Unable to look up field name for input fieldproperty_value
[08:23:41.276336 ERROR] [epJSONTranslator] Unable to look up field name for input fieldproperty_value
[08:23:41.276342 ERROR] [epJSONTranslator] Unable to look up field name for input fieldproperty_value
[08:23:41.276347 ERROR] [epJSONTranslator] Unable to look up field name for input fieldproperty_value
[08:23:41.276353 ERROR] [epJSONTranslator] Unable to look up field name for input fieldproperty_value
[08:23:41.276359 ERROR] [epJSONTranslator] Unable to look up field name for input fieldproperty_value
[08:23:41.276365 ERROR] [epJSONTranslator] Unable to look up field name for input fieldproperty_value
[08:23:41.276371 ERROR] [epJSONTranslator] Unable to look up field name for input fieldproperty_value
[08:23:41.276376 ERROR] [epJSONTranslator] Unable to look up field name for input fieldproperty_value
[08:23:41.276382 ERROR] [epJSONTranslator] Unable to look up field name for input fieldproperty_value
[08:23:41.276388 ERROR] [epJSONTranslator] Unable to look up field name for input fieldproperty_value
[08:23:41.276393 ERROR] [epJSONTranslator] Unable to look up field name for input fieldproperty_value
[08:23:41.276399 ERROR] [epJSONTranslator] Unable to look up field name for input fieldproperty_value
[08:23:41.276404 ERROR] [epJSONTranslator] Unable to look up field name for input fieldproperty_value
[08:23:41.276410 ERROR] [epJSONTranslator] Unable to look up field name for input fieldproperty_value
[08:23:41.276416 ERROR] [epJSONTranslator] Unable to look up field name for input fieldproperty_value
[08:23:41.276421 ERROR] [epJSONTranslator] Unable to look up field name for input fieldproperty_value
[08:23:41.276427 ERROR] [epJSONTranslator] Unable to look up field name for input fieldproperty_value
[08:23:41.276433 ERROR] [epJSONTranslator] Unable to look up field name for input fieldproperty_value
[08:23:41.276438 ERROR] [epJSONTranslator] Unable to look up field name for input fieldproperty_value
[08:23:41.276444 ERROR] [epJSONTranslator] Unable to look up field name for input fieldproperty_value
[08:23:41.276450 ERROR] [epJSONTranslator] Unable to look up field name for input fieldproperty_value
[08:23:41.276455 ERROR] [epJSONTranslator] Unable to look up field name for input fieldproperty_value
[08:23:41.276461 ERROR] [epJSONTranslator] Unable to look up field name for input fieldproperty_value
[08:23:41.276466 ERROR] [epJSONTranslator] Unable to look up field name for input fieldproperty_value
[08:23:41.276472 ERROR] [epJSONTranslator] Unable to look up field name for input fieldproperty_value
[08:23:41.276477 ERROR] [epJSONTranslator] Unable to look up field name for input fieldproperty_value
[08:23:41.276483 ERROR] [epJSONTranslator] Unable to look up field name for input fieldproperty_value
[08:23:41.276489 ERROR] [epJSONTranslator] Unable to look up field name for input fieldproperty_value
[08:23:41.276494 ERROR] [epJSONTranslator] Unable to look up field name for input fieldproperty_value
[08:23:41.276500 ERROR] [epJSONTranslator] Unable to look up field name for input fieldproperty_value
[08:23:41.276505 ERROR] [epJSONTranslator] Unable to look up field name for input fieldproperty_value
[08:23:41.276511 ERROR] [epJSONTranslator] Unable to look up field name for input fieldproperty_value
[08:23:41.276517 ERROR] [epJSONTranslator] Unable to look up field name for input fieldproperty_value
[08:23:41.276522 ERROR] [epJSONTranslator] Unable to look up field name for input fieldproperty_value
[08:23:41.276528 ERROR] [epJSONTranslator] Unable to look up field name for input fieldproperty_value
[08:23:41.276533 ERROR] [epJSONTranslator] Unable to look up field name for input fieldproperty_value
[08:23:41.276539 ERROR] [epJSONTranslator] Unable to look up field name for input fieldproperty_value
[08:23:41.276545 ERROR] [epJSONTranslator] Unable to look up field name for input fieldproperty_value
[08:23:41.276550 ERROR] [epJSONTranslator] Unable to look up field name for input fieldproperty_value
[08:23:41.276563 ERROR] [epJSONTranslator] Unable to look up field name for input fieldproperty_value
[08:23:41.276569 ERROR] [epJSONTranslator] Unable to look up field name for input fieldproperty_value
[08:23:41.276575 ERROR] [epJSONTranslator] Unable to look up field name for input fieldproperty_value
[08:23:41.276580 ERROR] [epJSONTranslator] Unable to look up field name for input fieldproperty_value
[08:23:41.276586 ERROR] [epJSONTranslator] Unable to look up field name for input fieldproperty_value
[08:23:41.276591 ERROR] [epJSONTranslator] Unable to look up field name for input fieldproperty_value
[08:23:41.276598 ERROR] [epJSONTranslator] Unable to look up field name for input fieldproperty_value
[08:23:41.276604 ERROR] [epJSONTranslator] Unable to look up field name for input fieldproperty_value
[08:23:41.276611 ERROR] [epJSONTranslator] Unable to look up field name for input fieldproperty_value
[08:23:41.276618 ERROR] [epJSONTranslator] Unable to look up field name for input fieldproperty_value
[08:23:41.276624 ERROR] [epJSONTranslator] Unable to look up field name for input fieldproperty_value
[08:23:41.276630 ERROR] [epJSONTranslator] Unable to look up field name for input fieldproperty_value
[08:23:41.276636 ERROR] [epJSONTranslator] Unable to look up field name for input fieldproperty_value
[08:23:41.276641 ERROR] [epJSONTranslator] Unable to look up field name for input fieldproperty_value
[08:23:41.276647 ERROR] [epJSONTranslator] Unable to look up field name for input fieldproperty_value
[08:23:41.276653 ERROR] [epJSONTranslator] Unable to look up field name for input fieldproperty_value
[08:23:41.276658 ERROR] [epJSONTranslator] Unable to look up field name for input fieldproperty_value
[08:23:41.276664 ERROR] [epJSONTranslator] Unable to look up field name for input fieldproperty_value
[08:23:41.276670 ERROR] [epJSONTranslator] Unable to look up field name for input fieldproperty_value
[08:23:41.276676 ERROR] [epJSONTranslator] Unable to look up field name for input fieldproperty_value
[08:23:41.276686 ERROR] [epJSONTranslator] Unable to look up field name for input fieldproperty_value
[08:23:41.276697 ERROR] [epJSONTranslator] Unable to look up field name for input fieldproperty_value
[08:23:41.276703 ERROR] [epJSONTranslator] Unable to look up field name for input fieldproperty_value
[08:23:41.276710 ERROR] [epJSONTranslator] Unable to look up field name for input fieldproperty_value
[08:23:41.276716 ERROR] [epJSONTranslator] Unable to look up field name for input fieldproperty_value
[08:23:41.276722 ERROR] [epJSONTranslator] Unable to look up field name for input fieldproperty_value
[08:23:41.276728 ERROR] [epJSONTranslator] Unable to look up field name for input fieldproperty_value
[08:23:41.276733 ERROR] [epJSONTranslator] Unable to look up field name for input fieldproperty_value
[08:23:41.276739 ERROR] [epJSONTranslator] Unable to look up field name for input fieldproperty_value
[08:23:41.276745 ERROR] [epJSONTranslator] Unable to look up field name for input fieldproperty_value
[08:23:41.276750 ERROR] [epJSONTranslator] Unable to look up field name for input fieldproperty_value
[08:23:41.276756 ERROR] [epJSONTranslator] Unable to look up field name for input fieldproperty_value
[08:23:41.276762 ERROR] [epJSONTranslator] Unable to look up field name for input fieldproperty_value
[08:23:41.276767 ERROR] [epJSONTranslator] Unable to look up field name for input fieldproperty_value
[08:23:41.276773 ERROR] [epJSONTranslator] Unable to look up field name for input fieldproperty_value
[08:23:41.276779 ERROR] [epJSONTranslator] Unable to look up field name for input fieldproperty_value
[08:23:41.276786 ERROR] [epJSONTranslator] Unable to look up field name for input fieldproperty_value
[08:23:41.276792 ERROR] [epJSONTranslator] Unable to look up field name for input fieldproperty_value
[08:23:41.276797 ERROR] [epJSONTranslator] Unable to look up field name for input fieldproperty_value
[08:23:41.276803 ERROR] [epJSONTranslator] Unable to look up field name for input fieldproperty_value
[08:23:41.276810 ERROR] [epJSONTranslator] Unable to look up field name for input fieldproperty_value
[08:23:41.276816 ERROR] [epJSONTranslator] Unable to look up field name for input fieldproperty_value
[08:23:41.276822 ERROR] [epJSONTranslator] Unable to look up field name for input fieldproperty_value
[08:23:41.276828 ERROR] [epJSONTranslator] Unable to look up field name for input fieldproperty_value
[08:23:41.276833 ERROR] [epJSONTranslator] Unable to look up field name for input fieldproperty_value
[08:23:41.276846 ERROR] [epJSONTranslator] Unable to look up field name for input fieldproperty_value
[08:23:41.276852 ERROR] [epJSONTranslator] Unable to look up field name for input fieldproperty_value
[08:23:41.276858 ERROR] [epJSONTranslator] Unable to look up field name for input fieldproperty_value
[08:23:41.276863 ERROR] [epJSONTranslator] Unable to look up field name for input fieldproperty_value
[08:23:41.276869 ERROR] [epJSONTranslator] Unable to look up field name for input fieldproperty_value
[08:23:41.276875 ERROR] [epJSONTranslator] Unable to look up field name for input fieldproperty_value
[08:23:41.276880 ERROR] [epJSONTranslator] Unable to look up field name for input fieldproperty_value
[08:23:41.276886 ERROR] [epJSONTranslator] Unable to look up field name for input fieldproperty_value
[08:23:41.276892 ERROR] [epJSONTranslator] Unable to look up field name for input fieldproperty_value
[08:23:41.276897 ERROR] [epJSONTranslator] Unable to look up field name for input fieldproperty_value
[08:23:41.276903 ERROR] [epJSONTranslator] Unable to look up field name for input fieldproperty_value
[08:23:41.276909 ERROR] [epJSONTranslator] Unable to look up field name for input fieldproperty_value
[08:23:41.276914 ERROR] [epJSONTranslator] Unable to look up field name for input fieldproperty_value
[08:23:41.276920 ERROR] [epJSONTranslator] Unable to look up field name for input fieldproperty_value
[08:23:41.276926 ERROR] [epJSONTranslator] Unable to look up field name for input fieldproperty_value
[08:23:41.276932 ERROR] [epJSONTranslator] Unable to look up field name for input fieldproperty_value
[08:23:41.276938 ERROR] [epJSONTranslator] Unable to look up field name for input fieldproperty_value
[08:23:41.276945 ERROR] [epJSONTranslator] Unable to look up field name for input fieldproperty_value
[08:23:41.276953 ERROR] [epJSONTranslator] Unable to look up field name for input fieldproperty_value
[08:23:41.276960 ERROR] [epJSONTranslator] Unable to look up field name for input fieldproperty_value
[08:23:41.276967 ERROR] [epJSONTranslator] Unable to look up field name for input fieldproperty_value
[08:23:41.276973 ERROR] [epJSONTranslator] Unable to look up field name for input fieldproperty_value
[08:23:41.276978 ERROR] [epJSONTranslator] Unable to look up field name for input fieldproperty_value
[08:23:41.276984 ERROR] [epJSONTranslator] Unable to look up field name for input fieldproperty_value
[08:23:41.276990 ERROR] [epJSONTranslator] Unable to look up field name for input fieldproperty_value
[08:23:41.276995 ERROR] [epJSONTranslator] Unable to look up field name for input fieldproperty_value
[08:23:41.277001 ERROR] [epJSONTranslator] Unable to look up field name for input fieldproperty_value
[08:23:41.277006 ERROR] [epJSONTranslator] Unable to look up field name for input fieldproperty_value
[08:23:41.277012 ERROR] [epJSONTranslator] Unable to look up field name for input fieldproperty_value
[08:23:41.277018 ERROR] [epJSONTranslator] Unable to look up field name for input fieldproperty_value
[08:23:41.277023 ERROR] [epJSONTranslator] Unable to look up field name for input fieldproperty_value
[08:23:41.277029 ERROR] [epJSONTranslator] Unable to look up field name for input fieldproperty_value
[08:23:41.277035 ERROR] [epJSONTranslator] Unable to look up field name for input fieldproperty_value
[08:23:41.277040 ERROR] [epJSONTranslator] Unable to look up field name for input fieldproperty_value
[08:23:41.277046 ERROR] [epJSONTranslator] Unable to look up field name for input fieldproperty_value
[08:23:41.277052 ERROR] [epJSONTranslator] Unable to look up field name for input fieldproperty_value
[08:23:41.277057 ERROR] [epJSONTranslator] Unable to look up field name for input fieldproperty_value
[08:23:41.277063 ERROR] [epJSONTranslator] Unable to look up field name for input fieldproperty_value
[08:23:41.277068 ERROR] [epJSONTranslator] Unable to look up field name for input fieldproperty_value
[08:23:41.277074 ERROR] [epJSONTranslator] Unable to look up field name for input fieldproperty_value
[08:23:41.277080 ERROR] [epJSONTranslator] Unable to look up field name for input fieldproperty_value
[08:23:41.277085 ERROR] [epJSONTranslator] Unable to look up field name for input fieldproperty_value
[08:23:41.277091 ERROR] [epJSONTranslator] Unable to look up field name for input fieldproperty_value
[08:23:41.277096 ERROR] [epJSONTranslator] Unable to look up field name for input fieldproperty_value
[08:23:41.277102 ERROR] [epJSONTranslator] Unable to look up field name for input fieldproperty_value
[08:23:41.277115 ERROR] [epJSONTranslator] Unable to look up field name for input fieldproperty_value
[08:23:41.277120 ERROR] [epJSONTranslator] Unable to look up field name for input fieldproperty_value
[08:23:41.277126 ERROR] [epJSONTranslator] Unable to look up field name for input fieldproperty_value
[08:23:41.277132 ERROR] [epJSONTranslator] Unable to look up field name for input fieldproperty_value
[08:23:41.277137 ERROR] [epJSONTranslator] Unable to look up field name for input fieldproperty_value
[08:23:41.277143 ERROR] [epJSONTranslator] Unable to look up field name for input fieldproperty_value
[08:23:41.277149 ERROR] [epJSONTranslator] Unable to look up field name for input fieldproperty_value
[08:23:41.277154 ERROR] [epJSONTranslator] Unable to look up field name for input fieldproperty_value
[08:23:41.277160 ERROR] [epJSONTranslator] Unable to look up field name for input fieldproperty_value
[08:23:41.277166 ERROR] [epJSONTranslator] Unable to look up field name for input fieldproperty_value
[08:23:41.277171 ERROR] [epJSONTranslator] Unable to look up field name for input fieldproperty_value
[08:23:41.277177 ERROR] [epJSONTranslator] Unable to look up field name for input fieldproperty_value
[08:23:41.277183 ERROR] [epJSONTranslator] Unable to look up field name for input fieldproperty_value
[08:23:41.277188 ERROR] [epJSONTranslator] Unable to look up field name for input fieldproperty_value
[08:23:41.277194 ERROR] [epJSONTranslator] Unable to look up field name for input fieldproperty_value
[08:23:41.277199 ERROR] [epJSONTranslator] Unable to look up field name for input fieldproperty_value
[08:23:41.277205 ERROR] [epJSONTranslator] Unable to look up field name for input fieldproperty_value
[08:23:41.277211 ERROR] [epJSONTranslator] Unable to look up field name for input fieldproperty_value
[08:23:41.277217 ERROR] [epJSONTranslator] Unable to look up field name for input fieldproperty_value
[08:23:41.277222 ERROR] [epJSONTranslator] Unable to look up field name for input fieldproperty_value
[08:23:41.277228 ERROR] [epJSONTranslator] Unable to look up field name for input fieldproperty_value
[08:23:41.277234 ERROR] [epJSONTranslator] Unable to look up field name for input fieldproperty_value
[08:23:41.277239 ERROR] [epJSONTranslator] Unable to look up field name for input fieldproperty_value
[08:23:41.277245 ERROR] [epJSONTranslator] Unable to look up field name for input fieldproperty_value
[08:23:41.277251 ERROR] [epJSONTranslator] Unable to look up field name for input fieldproperty_value
[08:23:41.277256 ERROR] [epJSONTranslator] Unable to look up field name for input fieldproperty_value
[08:23:41.277262 ERROR] [epJSONTranslator] Unable to look up field name for input fieldproperty_value
[08:23:41.277267 ERROR] [epJSONTranslator] Unable to look up field name for input fieldproperty_value
[08:23:41.277273 ERROR] [epJSONTranslator] Unable to look up field name for input fieldproperty_value
[08:23:41.277279 ERROR] [epJSONTranslator] Unable to look up field name for input fieldproperty_value
[08:23:41.277285 ERROR] [epJSONTranslator] Unable to look up field name for input fieldproperty_value
[08:23:41.277290 ERROR] [epJSONTranslator] Unable to look up field name for input fieldproperty_value
[08:23:41.277296 ERROR] [epJSONTranslator] Unable to look up field name for input fieldproperty_value
[08:23:41.277302 ERROR] [epJSONTranslator] Unable to look up field name for input fieldproperty_value
[08:23:41.277307 ERROR] [epJSONTranslator] Unable to look up field name for input fieldproperty_value
[08:23:41.277313 ERROR] [epJSONTranslator] Unable to look up field name for input fieldproperty_value
[08:23:41.277318 ERROR] [epJSONTranslator] Unable to look up field name for input fieldproperty_value
[08:23:41.277324 ERROR] [epJSONTranslator] Unable to look up field name for input fieldproperty_value
[08:23:41.277330 ERROR] [epJSONTranslator] Unable to look up field name for input fieldproperty_value
[08:23:41.277335 ERROR] [epJSONTranslator] Unable to look up field name for input fieldproperty_value
[08:23:41.277341 ERROR] [epJSONTranslator] Unable to look up field name for input fieldproperty_value
[08:23:41.277346 ERROR] [epJSONTranslator] Unable to look up field name for input fieldproperty_value
[08:23:41.277352 ERROR] [epJSONTranslator] Unable to look up field name for input fieldproperty_value
[08:23:41.277358 ERROR] [epJSONTranslator] Unable to look up field name for input fieldproperty_value
[08:23:41.277363 ERROR] [epJSONTranslator] Unable to look up field name for input fieldproperty_value
[08:23:41.277376 ERROR] [epJSONTranslator] Unable to look up field name for input fieldproperty_value
[08:23:41.277382 ERROR] [epJSONTranslator] Unable to look up field name for input fieldproperty_value
[08:23:41.277388 ERROR] [epJSONTranslator] Unable to look up field name for input fieldproperty_value
[08:23:41.277394 ERROR] [epJSONTranslator] Unable to look up field name for input fieldproperty_value
[08:23:41.277399 ERROR] [epJSONTranslator] Unable to look up field name for input fieldproperty_value
[08:23:41.277405 ERROR] [epJSONTranslator] Unable to look up field name for input fieldproperty_value
[08:23:41.277410 ERROR] [epJSONTranslator] Unable to look up field name for input fieldproperty_value
[08:23:41.277416 ERROR] [epJSONTranslator] Unable to look up field name for input fieldproperty_value
[08:23:41.277422 ERROR] [epJSONTranslator] Unable to look up field name for input fieldproperty_value
[08:23:41.277427 ERROR] [epJSONTranslator] Unable to look up field name for input fieldproperty_value
[08:23:41.277433 ERROR] [epJSONTranslator] Unable to look up field name for input fieldproperty_value
[08:23:41.277439 ERROR] [epJSONTranslator] Unable to look up field name for input fieldproperty_value
[08:23:41.277444 ERROR] [epJSONTranslator] Unable to look up field name for input fieldproperty_value
[08:23:41.277450 ERROR] [epJSONTranslator] Unable to look up field name for input fieldproperty_value
[08:23:41.277456 ERROR] [epJSONTranslator] Unable to look up field name for input fieldproperty_value
[08:23:41.277461 ERROR] [epJSONTranslator] Unable to look up field name for input fieldproperty_value
[08:23:41.277467 ERROR] [epJSONTranslator] Unable to look up field name for input fieldproperty_value
[08:23:41.277473 ERROR] [epJSONTranslator] Unable to look up field name for input fieldproperty_value
[08:23:41.277478 ERROR] [epJSONTranslator] Unable to look up field name for input fieldproperty_value
[08:23:41.277484 ERROR] [epJSONTranslator] Unable to look up field name for input fieldproperty_value
[08:23:41.277490 ERROR] [epJSONTranslator] Unable to look up field name for input fieldproperty_value
[08:23:41.277495 ERROR] [epJSONTranslator] Unable to look up field name for input fieldproperty_value
[08:23:41.277501 ERROR] [epJSONTranslator] Unable to look up field name for input fieldproperty_value
[08:23:41.277507 ERROR] [epJSONTranslator] Unable to look up field name for input fieldproperty_value
[08:23:41.277512 ERROR] [epJSONTranslator] Unable to look up field name for input fieldproperty_value
[08:23:41.277518 ERROR] [epJSONTranslator] Unable to look up field name for input fieldproperty_value
[08:23:41.277523 ERROR] [epJSONTranslator] Unable to look up field name for input fieldproperty_value
[08:23:41.277529 ERROR] [epJSONTranslator] Unable to look up field name for input fieldproperty_value
[08:23:41.277535 ERROR] [epJSONTranslator] Unable to look up field name for input fieldproperty_value
[08:23:41.277540 ERROR] [epJSONTranslator] Unable to look up field name for input fieldproperty_value
[08:23:41.277546 ERROR] [epJSONTranslator] Unable to look up field name for input fieldproperty_value
[08:23:41.277551 ERROR] [epJSONTranslator] Unable to look up field name for input fieldproperty_value
[08:23:41.277557 ERROR] [epJSONTranslator] Unable to look up field name for input fieldproperty_value
[08:23:41.277563 ERROR] [epJSONTranslator] Unable to look up field name for input fieldproperty_value
[08:23:41.277568 ERROR] [epJSONTranslator] Unable to look up field name for input fieldproperty_value
[08:23:41.277574 ERROR] [epJSONTranslator] Unable to look up field name for input fieldproperty_value
[08:23:41.277579 ERROR] [epJSONTranslator] Unable to look up field name for input fieldproperty_value
[08:23:41.277585 ERROR] [epJSONTranslator] Unable to look up field name for input fieldproperty_value
[08:23:41.277591 ERROR] [epJSONTranslator] Unable to look up field name for input fieldproperty_value
[08:23:41.277596 ERROR] [epJSONTranslator] Unable to look up field name for input fieldproperty_value
[08:23:41.277602 ERROR] [epJSONTranslator] Unable to look up field name for input fieldproperty_value
[08:23:41.277607 ERROR] [epJSONTranslator] Unable to look up field name for input fieldproperty_value
[08:23:41.277613 ERROR] [epJSONTranslator] Unable to look up field name for input fieldproperty_value
[08:23:41.277619 ERROR] [epJSONTranslator] Unable to look up field name for input fieldproperty_value
[08:23:41.277624 ERROR] [epJSONTranslator] Unable to look up field name for input fieldproperty_value
[08:23:41.277637 ERROR] [epJSONTranslator] Unable to look up field name for input fieldproperty_value
[08:23:41.277643 ERROR] [epJSONTranslator] Unable to look up field name for input fieldproperty_value
[08:23:41.277648 ERROR] [epJSONTranslator] Unable to look up field name for input fieldproperty_value
[08:23:41.277654 ERROR] [epJSONTranslator] Unable to look up field name for input fieldproperty_value
[08:23:41.277660 ERROR] [epJSONTranslator] Unable to look up field name for input fieldproperty_value
[08:23:41.277665 ERROR] [epJSONTranslator] Unable to look up field name for input fieldproperty_value
[08:23:41.277671 ERROR] [epJSONTranslator] Unable to look up field name for input fieldproperty_value
[08:23:41.277676 ERROR] [epJSONTranslator] Unable to look up field name for input fieldproperty_value
[08:23:41.277682 ERROR] [epJSONTranslator] Unable to look up field name for input fieldproperty_value
[08:23:41.277687 ERROR] [epJSONTranslator] Unable to look up field name for input fieldproperty_value
[08:23:41.277694 ERROR] [epJSONTranslator] Unable to look up field name for input fieldproperty_value
[08:23:41.277700 ERROR] [epJSONTranslator] Unable to look up field name for input fieldproperty_value
[08:23:41.277706 ERROR] [epJSONTranslator] Unable to look up field name for input fieldproperty_value
[08:23:41.277712 ERROR] [epJSONTranslator] Unable to look up field name for input fieldproperty_value
[08:23:41.277717 ERROR] [epJSONTranslator] Unable to look up field name for input fieldproperty_value
[08:23:41.277723 ERROR] [epJSONTranslator] Unable to look up field name for input fieldproperty_value
[08:23:41.277729 ERROR] [epJSONTranslator] Unable to look up field name for input fieldproperty_value
[08:23:41.277736 ERROR] [epJSONTranslator] Unable to look up field name for input fieldproperty_value
[08:23:41.277742 ERROR] [epJSONTranslator] Unable to look up field name for input fieldproperty_value
[08:23:41.277748 ERROR] [epJSONTranslator] Unable to look up field name for input fieldproperty_value
[08:23:41.277753 ERROR] [epJSONTranslator] Unable to look up field name for input fieldproperty_value
[08:23:41.277760 ERROR] [epJSONTranslator] Unable to look up field name for input fieldproperty_value
[08:23:41.277766 ERROR] [epJSONTranslator] Unable to look up field name for input fieldproperty_value
[08:23:41.277771 ERROR] [epJSONTranslator] Unable to look up field name for input fieldproperty_value
[08:23:41.277777 ERROR] [epJSONTranslator] Unable to look up field name for input fieldproperty_value
[08:23:41.277783 ERROR] [epJSONTranslator] Unable to look up field name for input fieldproperty_value
[08:23:41.277788 ERROR] [epJSONTranslator] Unable to look up field name for input fieldproperty_value
[08:23:41.277794 ERROR] [epJSONTranslator] Unable to look up field name for input fieldproperty_value
[08:23:41.277799 ERROR] [epJSONTranslator] Unable to look up field name for input fieldproperty_value
[08:23:41.277805 ERROR] [epJSONTranslator] Unable to look up field name for input fieldproperty_value
[08:23:41.277811 ERROR] [epJSONTranslator] Unable to look up field name for input fieldproperty_value
[08:23:41.277816 ERROR] [epJSONTranslator] Unable to look up field name for input fieldproperty_value
[08:23:41.277822 ERROR] [epJSONTranslator] Unable to look up field name for input fieldproperty_value
[08:23:41.277827 ERROR] [epJSONTranslator] Unable to look up field name for input fieldproperty_value
[08:23:41.277833 ERROR] [epJSONTranslator] Unable to look up field name for input fieldproperty_value
[08:23:41.277839 ERROR] [epJSONTranslator] Unable to look up field name for input fieldproperty_value
[08:23:41.277844 ERROR] [epJSONTranslator] Unable to look up field name for input fieldproperty_value
[08:23:41.277850 ERROR] [epJSONTranslator] Unable to look up field name for input fieldproperty_value
[08:23:41.277856 ERROR] [epJSONTranslator] Unable to look up field name for input fieldproperty_value
[08:23:41.277861 ERROR] [epJSONTranslator] Unable to look up field name for input fieldproperty_value
[08:23:41.277867 ERROR] [epJSONTranslator] Unable to look up field name for input fieldproperty_value
[08:23:41.277872 ERROR] [epJSONTranslator] Unable to look up field name for input fieldproperty_value
[08:23:41.277878 ERROR] [epJSONTranslator] Unable to look up field name for input fieldproperty_value
[08:23:41.277884 ERROR] [epJSONTranslator] Unable to look up field name for input fieldproperty_value
[08:23:41.277889 ERROR] [epJSONTranslator] Unable to look up field name for input fieldproperty_value
[08:23:41.277902 ERROR] [epJSONTranslator] Unable to look up field name for input fieldproperty_value
[08:23:41.277908 ERROR] [epJSONTranslator] Unable to look up field name for input fieldproperty_value
[08:23:41.277914 ERROR] [epJSONTranslator] Unable to look up field name for input fieldproperty_value
[08:23:41.277920 ERROR] [epJSONTranslator] Unable to look up field name for input fieldproperty_value
[08:23:41.277927 ERROR] [epJSONTranslator] Unable to look up field name for input fieldproperty_value
[08:23:41.277933 ERROR] [epJSONTranslator] Unable to look up field name for input fieldproperty_value
[08:23:41.277939 ERROR] [epJSONTranslator] Unable to look up field name for input fieldproperty_value
[08:23:41.277945 ERROR] [epJSONTranslator] Unable to look up field name for input fieldproperty_value
[08:23:41.277951 ERROR] [epJSONTranslator] Unable to look up field name for input fieldproperty_value
[08:23:41.277956 ERROR] [epJSONTranslator] Unable to look up field name for input fieldproperty_value
[08:23:41.277962 ERROR] [epJSONTranslator] Unable to look up field name for input fieldproperty_value
[08:23:41.277970 ERROR] [epJSONTranslator] Unable to look up field name for input fieldproperty_value
[08:23:41.277976 ERROR] [epJSONTranslator] Unable to look up field name for input fieldproperty_value
[08:23:41.277981 ERROR] [epJSONTranslator] Unable to look up field name for input fieldproperty_value
[08:23:41.277987 ERROR] [epJSONTranslator] Unable to look up field name for input fieldproperty_value
[08:23:41.277993 ERROR] [epJSONTranslator] Unable to look up field name for input fieldproperty_value
[08:23:41.277998 ERROR] [epJSONTranslator] Unable to look up field name for input fieldproperty_value
[08:23:41.278004 ERROR] [epJSONTranslator] Unable to look up field name for input fieldproperty_value
[08:23:41.278009 ERROR] [epJSONTranslator] Unable to look up field name for input fieldproperty_value
[08:23:41.278015 ERROR] [epJSONTranslator] Unable to look up field name for input fieldproperty_value
[08:23:41.278021 ERROR] [epJSONTranslator] Unable to look up field name for input fieldproperty_value
[08:23:41.278027 ERROR] [epJSONTranslator] Unable to look up field name for input fieldproperty_value
[08:23:41.278033 ERROR] [epJSONTranslator] Unable to look up field name for input fieldproperty_value
[08:23:41.278039 ERROR] [epJSONTranslator] Unable to look up field name for input fieldproperty_value
[08:23:41.278045 ERROR] [epJSONTranslator] Unable to look up field name for input fieldproperty_value
[08:23:41.278050 ERROR] [epJSONTranslator] Unable to look up field name for input fieldproperty_value
[08:23:41.278056 ERROR] [epJSONTranslator] Unable to look up field name for input fieldproperty_value
[08:23:41.278062 ERROR] [epJSONTranslator] Unable to look up field name for input fieldproperty_value
[08:23:41.278067 ERROR] [epJSONTranslator] Unable to look up field name for input fieldproperty_value
[08:23:41.278073 ERROR] [epJSONTranslator] Unable to look up field name for input fieldproperty_value
[08:23:41.278079 ERROR] [epJSONTranslator] Unable to look up field name for input fieldproperty_value
[08:23:41.278086 ERROR] [epJSONTranslator] Unable to look up field name for input fieldproperty_value
[08:23:41.278092 ERROR] [epJSONTranslator] Unable to look up field name for input fieldproperty_value
[08:23:41.278097 ERROR] [epJSONTranslator] Unable to look up field name for input fieldproperty_value
[08:23:41.278103 ERROR] [epJSONTranslator] Unable to look up field name for input fieldproperty_value
[08:23:41.278109 ERROR] [epJSONTranslator] Unable to look up field name for input fieldproperty_value
[08:23:41.278115 ERROR] [epJSONTranslator] Unable to look up field name for input fieldproperty_value
[08:23:41.278121 ERROR] [epJSONTranslator] Unable to look up field name for input fieldproperty_value
[08:23:41.278126 ERROR] [epJSONTranslator] Unable to look up field name for input fieldproperty_value
[08:23:41.278132 ERROR] [epJSONTranslator] Unable to look up field name for input fieldproperty_value
[08:23:41.278138 ERROR] [epJSONTranslator] Unable to look up field name for input fieldproperty_value
[08:23:41.278144 ERROR] [epJSONTranslator] Unable to look up field name for input fieldproperty_value
[08:23:41.278150 ERROR] [epJSONTranslator] Unable to look up field name for input fieldproperty_value
[08:23:41.278157 ERROR] [epJSONTranslator] Unable to look up field name for input fieldproperty_value
[08:23:41.278163 ERROR] [epJSONTranslator] Unable to look up field name for input fieldproperty_value
[08:23:41.278177 ERROR] [epJSONTranslator] Unable to look up field name for input fieldproperty_value
[08:23:41.278183 ERROR] [epJSONTranslator] Unable to look up field name for input fieldproperty_value
[08:23:41.278189 ERROR] [epJSONTranslator] Unable to look up field name for input fieldproperty_value
[08:23:41.278195 ERROR] [epJSONTranslator] Unable to look up field name for input fieldproperty_value
[08:23:41.278201 ERROR] [epJSONTranslator] Unable to look up field name for input fieldproperty_value
[08:23:41.278207 ERROR] [epJSONTranslator] Unable to look up field name for input fieldproperty_value
[08:23:41.278212 ERROR] [epJSONTranslator] Unable to look up field name for input fieldproperty_value
[08:23:41.278218 ERROR] [epJSONTranslator] Unable to look up field name for input fieldproperty_value
[08:23:41.278224 ERROR] [epJSONTranslator] Unable to look up field name for input fieldproperty_value
[08:23:41.278229 ERROR] [epJSONTranslator] Unable to look up field name for input fieldproperty_value
[08:23:41.278235 ERROR] [epJSONTranslator] Unable to look up field name for input fieldproperty_value
[08:23:41.278241 ERROR] [epJSONTranslator] Unable to look up field name for input fieldproperty_value
[08:23:41.278247 ERROR] [epJSONTranslator] Unable to look up field name for input fieldproperty_value
[08:23:41.278252 ERROR] [epJSONTranslator] Unable to look up field name for input fieldproperty_value
[08:23:41.278258 ERROR] [epJSONTranslator] Unable to look up field name for input fieldproperty_value
[08:23:41.278263 ERROR] [epJSONTranslator] Unable to look up field name for input fieldproperty_value
[08:23:41.278269 ERROR] [epJSONTranslator] Unable to look up field name for input fieldproperty_value
[08:23:41.278275 ERROR] [epJSONTranslator] Unable to look up field name for input fieldproperty_value
[08:23:41.278280 ERROR] [epJSONTranslator] Unable to look up field name for input fieldproperty_value
[08:23:41.278286 ERROR] [epJSONTranslator] Unable to look up field name for input fieldproperty_value
[08:23:41.278292 ERROR] [epJSONTranslator] Unable to look up field name for input fieldproperty_value
[08:23:41.278298 ERROR] [epJSONTranslator] Unable to look up field name for input fieldproperty_value
[08:23:41.278303 ERROR] [epJSONTranslator] Unable to look up field name for input fieldproperty_value
[08:23:41.278309 ERROR] [epJSONTranslator] Unable to look up field name for input fieldproperty_value
[08:23:41.278315 ERROR] [epJSONTranslator] Unable to look up field name for input fieldproperty_value
[08:23:41.278320 ERROR] [epJSONTranslator] Unable to look up field name for input fieldproperty_value
[08:23:41.278326 ERROR] [epJSONTranslator] Unable to look up field name for input fieldproperty_value
[08:23:41.278332 ERROR] [epJSONTranslator] Unable to look up field name for input fieldproperty_value
[08:23:41.278338 ERROR] [epJSONTranslator] Unable to look up field name for input fieldproperty_value
[08:23:41.278344 ERROR] [epJSONTranslator] Unable to look up field name for input fieldproperty_value
[08:23:41.278349 ERROR] [epJSONTranslator] Unable to look up field name for input fieldproperty_value
[08:23:41.278355 ERROR] [epJSONTranslator] Unable to look up field name for input fieldproperty_value
[08:23:41.278360 ERROR] [epJSONTranslator] Unable to look up field name for input fieldproperty_value
[08:23:41.278366 ERROR] [epJSONTranslator] Unable to look up field name for input fieldproperty_value
[08:23:41.278372 ERROR] [epJSONTranslator] Unable to look up field name for input fieldproperty_value
[08:23:41.278377 ERROR] [epJSONTranslator] Unable to look up field name for input fieldproperty_value
[08:23:41.278383 ERROR] [epJSONTranslator] Unable to look up field name for input fieldproperty_value
[08:23:41.278389 ERROR] [epJSONTranslator] Unable to look up field name for input fieldproperty_value
[08:23:41.278394 ERROR] [epJSONTranslator] Unable to look up field name for input fieldproperty_value
[08:23:41.278401 ERROR] [epJSONTranslator] Unable to look up field name for input fieldproperty_value
[08:23:41.278408 ERROR] [epJSONTranslator] Unable to look up field name for input fieldproperty_value
[08:23:41.278415 ERROR] [epJSONTranslator] Unable to look up field name for input fieldproperty_value
[08:23:41.278423 ERROR] [epJSONTranslator] Unable to look up field name for input fieldproperty_value
[08:23:41.278435 ERROR] [epJSONTranslator] Unable to look up field name for input fieldproperty_value
[08:23:41.278441 ERROR] [epJSONTranslator] Unable to look up field name for input fieldproperty_value
[08:23:41.278455 ERROR] [epJSONTranslator] Unable to look up field name for input fieldproperty_value
[08:23:41.278461 ERROR] [epJSONTranslator] Unable to look up field name for input fieldproperty_value
[08:23:41.278467 ERROR] [epJSONTranslator] Unable to look up field name for input fieldproperty_value
[08:23:41.278473 ERROR] [epJSONTranslator] Unable to look up field name for input fieldproperty_value
[08:23:41.278478 ERROR] [epJSONTranslator] Unable to look up field name for input fieldproperty_value
[08:23:41.278484 ERROR] [epJSONTranslator] Unable to look up field name for input fieldproperty_value
[08:23:41.278490 ERROR] [epJSONTranslator] Unable to look up field name for input fieldproperty_value
[08:23:41.278495 ERROR] [epJSONTranslator] Unable to look up field name for input fieldproperty_value
[08:23:41.278501 ERROR] [epJSONTranslator] Unable to look up field name for input fieldproperty_value
[08:23:41.278506 ERROR] [epJSONTranslator] Unable to look up field name for input fieldproperty_value
[08:23:41.278512 ERROR] [epJSONTranslator] Unable to look up field name for input fieldproperty_value
[08:23:41.278518 ERROR] [epJSONTranslator] Unable to look up field name for input fieldproperty_value
[08:23:41.278524 ERROR] [epJSONTranslator] Unable to look up field name for input fieldproperty_value
[08:23:41.278529 ERROR] [epJSONTranslator] Unable to look up field name for input fieldproperty_value
[08:23:41.278535 ERROR] [epJSONTranslator] Unable to look up field name for input fieldproperty_value
[08:23:41.278541 ERROR] [epJSONTranslator] Unable to look up field name for input fieldproperty_value
[08:23:41.278546 ERROR] [epJSONTranslator] Unable to look up field name for input fieldproperty_value
[08:23:41.278552 ERROR] [epJSONTranslator] Unable to look up field name for input fieldproperty_value
[08:23:41.278557 ERROR] [epJSONTranslator] Unable to look up field name for input fieldproperty_value
[08:23:41.278563 ERROR] [epJSONTranslator] Unable to look up field name for input fieldproperty_value
[08:23:41.278569 ERROR] [epJSONTranslator] Unable to look up field name for input fieldproperty_value
[08:23:41.278574 ERROR] [epJSONTranslator] Unable to look up field name for input fieldproperty_value
[08:23:41.278580 ERROR] [epJSONTranslator] Unable to look up field name for input fieldproperty_value
[08:23:41.278586 ERROR] [epJSONTranslator] Unable to look up field name for input fieldproperty_value
[08:23:41.278591 ERROR] [epJSONTranslator] Unable to look up field name for input fieldproperty_value
[08:23:41.278597 ERROR] [epJSONTranslator] Unable to look up field name for input fieldproperty_value
[08:23:41.278602 ERROR] [epJSONTranslator] Unable to look up field name for input fieldproperty_value
[08:23:41.278608 ERROR] [epJSONTranslator] Unable to look up field name for input fieldproperty_value
[08:23:41.278614 ERROR] [epJSONTranslator] Unable to look up field name for input fieldproperty_value
[08:23:41.278620 ERROR] [epJSONTranslator] Unable to look up field name for input fieldproperty_value
[08:23:41.278627 ERROR] [epJSONTranslator] Unable to look up field name for input fieldproperty_value
[08:23:41.278633 ERROR] [epJSONTranslator] Unable to look up field name for input fieldproperty_value
[08:23:41.278639 ERROR] [epJSONTranslator] Unable to look up field name for input fieldproperty_value
[08:23:41.278645 ERROR] [epJSONTranslator] Unable to look up field name for input fieldproperty_value
[08:23:41.278650 ERROR] [epJSONTranslator] Unable to look up field name for input fieldproperty_value
[08:23:41.278656 ERROR] [epJSONTranslator] Unable to look up field name for input fieldproperty_value
[08:23:41.278662 ERROR] [epJSONTranslator] Unable to look up field name for input fieldproperty_value
[08:23:41.278667 ERROR] [epJSONTranslator] Unable to look up field name for input fieldproperty_value
[08:23:41.278673 ERROR] [epJSONTranslator] Unable to look up field name for input fieldproperty_value
[08:23:41.278679 ERROR] [epJSONTranslator] Unable to look up field name for input fieldproperty_value
[08:23:41.278685 ERROR] [epJSONTranslator] Unable to look up field name for input fieldproperty_value
[08:23:41.278691 ERROR] [epJSONTranslator] Unable to look up field name for input fieldproperty_value
[08:23:41.278697 ERROR] [epJSONTranslator] Unable to look up field name for input fieldproperty_value
[08:23:41.278702 ERROR] [epJSONTranslator] Unable to look up field name for input fieldproperty_value
[08:23:41.278708 ERROR] [epJSONTranslator] Unable to look up field name for input fieldproperty_value
[08:23:41.278720 ERROR] [epJSONTranslator] Unable to look up field name for input fieldproperty_value
[08:23:41.278726 ERROR] [epJSONTranslator] Unable to look up field name for input fieldproperty_value
[08:23:41.278733 ERROR] [epJSONTranslator] Unable to look up field name for input fieldproperty_value
[08:23:41.278739 ERROR] [epJSONTranslator] Unable to look up field name for input fieldproperty_value
[08:23:41.278745 ERROR] [epJSONTranslator] Unable to look up field name for input fieldproperty_value
[08:23:41.278751 ERROR] [epJSONTranslator] Unable to look up field name for input fieldproperty_value
[08:23:41.278756 ERROR] [epJSONTranslator] Unable to look up field name for input fieldproperty_value
[08:23:41.278762 ERROR] [epJSONTranslator] Unable to look up field name for input fieldproperty_value
[08:23:41.278768 ERROR] [epJSONTranslator] Unable to look up field name for input fieldproperty_value
[08:23:41.278773 ERROR] [epJSONTranslator] Unable to look up field name for input fieldproperty_value
[08:23:41.278779 ERROR] [epJSONTranslator] Unable to look up field name for input fieldproperty_value
[08:23:41.278785 ERROR] [epJSONTranslator] Unable to look up field name for input fieldproperty_value
[08:23:41.278791 ERROR] [epJSONTranslator] Unable to look up field name for input fieldproperty_value
[08:23:41.278796 ERROR] [epJSONTranslator] Unable to look up field name for input fieldproperty_value
[08:23:41.278802 ERROR] [epJSONTranslator] Unable to look up field name for input fieldproperty_value
[08:23:41.278808 ERROR] [epJSONTranslator] Unable to look up field name for input fieldproperty_value
[08:23:41.278813 ERROR] [epJSONTranslator] Unable to look up field name for input fieldproperty_value
[08:23:41.278819 ERROR] [epJSONTranslator] Unable to look up field name for input fieldproperty_value
[08:23:41.278825 ERROR] [epJSONTranslator] Unable to look up field name for input fieldproperty_value
[08:23:41.278830 ERROR] [epJSONTranslator] Unable to look up field name for input fieldproperty_value
[08:23:41.278836 ERROR] [epJSONTranslator] Unable to look up field name for input fieldproperty_value
[08:23:41.278842 ERROR] [epJSONTranslator] Unable to look up field name for input fieldproperty_value
[08:23:41.278847 ERROR] [epJSONTranslator] Unable to look up field name for input fieldproperty_value
[08:23:41.278853 ERROR] [epJSONTranslator] Unable to look up field name for input fieldproperty_value
[08:23:41.278859 ERROR] [epJSONTranslator] Unable to look up field name for input fieldproperty_value
[08:23:41.278864 ERROR] [epJSONTranslator] Unable to look up field name for input fieldproperty_value
[08:23:41.278870 ERROR] [epJSONTranslator] Unable to look up field name for input fieldproperty_value
[08:23:41.278876 ERROR] [epJSONTranslator] Unable to look up field name for input fieldproperty_value
[08:23:41.278881 ERROR] [epJSONTranslator] Unable to look up field name for input fieldproperty_value
[08:23:41.278887 ERROR] [epJSONTranslator] Unable to look up field name for input fieldproperty_value
[08:23:41.278893 ERROR] [epJSONTranslator] Unable to look up field name for input fieldproperty_value
[08:23:41.278898 ERROR] [epJSONTranslator] Unable to look up field name for input fieldproperty_value
[08:23:41.278904 ERROR] [epJSONTranslator] Unable to look up field name for input fieldproperty_value
[08:23:41.278910 ERROR] [epJSONTranslator] Unable to look up field name for input fieldproperty_value
[08:23:41.278915 ERROR] [epJSONTranslator] Unable to look up field name for input fieldproperty_value
[08:23:41.278921 ERROR] [epJSONTranslator] Unable to look up field name for input fieldproperty_value
[08:23:41.278927 ERROR] [epJSONTranslator] Unable to look up field name for input fieldproperty_value
[08:23:41.278932 ERROR] [epJSONTranslator] Unable to look up field name for input fieldproperty_value
[08:23:41.278938 ERROR] [epJSONTranslator] Unable to look up field name for input fieldproperty_value
[08:23:41.278944 ERROR] [epJSONTranslator] Unable to look up field name for input fieldproperty_value
[08:23:41.278949 ERROR] [epJSONTranslator] Unable to look up field name for input fieldproperty_value
[08:23:41.278955 ERROR] [epJSONTranslator] Unable to look up field name for input fieldproperty_value
[08:23:41.278964 ERROR] [epJSONTranslator] Unable to look up field name for input fieldproperty_value
[08:23:41.278970 ERROR] [epJSONTranslator] Unable to look up field name for input fieldproperty_value
[08:23:41.278975 ERROR] [epJSONTranslator] Unable to look up field name for input fieldproperty_value
[08:23:41.278988 ERROR] [epJSONTranslator] Unable to look up field name for input fieldproperty_value
[08:23:41.278995 ERROR] [epJSONTranslator] Unable to look up field name for input fieldproperty_value
[08:23:41.279001 ERROR] [epJSONTranslator] Unable to look up field name for input fieldproperty_value
[08:23:41.279007 ERROR] [epJSONTranslator] Unable to look up field name for input fieldproperty_value
[08:23:41.279013 ERROR] [epJSONTranslator] Unable to look up field name for input fieldproperty_value
[08:23:41.279020 ERROR] [epJSONTranslator] Unable to look up field name for input fieldproperty_value
[08:23:41.279027 ERROR] [epJSONTranslator] Unable to look up field name for input fieldproperty_value
[08:23:41.279033 ERROR] [epJSONTranslator] Unable to look up field name for input fieldproperty_value
[08:23:41.279039 ERROR] [epJSONTranslator] Unable to look up field name for input fieldproperty_value
[08:23:41.279045 ERROR] [epJSONTranslator] Unable to look up field name for input fieldproperty_value
[08:23:41.279051 ERROR] [epJSONTranslator] Unable to look up field name for input fieldproperty_value
[08:23:41.279057 ERROR] [epJSONTranslator] Unable to look up field name for input fieldproperty_value
[08:23:41.279063 ERROR] [epJSONTranslator] Unable to look up field name for input fieldproperty_value
[08:23:41.279070 ERROR] [epJSONTranslator] Unable to look up field name for input fieldproperty_value
[08:23:41.279076 ERROR] [epJSONTranslator] Unable to look up field name for input fieldproperty_value
[08:23:41.279081 ERROR] [epJSONTranslator] Unable to look up field name for input fieldproperty_value
[08:23:41.279087 ERROR] [epJSONTranslator] Unable to look up field name for input fieldproperty_value
[08:23:41.279093 ERROR] [epJSONTranslator] Unable to look up field name for input fieldproperty_value
[08:23:41.279098 ERROR] [epJSONTranslator] Unable to look up field name for input fieldproperty_value
[08:23:41.279104 ERROR] [epJSONTranslator] Unable to look up field name for input fieldproperty_value
[08:23:41.279110 ERROR] [epJSONTranslator] Unable to look up field name for input fieldproperty_value
[08:23:41.279115 ERROR] [epJSONTranslator] Unable to look up field name for input fieldproperty_value
[08:23:41.279121 ERROR] [epJSONTranslator] Unable to look up field name for input fieldproperty_value
[08:23:41.279127 ERROR] [epJSONTranslator] Unable to look up field name for input fieldproperty_value
[08:23:41.279134 ERROR] [epJSONTranslator] Unable to look up field name for input fieldproperty_value
[08:23:41.279140 ERROR] [epJSONTranslator] Unable to look up field name for input fieldproperty_value
[08:23:41.279146 ERROR] [epJSONTranslator] Unable to look up field name for input fieldproperty_value
[08:23:41.279152 ERROR] [epJSONTranslator] Unable to look up field name for input fieldproperty_value
[08:23:41.279158 ERROR] [epJSONTranslator] Unable to look up field name for input fieldproperty_value
[08:23:41.279163 ERROR] [epJSONTranslator] Unable to look up field name for input fieldproperty_value
[08:23:41.279241 ERROR] [epJSONTranslator] Unable to look up field name for input fieldproperty_value
[08:23:41.279247 ERROR] [epJSONTranslator] Unable to look up field name for input fieldproperty_value
[08:23:41.279253 ERROR] [epJSONTranslator] Unable to look up field name for input fieldproperty_value
[08:23:41.279258 ERROR] [epJSONTranslator] Unable to look up field name for input fieldproperty_value
[08:23:41.279264 ERROR] [epJSONTranslator] Unable to look up field name for input fieldproperty_value
[08:23:41.279270 ERROR] [epJSONTranslator] Unable to look up field name for input fieldproperty_value
[08:23:41.279275 ERROR] [epJSONTranslator] Unable to look up field name for input fieldproperty_value
[08:23:41.279281 ERROR] [epJSONTranslator] Unable to look up field name for input fieldproperty_value
[08:23:41.279286 ERROR] [epJSONTranslator] Unable to look up field name for input fieldproperty_value
[08:23:41.279292 ERROR] [epJSONTranslator] Unable to look up field name for input fieldproperty_value
[08:23:41.279298 ERROR] [epJSONTranslator] Unable to look up field name for input fieldproperty_value
[08:23:41.279303 ERROR] [epJSONTranslator] Unable to look up field name for input fieldproperty_value
[08:23:41.279309 ERROR] [epJSONTranslator] Unable to look up field name for input fieldproperty_value
[08:23:41.279314 ERROR] [epJSONTranslator] Unable to look up field name for input fieldproperty_value
[08:23:41.279320 ERROR] [epJSONTranslator] Unable to look up field name for input fieldproperty_value
[08:23:41.279333 ERROR] [epJSONTranslator] Unable to look up field name for input fieldproperty_value
[08:23:41.279339 ERROR] [epJSONTranslator] Unable to look up field name for input fieldproperty_value
[08:23:41.279344 ERROR] [epJSONTranslator] Unable to look up field name for input fieldproperty_value
[08:23:41.279350 ERROR] [epJSONTranslator] Unable to look up field name for input fieldproperty_value
[08:23:41.279356 ERROR] [epJSONTranslator] Unable to look up field name for input fieldproperty_value
[08:23:41.279361 ERROR] [epJSONTranslator] Unable to look up field name for input fieldproperty_value
[08:23:41.279367 ERROR] [epJSONTranslator] Unable to look up field name for input fieldproperty_value
[08:23:41.279373 ERROR] [epJSONTranslator] Unable to look up field name for input fieldproperty_value
[08:23:41.279378 ERROR] [epJSONTranslator] Unable to look up field name for input fieldproperty_value
[08:23:41.279384 ERROR] [epJSONTranslator] Unable to look up field name for input fieldproperty_value
[08:23:41.279390 ERROR] [epJSONTranslator] Unable to look up field name for input fieldproperty_value
[08:23:41.279395 ERROR] [epJSONTranslator] Unable to look up field name for input fieldproperty_value
[08:23:41.279401 ERROR] [epJSONTranslator] Unable to look up field name for input fieldproperty_value
[08:23:41.279407 ERROR] [epJSONTranslator] Unable to look up field name for input fieldproperty_value
[08:23:41.279413 ERROR] [epJSONTranslator] Unable to look up field name for input fieldproperty_value
[08:23:41.279418 ERROR] [epJSONTranslator] Unable to look up field name for input fieldproperty_value
[08:23:41.279424 ERROR] [epJSONTranslator] Unable to look up field name for input fieldproperty_value
[08:23:41.279429 ERROR] [epJSONTranslator] Unable to look up field name for input fieldproperty_value
[08:23:41.279435 ERROR] [epJSONTranslator] Unable to look up field name for input fieldproperty_value
[08:23:41.279441 ERROR] [epJSONTranslator] Unable to look up field name for input fieldproperty_value
[08:23:41.279446 ERROR] [epJSONTranslator] Unable to look up field name for input fieldproperty_value
[08:23:41.279452 ERROR] [epJSONTranslator] Unable to look up field name for input fieldproperty_value
[08:23:41.279458 ERROR] [epJSONTranslator] Unable to look up field name for input fieldproperty_value
[08:23:41.279464 ERROR] [epJSONTranslator] Unable to look up field name for input fieldproperty_value
[08:23:41.279469 ERROR] [epJSONTranslator] Unable to look up field name for input fieldproperty_value
[08:23:41.279475 ERROR] [epJSONTranslator] Unable to look up field name for input fieldproperty_value
[08:23:41.279480 ERROR] [epJSONTranslator] Unable to look up field name for input fieldproperty_value
[08:23:41.279486 ERROR] [epJSONTranslator] Unable to look up field name for input fieldproperty_value
[08:23:41.279492 ERROR] [epJSONTranslator] Unable to look up field name for input fieldproperty_value
[08:23:41.279497 ERROR] [epJSONTranslator] Unable to look up field name for input fieldproperty_value
[08:23:41.279503 ERROR] [epJSONTranslator] Unable to look up field name for input fieldproperty_value
[08:23:41.279509 ERROR] [epJSONTranslator] Unable to look up field name for input fieldproperty_value
[08:23:41.279514 ERROR] [epJSONTranslator] Unable to look up field name for input fieldproperty_value
[08:23:41.279520 ERROR] [epJSONTranslator] Unable to look up field name for input fieldproperty_value
[08:23:41.279525 ERROR] [epJSONTranslator] Unable to look up field name for input fieldproperty_value
[08:23:41.279531 ERROR] [epJSONTranslator] Unable to look up field name for input fieldproperty_value
[08:23:41.279537 ERROR] [epJSONTranslator] Unable to look up field name for input fieldproperty_value
[08:23:41.279542 ERROR] [epJSONTranslator] Unable to look up field name for input fieldproperty_value
[08:23:41.279548 ERROR] [epJSONTranslator] Unable to look up field name for input fieldproperty_value
[08:23:41.279553 ERROR] [epJSONTranslator] Unable to look up field name for input fieldproperty_value
[08:23:41.279559 ERROR] [epJSONTranslator] Unable to look up field name for input fieldproperty_value
[08:23:41.279564 ERROR] [epJSONTranslator] Unable to look up field name for input fieldproperty_value
[08:23:41.279570 ERROR] [epJSONTranslator] Unable to look up field name for input fieldproperty_value
[08:23:41.279575 ERROR] [epJSONTranslator] Unable to look up field name for input fieldproperty_value
[08:23:41.279581 ERROR] [epJSONTranslator] Unable to look up field name for input fieldproperty_value
[08:23:41.279595 ERROR] [epJSONTranslator] Unable to look up field name for input fieldproperty_value
[08:23:41.279601 ERROR] [epJSONTranslator] Unable to look up field name for input fieldproperty_value
[08:23:41.279607 ERROR] [epJSONTranslator] Unable to look up field name for input fieldproperty_value
[08:23:41.279613 ERROR] [epJSONTranslator] Unable to look up field name for input fieldproperty_value
[08:23:41.279619 ERROR] [epJSONTranslator] Unable to look up field name for input fieldproperty_value
[08:23:41.279624 ERROR] [epJSONTranslator] Unable to look up field name for input fieldproperty_value
[08:23:41.279630 ERROR] [epJSONTranslator] Unable to look up field name for input fieldproperty_value
[08:23:41.279635 ERROR] [epJSONTranslator] Unable to look up field name for input fieldproperty_value
[08:23:41.279641 ERROR] [epJSONTranslator] Unable to look up field name for input fieldproperty_value
[08:23:41.279647 ERROR] [epJSONTranslator] Unable to look up field name for input fieldproperty_value
[08:23:41.279652 ERROR] [epJSONTranslator] Unable to look up field name for input fieldproperty_value
[08:23:41.279658 ERROR] [epJSONTranslator] Unable to look up field name for input fieldproperty_value
[08:23:41.279664 ERROR] [epJSONTranslator] Unable to look up field name for input fieldproperty_value
[08:23:41.279669 ERROR] [epJSONTranslator] Unable to look up field name for input fieldproperty_value
[08:23:41.279675 ERROR] [epJSONTranslator] Unable to look up field name for input fieldproperty_value
[08:23:41.279681 ERROR] [epJSONTranslator] Unable to look up field name for input fieldproperty_value
[08:23:41.279686 ERROR] [epJSONTranslator] Unable to look up field name for input fieldproperty_value
[08:23:41.279692 ERROR] [epJSONTranslator] Unable to look up field name for input fieldproperty_value
[08:23:41.279698 ERROR] [epJSONTranslator] Unable to look up field name for input fieldproperty_value
[08:23:41.279703 ERROR] [epJSONTranslator] Unable to look up field name for input fieldproperty_value
[08:23:41.279709 ERROR] [epJSONTranslator] Unable to look up field name for input fieldproperty_value
[08:23:41.279715 ERROR] [epJSONTranslator] Unable to look up field name for input fieldproperty_value
[08:23:41.279720 ERROR] [epJSONTranslator] Unable to look up field name for input fieldproperty_value
[08:23:41.279726 ERROR] [epJSONTranslator] Unable to look up field name for input fieldproperty_value
[08:23:41.279732 ERROR] [epJSONTranslator] Unable to look up field name for input fieldproperty_value
[08:23:41.279737 ERROR] [epJSONTranslator] Unable to look up field name for input fieldproperty_value
[08:23:41.279743 ERROR] [epJSONTranslator] Unable to look up field name for input fieldproperty_value
[08:23:41.279750 ERROR] [epJSONTranslator] Unable to look up field name for input fieldproperty_value
[08:23:41.279755 ERROR] [epJSONTranslator] Unable to look up field name for input fieldproperty_value
[08:23:41.279761 ERROR] [epJSONTranslator] Unable to look up field name for input fieldproperty_value
[08:23:41.279766 ERROR] [epJSONTranslator] Unable to look up field name for input fieldproperty_value
[08:23:41.279772 ERROR] [epJSONTranslator] Unable to look up field name for input fieldproperty_value
[08:23:41.279778 ERROR] [epJSONTranslator] Unable to look up field name for input fieldproperty_value
[08:23:41.279783 ERROR] [epJSONTranslator] Unable to look up field name for input fieldproperty_value
[08:23:41.279789 ERROR] [epJSONTranslator] Unable to look up field name for input fieldproperty_value
[08:23:41.279795 ERROR] [epJSONTranslator] Unable to look up field name for input fieldproperty_value
[08:23:41.279800 ERROR] [epJSONTranslator] Unable to look up field name for input fieldproperty_value
[08:23:41.279806 ERROR] [epJSONTranslator] Unable to look up field name for input fieldproperty_value
[08:23:41.279812 ERROR] [epJSONTranslator] Unable to look up field name for input fieldproperty_value
[08:23:41.279817 ERROR] [epJSONTranslator] Unable to look up field name for input fieldproperty_value
[08:23:41.279823 ERROR] [epJSONTranslator] Unable to look up field name for input fieldproperty_value
[08:23:41.279829 ERROR] [epJSONTranslator] Unable to look up field name for input fieldproperty_value
[08:23:41.279834 ERROR] [epJSONTranslator] Unable to look up field name for input fieldproperty_value
[08:23:41.279840 ERROR] [epJSONTranslator] Unable to look up field name for input fieldproperty_value
[08:23:41.279846 ERROR] [epJSONTranslator] Unable to look up field name for input fieldproperty_value
[08:23:41.279858 ERROR] [epJSONTranslator] Unable to look up field name for input fieldproperty_value
[08:23:41.279864 ERROR] [epJSONTranslator] Unable to look up field name for input fieldproperty_value
[08:23:41.279870 ERROR] [epJSONTranslator] Unable to look up field name for input fieldproperty_value
[08:23:41.279875 ERROR] [epJSONTranslator] Unable to look up field name for input fieldproperty_value
[08:23:41.279881 ERROR] [epJSONTranslator] Unable to look up field name for input fieldproperty_value
[08:23:41.279887 ERROR] [epJSONTranslator] Unable to look up field name for input fieldproperty_value
[08:23:41.279893 ERROR] [epJSONTranslator] Unable to look up field name for input fieldproperty_value
[08:23:41.279898 ERROR] [epJSONTranslator] Unable to look up field name for input fieldproperty_value
[08:23:41.279904 ERROR] [epJSONTranslator] Unable to look up field name for input fieldproperty_value
[08:23:41.279910 ERROR] [epJSONTranslator] Unable to look up field name for input fieldproperty_value
[08:23:41.279915 ERROR] [epJSONTranslator] Unable to look up field name for input fieldproperty_value
[08:23:41.279921 ERROR] [epJSONTranslator] Unable to look up field name for input fieldproperty_value
[08:23:41.279927 ERROR] [epJSONTranslator] Unable to look up field name for input fieldproperty_value
[08:23:41.279932 ERROR] [epJSONTranslator] Unable to look up field name for input fieldproperty_value
[08:23:41.279938 ERROR] [epJSONTranslator] Unable to look up field name for input fieldproperty_value
[08:23:41.279944 ERROR] [epJSONTranslator] Unable to look up field name for input fieldproperty_value
[08:23:41.279950 ERROR] [epJSONTranslator] Unable to look up field name for input fieldproperty_value
[08:23:41.279955 ERROR] [epJSONTranslator] Unable to look up field name for input fieldproperty_value
[08:23:41.279961 ERROR] [epJSONTranslator] Unable to look up field name for input fieldproperty_value
[08:23:41.279967 ERROR] [epJSONTranslator] Unable to look up field name for input fieldproperty_value
[08:23:41.279973 ERROR] [epJSONTranslator] Unable to look up field name for input fieldproperty_value
[08:23:41.279979 ERROR] [epJSONTranslator] Unable to look up field name for input fieldproperty_value
[08:23:41.279984 ERROR] [epJSONTranslator] Unable to look up field name for input fieldproperty_value
[08:23:41.279990 ERROR] [epJSONTranslator] Unable to look up field name for input fieldproperty_value
[08:23:41.279997 ERROR] [epJSONTranslator] Unable to look up field name for input fieldproperty_value
[08:23:41.280003 ERROR] [epJSONTranslator] Unable to look up field name for input fieldproperty_value
[08:23:41.280009 ERROR] [epJSONTranslator] Unable to look up field name for input fieldproperty_value
[08:23:41.280015 ERROR] [epJSONTranslator] Unable to look up field name for input fieldproperty_value
[08:23:41.280020 ERROR] [epJSONTranslator] Unable to look up field name for input fieldproperty_value
[08:23:41.280026 ERROR] [epJSONTranslator] Unable to look up field name for input fieldproperty_value
[08:23:41.280032 ERROR] [epJSONTranslator] Unable to look up field name for input fieldproperty_value
[08:23:41.280037 ERROR] [epJSONTranslator] Unable to look up field name for input fieldproperty_value
[08:23:41.280043 ERROR] [epJSONTranslator] Unable to look up field name for input fieldproperty_value
[08:23:41.280049 ERROR] [epJSONTranslator] Unable to look up field name for input fieldproperty_value
[08:23:41.280055 ERROR] [epJSONTranslator] Unable to look up field name for input fieldproperty_value
[08:23:41.280061 ERROR] [epJSONTranslator] Unable to look up field name for input fieldproperty_value
[08:23:41.280066 ERROR] [epJSONTranslator] Unable to look up field name for input fieldproperty_value
[08:23:41.280072 ERROR] [epJSONTranslator] Unable to look up field name for input fieldproperty_value
[08:23:41.280078 ERROR] [epJSONTranslator] Unable to look up field name for input fieldproperty_value
[08:23:41.280084 ERROR] [epJSONTranslator] Unable to look up field name for input fieldproperty_value
[08:23:41.280090 ERROR] [epJSONTranslator] Unable to look up field name for input fieldproperty_value
[08:23:41.280096 ERROR] [epJSONTranslator] Unable to look up field name for input fieldproperty_value
[08:23:41.280102 ERROR] [epJSONTranslator] Unable to look up field name for input fieldproperty_value
[08:23:41.280108 ERROR] [epJSONTranslator] Unable to look up field name for input fieldproperty_value
[08:23:41.280115 ERROR] [epJSONTranslator] Unable to look up field name for input fieldproperty_value
[08:23:41.280128 ERROR] [epJSONTranslator] Unable to look up field name for input fieldproperty_value
[08:23:41.280134 ERROR] [epJSONTranslator] Unable to look up field name for input fieldproperty_value
[08:23:41.280140 ERROR] [epJSONTranslator] Unable to look up field name for input fieldproperty_value
[08:23:41.280146 ERROR] [epJSONTranslator] Unable to look up field name for input fieldproperty_value
[08:23:41.280152 ERROR] [epJSONTranslator] Unable to look up field name for input fieldproperty_value
[08:23:41.280158 ERROR] [epJSONTranslator] Unable to look up field name for input fieldproperty_value
[08:23:41.280163 ERROR] [epJSONTranslator] Unable to look up field name for input fieldproperty_value
[08:23:41.280169 ERROR] [epJSONTranslator] Unable to look up field name for input fieldproperty_value
[08:23:41.280177 ERROR] [epJSONTranslator] Unable to look up field name for input fieldproperty_value
[08:23:41.280184 ERROR] [epJSONTranslator] Unable to look up field name for input fieldproperty_value
[08:23:41.280190 ERROR] [epJSONTranslator] Unable to look up field name for input fieldproperty_value
[08:23:41.280196 ERROR] [epJSONTranslator] Unable to look up field name for input fieldproperty_value
[08:23:41.280202 ERROR] [epJSONTranslator] Unable to look up field name for input fieldproperty_value
[08:23:41.280208 ERROR] [epJSONTranslator] Unable to look up field name for input fieldproperty_value
[08:23:41.280214 ERROR] [epJSONTranslator] Unable to look up field name for input fieldproperty_value
[08:23:41.280219 ERROR] [epJSONTranslator] Unable to look up field name for input fieldproperty_value
[08:23:41.280225 ERROR] [epJSONTranslator] Unable to look up field name for input fieldproperty_value
[08:23:41.280231 ERROR] [epJSONTranslator] Unable to look up field name for input fieldproperty_value
[08:23:41.280236 ERROR] [epJSONTranslator] Unable to look up field name for input fieldproperty_value
[08:23:41.280242 ERROR] [epJSONTranslator] Unable to look up field name for input fieldproperty_value
[08:23:41.280248 ERROR] [epJSONTranslator] Unable to look up field name for input fieldproperty_value
[08:23:41.280254 ERROR] [epJSONTranslator] Unable to look up field name for input fieldproperty_value
[08:23:41.280260 ERROR] [epJSONTranslator] Unable to look up field name for input fieldproperty_value
[08:23:41.280266 ERROR] [epJSONTranslator] Unable to look up field name for input fieldproperty_value
[08:23:41.280271 ERROR] [epJSONTranslator] Unable to look up field name for input fieldproperty_value
[08:23:41.280277 ERROR] [epJSONTranslator] Unable to look up field name for input fieldproperty_value
[08:23:41.280283 ERROR] [epJSONTranslator] Unable to look up field name for input fieldproperty_value
[08:23:41.280288 ERROR] [epJSONTranslator] Unable to look up field name for input fieldproperty_value
[08:23:41.280294 ERROR] [epJSONTranslator] Unable to look up field name for input fieldproperty_value
[08:23:41.280299 ERROR] [epJSONTranslator] Unable to look up field name for input fieldproperty_value
[08:23:41.280305 ERROR] [epJSONTranslator] Unable to look up field name for input fieldproperty_value
[08:23:41.280310 ERROR] [epJSONTranslator] Unable to look up field name for input fieldproperty_value
[08:23:41.280316 ERROR] [epJSONTranslator] Unable to look up field name for input fieldproperty_value
[08:23:41.280322 ERROR] [epJSONTranslator] Unable to look up field name for input fieldproperty_value
[08:23:41.280328 ERROR] [epJSONTranslator] Unable to look up field name for input fieldproperty_value
[08:23:41.280335 ERROR] [epJSONTranslator] Unable to look up field name for input fieldproperty_value
[08:23:41.280340 ERROR] [epJSONTranslator] Unable to look up field name for input fieldproperty_value
[08:23:41.280347 ERROR] [epJSONTranslator] Unable to look up field name for input fieldproperty_value
[08:23:41.280352 ERROR] [epJSONTranslator] Unable to look up field name for input fieldproperty_value
[08:23:41.280358 ERROR] [epJSONTranslator] Unable to look up field name for input fieldproperty_value
[08:23:41.280364 ERROR] [epJSONTranslator] Unable to look up field name for input fieldproperty_value
[08:23:41.280369 ERROR] [epJSONTranslator] Unable to look up field name for input fieldproperty_value
[08:23:41.280375 ERROR] [epJSONTranslator] Unable to look up field name for input fieldproperty_value
[08:23:41.280381 ERROR] [epJSONTranslator] Unable to look up field name for input fieldproperty_value
[08:23:41.280386 ERROR] [epJSONTranslator] Unable to look up field name for input fieldproperty_value
[08:23:41.280399 ERROR] [epJSONTranslator] Unable to look up field name for input fieldproperty_value
[08:23:41.280405 ERROR] [epJSONTranslator] Unable to look up field name for input fieldproperty_value
[08:23:41.280410 ERROR] [epJSONTranslator] Unable to look up field name for input fieldproperty_value
[08:23:41.280416 ERROR] [epJSONTranslator] Unable to look up field name for input fieldproperty_value
[08:23:41.280422 ERROR] [epJSONTranslator] Unable to look up field name for input fieldproperty_value
[08:23:41.280428 ERROR] [epJSONTranslator] Unable to look up field name for input fieldproperty_value
[08:23:41.280433 ERROR] [epJSONTranslator] Unable to look up field name for input fieldproperty_value
[08:23:41.280439 ERROR] [epJSONTranslator] Unable to look up field name for input fieldproperty_value
[08:23:41.280444 ERROR] [epJSONTranslator] Unable to look up field name for input fieldproperty_value
[08:23:41.280450 ERROR] [epJSONTranslator] Unable to look up field name for input fieldproperty_value
[08:23:41.280455 ERROR] [epJSONTranslator] Unable to look up field name for input fieldproperty_value
[08:23:41.280461 ERROR] [epJSONTranslator] Unable to look up field name for input fieldproperty_value
[08:23:41.280467 ERROR] [epJSONTranslator] Unable to look up field name for input fieldproperty_value
[08:23:41.280473 ERROR] [epJSONTranslator] Unable to look up field name for input fieldproperty_value
[08:23:41.280478 ERROR] [epJSONTranslator] Unable to look up field name for input fieldproperty_value
[08:23:41.280484 ERROR] [epJSONTranslator] Unable to look up field name for input fieldproperty_value
[08:23:41.280489 ERROR] [epJSONTranslator] Unable to look up field name for input fieldproperty_value
[08:23:41.280495 ERROR] [epJSONTranslator] Unable to look up field name for input fieldproperty_value
[08:23:41.280501 ERROR] [epJSONTranslator] Unable to look up field name for input fieldproperty_value
[08:23:41.280506 ERROR] [epJSONTranslator] Unable to look up field name for input fieldproperty_value
[08:23:41.280513 ERROR] [epJSONTranslator] Unable to look up field name for input fieldproperty_value
[08:23:41.280519 ERROR] [epJSONTranslator] Unable to look up field name for input fieldproperty_value
[08:23:41.280524 ERROR] [epJSONTranslator] Unable to look up field name for input fieldproperty_value
[08:23:41.280530 ERROR] [epJSONTranslator] Unable to look up field name for input fieldproperty_value
[08:23:41.280536 ERROR] [epJSONTranslator] Unable to look up field name for input fieldproperty_value
[08:23:41.280541 ERROR] [epJSONTranslator] Unable to look up field name for input fieldproperty_value
[08:23:41.280547 ERROR] [epJSONTranslator] Unable to look up field name for input fieldproperty_value
[08:23:41.280552 ERROR] [epJSONTranslator] Unable to look up field name for input fieldproperty_value
[08:23:41.280558 ERROR] [epJSONTranslator] Unable to look up field name for input fieldproperty_value
[08:23:41.280564 ERROR] [epJSONTranslator] Unable to look up field name for input fieldproperty_value
[08:23:41.280570 ERROR] [epJSONTranslator] Unable to look up field name for input fieldproperty_value
[08:23:41.280575 ERROR] [epJSONTranslator] Unable to look up field name for input fieldproperty_value
[08:23:41.280581 ERROR] [epJSONTranslator] Unable to look up field name for input fieldproperty_value
[08:23:41.280587 ERROR] [epJSONTranslator] Unable to look up field name for input fieldproperty_value
[08:23:41.280592 ERROR] [epJSONTranslator] Unable to look up field name for input fieldproperty_value
[08:23:41.280598 ERROR] [epJSONTranslator] Unable to look up field name for input fieldproperty_value
[08:23:41.280604 ERROR] [epJSONTranslator] Unable to look up field name for input fieldproperty_value
[08:23:41.280609 ERROR] [epJSONTranslator] Unable to look up field name for input fieldproperty_value
[08:23:41.280615 ERROR] [epJSONTranslator] Unable to look up field name for input fieldproperty_value
[08:23:41.280621 ERROR] [epJSONTranslator] Unable to look up field name for input fieldproperty_value
[08:23:41.280627 ERROR] [epJSONTranslator] Unable to look up field name for input fieldproperty_value
[08:23:41.280632 ERROR] [epJSONTranslator] Unable to look up field name for input fieldproperty_value
[08:23:41.280638 ERROR] [epJSONTranslator] Unable to look up field name for input fieldproperty_value
[08:23:41.280643 ERROR] [epJSONTranslator] Unable to look up field name for input fieldproperty_value
[08:23:41.280649 ERROR] [epJSONTranslator] Unable to look up field name for input fieldproperty_value
[08:23:41.280662 ERROR] [epJSONTranslator] Unable to look up field name for input fieldproperty_value
[08:23:41.280668 ERROR] [epJSONTranslator] Unable to look up field name for input fieldproperty_value
[08:23:41.280675 ERROR] [epJSONTranslator] Unable to look up field name for input fieldproperty_value
[08:23:41.280681 ERROR] [epJSONTranslator] Unable to look up field name for input fieldproperty_value
[08:23:41.280687 ERROR] [epJSONTranslator] Unable to look up field name for input fieldproperty_value
[08:23:41.280693 ERROR] [epJSONTranslator] Unable to look up field name for input fieldproperty_value
[08:23:41.280700 ERROR] [epJSONTranslator] Unable to look up field name for input fieldproperty_value
[08:23:41.280706 ERROR] [epJSONTranslator] Unable to look up field name for input fieldproperty_value
[08:23:41.280714 ERROR] [epJSONTranslator] Unable to look up field name for input fieldproperty_value
[08:23:41.280720 ERROR] [epJSONTranslator] Unable to look up field name for input fieldproperty_value
[08:23:41.280726 ERROR] [epJSONTranslator] Unable to look up field name for input fieldproperty_value
[08:23:41.280732 ERROR] [epJSONTranslator] Unable to look up field name for input fieldproperty_value
[08:23:41.280739 ERROR] [epJSONTranslator] Unable to look up field name for input fieldproperty_value
[08:23:41.280747 ERROR] [epJSONTranslator] Unable to look up field name for input fieldproperty_value
[08:23:41.280753 ERROR] [epJSONTranslator] Unable to look up field name for input fieldproperty_value
[08:23:41.280759 ERROR] [epJSONTranslator] Unable to look up field name for input fieldproperty_value
[08:23:41.280765 ERROR] [epJSONTranslator] Unable to look up field name for input fieldproperty_value
[08:23:41.280770 ERROR] [epJSONTranslator] Unable to look up field name for input fieldproperty_value
[08:23:41.280776 ERROR] [epJSONTranslator] Unable to look up field name for input fieldproperty_value
[08:23:41.280782 ERROR] [epJSONTranslator] Unable to look up field name for input fieldproperty_value
[08:23:41.280788 ERROR] [epJSONTranslator] Unable to look up field name for input fieldproperty_value
[08:23:41.280793 ERROR] [epJSONTranslator] Unable to look up field name for input fieldproperty_value
[08:23:41.280799 ERROR] [epJSONTranslator] Unable to look up field name for input fieldproperty_value
[08:23:41.280804 ERROR] [epJSONTranslator] Unable to look up field name for input fieldproperty_value
[08:23:41.280810 ERROR] [epJSONTranslator] Unable to look up field name for input fieldproperty_value
[08:23:41.280816 ERROR] [epJSONTranslator] Unable to look up field name for input fieldproperty_value
[08:23:41.280822 ERROR] [epJSONTranslator] Unable to look up field name for input fieldproperty_value
[08:23:41.280827 ERROR] [epJSONTranslator] Unable to look up field name for input fieldproperty_value
[08:23:41.280833 ERROR] [epJSONTranslator] Unable to look up field name for input fieldproperty_value
[08:23:41.280839 ERROR] [epJSONTranslator] Unable to look up field name for input fieldproperty_value
[08:23:41.280844 ERROR] [epJSONTranslator] Unable to look up field name for input fieldproperty_value
[08:23:41.280850 ERROR] [epJSONTranslator] Unable to look up field name for input fieldproperty_value
[08:23:41.280858 ERROR] [epJSONTranslator] Unable to look up field name for input fieldproperty_value
[08:23:41.280866 ERROR] [epJSONTranslator] Unable to look up field name for input fieldproperty_value
[08:23:41.280873 ERROR] [epJSONTranslator] Unable to look up field name for input fieldproperty_value
[08:23:41.280879 ERROR] [epJSONTranslator] Unable to look up field name for input fieldproperty_value
[08:23:41.280886 ERROR] [epJSONTranslator] Unable to look up field name for input fieldproperty_value
[08:23:41.280893 ERROR] [epJSONTranslator] Unable to look up field name for input fieldproperty_value
[08:23:41.280900 ERROR] [epJSONTranslator] Unable to look up field name for input fieldproperty_value
[08:23:41.280906 ERROR] [epJSONTranslator] Unable to look up field name for input fieldproperty_value
[08:23:41.280912 ERROR] [epJSONTranslator] Unable to look up field name for input fieldproperty_value
[08:23:41.280918 ERROR] [epJSONTranslator] Unable to look up field name for input fieldproperty_value
[08:23:41.280924 ERROR] [epJSONTranslator] Unable to look up field name for input fieldproperty_value
[08:23:41.280930 ERROR] [epJSONTranslator] Unable to look up field name for input fieldproperty_value
[08:23:41.280935 ERROR] [epJSONTranslator] Unable to look up field name for input fieldproperty_value
[08:23:41.280948 ERROR] [epJSONTranslator] Unable to look up field name for input fieldproperty_value
[08:23:41.280954 ERROR] [epJSONTranslator] Unable to look up field name for input fieldproperty_value
[08:23:41.280960 ERROR] [epJSONTranslator] Unable to look up field name for input fieldproperty_value
[08:23:41.280965 ERROR] [epJSONTranslator] Unable to look up field name for input fieldproperty_value
[08:23:41.280971 ERROR] [epJSONTranslator] Unable to look up field name for input fieldproperty_value
[08:23:41.280977 ERROR] [epJSONTranslator] Unable to look up field name for input fieldproperty_value
[08:23:41.280982 ERROR] [epJSONTranslator] Unable to look up field name for input fieldproperty_value
[08:23:41.280988 ERROR] [epJSONTranslator] Unable to look up field name for input fieldproperty_value
[08:23:41.280993 ERROR] [epJSONTranslator] Unable to look up field name for input fieldproperty_value
[08:23:41.280999 ERROR] [epJSONTranslator] Unable to look up field name for input fieldproperty_value
[08:23:41.281005 ERROR] [epJSONTranslator] Unable to look up field name for input fieldproperty_value
[08:23:41.281010 ERROR] [epJSONTranslator] Unable to look up field name for input fieldproperty_value
[08:23:41.281016 ERROR] [epJSONTranslator] Unable to look up field name for input fieldproperty_value
[08:23:41.281022 ERROR] [epJSONTranslator] Unable to look up field name for input fieldproperty_value
[08:23:41.281027 ERROR] [epJSONTranslator] Unable to look up field name for input fieldproperty_value
[08:23:41.281033 ERROR] [epJSONTranslator] Unable to look up field name for input fieldproperty_value
[08:23:41.281039 ERROR] [epJSONTranslator] Unable to look up field name for input fieldproperty_value
[08:23:41.281045 ERROR] [epJSONTranslator] Unable to look up field name for input fieldproperty_value
[08:23:41.281050 ERROR] [epJSONTranslator] Unable to look up field name for input fieldproperty_value
[08:23:41.281056 ERROR] [epJSONTranslator] Unable to look up field name for input fieldproperty_value
[08:23:41.281061 ERROR] [epJSONTranslator] Unable to look up field name for input fieldproperty_value
[08:23:41.281068 ERROR] [epJSONTranslator] Unable to look up field name for input fieldproperty_value
[08:23:41.281073 ERROR] [epJSONTranslator] Unable to look up field name for input fieldproperty_value
[08:23:41.281079 ERROR] [epJSONTranslator] Unable to look up field name for input fieldproperty_value
[08:23:41.281085 ERROR] [epJSONTranslator] Unable to look up field name for input fieldproperty_value
[08:23:41.281090 ERROR] [epJSONTranslator] Unable to look up field name for input fieldproperty_value
[08:23:41.281096 ERROR] [epJSONTranslator] Unable to look up field name for input fieldproperty_value
[08:23:41.281102 ERROR] [epJSONTranslator] Unable to look up field name for input fieldproperty_value
[08:23:41.281108 ERROR] [epJSONTranslator] Unable to look up field name for input fieldproperty_value
[08:23:41.281113 ERROR] [epJSONTranslator] Unable to look up field name for input fieldproperty_value
[08:23:41.281119 ERROR] [epJSONTranslator] Unable to look up field name for input fieldproperty_value
[08:23:41.281125 ERROR] [epJSONTranslator] Unable to look up field name for input fieldproperty_value
[08:23:41.281130 ERROR] [epJSONTranslator] Unable to look up field name for input fieldproperty_value
[08:23:41.281136 ERROR] [epJSONTranslator] Unable to look up field name for input fieldproperty_value
[08:23:41.281142 ERROR] [epJSONTranslator] Unable to look up field name for input fieldproperty_value
[08:23:41.281148 ERROR] [epJSONTranslator] Unable to look up field name for input fieldproperty_value
[08:23:41.281153 ERROR] [epJSONTranslator] Unable to look up field name for input fieldproperty_value
[08:23:41.281159 ERROR] [epJSONTranslator] Unable to look up field name for input fieldproperty_value
[08:23:41.281164 ERROR] [epJSONTranslator] Unable to look up field name for input fieldproperty_value
[08:23:41.281170 ERROR] [epJSONTranslator] Unable to look up field name for input fieldproperty_value
[08:23:41.281176 ERROR] [epJSONTranslator] Unable to look up field name for input fieldproperty_value
[08:23:41.281182 ERROR] [epJSONTranslator] Unable to look up field name for input fieldproperty_value
[08:23:41.281188 ERROR] [epJSONTranslator] Unable to look up field name for input fieldproperty_value
[08:23:41.281194 ERROR] [epJSONTranslator] Unable to look up field name for input fieldproperty_value
[08:23:41.281200 ERROR] [epJSONTranslator] Unable to look up field name for input fieldproperty_value
[08:23:41.281214 ERROR] [epJSONTranslator] Unable to look up field name for input fieldproperty_value
[08:23:41.281221 ERROR] [epJSONTranslator] Unable to look up field name for input fieldproperty_value
[08:23:41.281227 ERROR] [epJSONTranslator] Unable to look up field name for input fieldproperty_value
[08:23:41.281233 ERROR] [epJSONTranslator] Unable to look up field name for input fieldproperty_value
[08:23:41.281238 ERROR] [epJSONTranslator] Unable to look up field name for input fieldproperty_value
[08:23:41.281245 ERROR] [epJSONTranslator] Unable to look up field name for input fieldproperty_value
[08:23:41.281251 ERROR] [epJSONTranslator] Unable to look up field name for input fieldproperty_value
[08:23:41.281258 ERROR] [epJSONTranslator] Unable to look up field name for input fieldproperty_value
[08:23:41.281265 ERROR] [epJSONTranslator] Unable to look up field name for input fieldproperty_value
[08:23:41.281272 ERROR] [epJSONTranslator] Unable to look up field name for input fieldproperty_value
[08:23:41.281277 ERROR] [epJSONTranslator] Unable to look up field name for input fieldproperty_value
[08:23:41.281283 ERROR] [epJSONTranslator] Unable to look up field name for input fieldproperty_value
[08:23:41.281289 ERROR] [epJSONTranslator] Unable to look up field name for input fieldproperty_value
[08:23:41.281295 ERROR] [epJSONTranslator] Unable to look up field name for input fieldproperty_value
[08:23:41.281300 ERROR] [epJSONTranslator] Unable to look up field name for input fieldproperty_value
[08:23:41.281306 ERROR] [epJSONTranslator] Unable to look up field name for input fieldproperty_value
[08:23:41.281312 ERROR] [epJSONTranslator] Unable to look up field name for input fieldproperty_value
[08:23:41.281317 ERROR] [epJSONTranslator] Unable to look up field name for input fieldproperty_value
[08:23:41.281323 ERROR] [epJSONTranslator] Unable to look up field name for input fieldproperty_value
[08:23:41.281328 ERROR] [epJSONTranslator] Unable to look up field name for input fieldproperty_value
[08:23:41.281334 ERROR] [epJSONTranslator] Unable to look up field name for input fieldproperty_value
[08:23:41.281340 ERROR] [epJSONTranslator] Unable to look up field name for input fieldproperty_value
[08:23:41.281345 ERROR] [epJSONTranslator] Unable to look up field name for input fieldproperty_value
[08:23:41.281351 ERROR] [epJSONTranslator] Unable to look up field name for input fieldproperty_value
[08:23:41.281357 ERROR] [epJSONTranslator] Unable to look up field name for input fieldproperty_value
[08:23:41.281362 ERROR] [epJSONTranslator] Unable to look up field name for input fieldproperty_value
[08:23:41.281368 ERROR] [epJSONTranslator] Unable to look up field name for input fieldproperty_value
[08:23:41.281374 ERROR] [epJSONTranslator] Unable to look up field name for input fieldproperty_value
[08:23:41.281379 ERROR] [epJSONTranslator] Unable to look up field name for input fieldproperty_value
[08:23:41.281385 ERROR] [epJSONTranslator] Unable to look up field name for input fieldproperty_value
[08:23:41.281391 ERROR] [epJSONTranslator] Unable to look up field name for input fieldproperty_value
[08:23:41.281396 ERROR] [epJSONTranslator] Unable to look up field name for input fieldproperty_value
[08:23:41.281402 ERROR] [epJSONTranslator] Unable to look up field name for input fieldproperty_value
[08:23:41.281408 ERROR] [epJSONTranslator] Unable to look up field name for input fieldproperty_value
[08:23:41.281413 ERROR] [epJSONTranslator] Unable to look up field name for input fieldproperty_value
[08:23:41.281419 ERROR] [epJSONTranslator] Unable to look up field name for input fieldproperty_value
[08:23:41.281425 ERROR] [epJSONTranslator] Unable to look up field name for input fieldproperty_value
[08:23:41.281432 ERROR] [epJSONTranslator] Unable to look up field name for input fieldproperty_value
[08:23:41.281438 ERROR] [epJSONTranslator] Unable to look up field name for input fieldproperty_value
[08:23:41.281444 ERROR] [epJSONTranslator] Unable to look up field name for input fieldproperty_value
[08:23:41.281451 ERROR] [epJSONTranslator] Unable to look up field name for input fieldproperty_value
[08:23:41.281457 ERROR] [epJSONTranslator] Unable to look up field name for input fieldproperty_value
[08:23:41.281463 ERROR] [epJSONTranslator] Unable to look up field name for input fieldproperty_value
[08:23:41.281469 ERROR] [epJSONTranslator] Unable to look up field name for input fieldproperty_value
[08:23:41.281474 ERROR] [epJSONTranslator] Unable to look up field name for input fieldproperty_value
[08:23:41.281487 ERROR] [epJSONTranslator] Unable to look up field name for input fieldproperty_value
[08:23:41.281493 ERROR] [epJSONTranslator] Unable to look up field name for input fieldproperty_value
[08:23:41.281498 ERROR] [epJSONTranslator] Unable to look up field name for input fieldproperty_value
[08:23:41.281504 ERROR] [epJSONTranslator] Unable to look up field name for input fieldproperty_value
[08:23:41.281510 ERROR] [epJSONTranslator] Unable to look up field name for input fieldproperty_value
[08:23:41.281515 ERROR] [epJSONTranslator] Unable to look up field name for input fieldproperty_value
[08:23:41.281521 ERROR] [epJSONTranslator] Unable to look up field name for input fieldproperty_value
[08:23:41.281526 ERROR] [epJSONTranslator] Unable to look up field name for input fieldproperty_value
[08:23:41.281532 ERROR] [epJSONTranslator] Unable to look up field name for input fieldproperty_value
[08:23:41.281538 ERROR] [epJSONTranslator] Unable to look up field name for input fieldproperty_value
[08:23:41.281544 ERROR] [epJSONTranslator] Unable to look up field name for input fieldproperty_value
[08:23:41.281549 ERROR] [epJSONTranslator] Unable to look up field name for input fieldproperty_value
[08:23:41.281555 ERROR] [epJSONTranslator] Unable to look up field name for input fieldproperty_value
[08:23:41.281561 ERROR] [epJSONTranslator] Unable to look up field name for input fieldproperty_value
[08:23:41.281566 ERROR] [epJSONTranslator] Unable to look up field name for input fieldproperty_value
[08:23:41.281572 ERROR] [epJSONTranslator] Unable to look up field name for input fieldproperty_value
[08:23:41.281578 ERROR] [epJSONTranslator] Unable to look up field name for input fieldproperty_value
[08:23:41.281584 ERROR] [epJSONTranslator] Unable to look up field name for input fieldproperty_value
[08:23:41.281589 ERROR] [epJSONTranslator] Unable to look up field name for input fieldproperty_value
[08:23:41.281595 ERROR] [epJSONTranslator] Unable to look up field name for input fieldproperty_value
[08:23:41.281601 ERROR] [epJSONTranslator] Unable to look up field name for input fieldproperty_value
[08:23:41.281606 ERROR] [epJSONTranslator] Unable to look up field name for input fieldproperty_value
[08:23:41.281612 ERROR] [epJSONTranslator] Unable to look up field name for input fieldproperty_value
[08:23:41.281618 ERROR] [epJSONTranslator] Unable to look up field name for input fieldproperty_value
[08:23:41.281623 ERROR] [epJSONTranslator] Unable to look up field name for input fieldproperty_value
[08:23:41.281629 ERROR] [epJSONTranslator] Unable to look up field name for input fieldproperty_value
[08:23:41.281635 ERROR] [epJSONTranslator] Unable to look up field name for input fieldproperty_value
[08:23:41.281640 ERROR] [epJSONTranslator] Unable to look up field name for input fieldproperty_value
[08:23:41.281646 ERROR] [epJSONTranslator] Unable to look up field name for input fieldproperty_value
[08:23:41.281652 ERROR] [epJSONTranslator] Unable to look up field name for input fieldproperty_value
[08:23:41.281658 ERROR] [epJSONTranslator] Unable to look up field name for input fieldproperty_value
[08:23:41.281663 ERROR] [epJSONTranslator] Unable to look up field name for input fieldproperty_value
[08:23:41.281669 ERROR] [epJSONTranslator] Unable to look up field name for input fieldproperty_value
[08:23:41.281675 ERROR] [epJSONTranslator] Unable to look up field name for input fieldproperty_value
[08:23:41.281681 ERROR] [epJSONTranslator] Unable to look up field name for input fieldproperty_value
[08:23:41.281687 ERROR] [epJSONTranslator] Unable to look up field name for input fieldproperty_value
[08:23:41.281692 ERROR] [epJSONTranslator] Unable to look up field name for input fieldproperty_value
[08:23:41.281698 ERROR] [epJSONTranslator] Unable to look up field name for input fieldproperty_value
[08:23:41.281703 ERROR] [epJSONTranslator] Unable to look up field name for input fieldproperty_value
[08:23:41.281709 ERROR] [epJSONTranslator] Unable to look up field name for input fieldproperty_value
[08:23:41.281715 ERROR] [epJSONTranslator] Unable to look up field name for input fieldproperty_value
[08:23:41.281726 ERROR] [epJSONTranslator] Unable to look up field name for input fieldproperty_value
[08:23:41.281731 ERROR] [epJSONTranslator] Unable to look up field name for input fieldproperty_value
[08:23:41.281737 ERROR] [epJSONTranslator] Unable to look up field name for input fieldproperty_value
[08:23:41.281743 ERROR] [epJSONTranslator] Unable to look up field name for input fieldproperty_value
[08:23:41.281756 ERROR] [epJSONTranslator] Unable to look up field name for input fieldproperty_value
[08:23:41.281762 ERROR] [epJSONTranslator] Unable to look up field name for input fieldproperty_value
[08:23:41.281767 ERROR] [epJSONTranslator] Unable to look up field name for input fieldproperty_value
[08:23:41.281773 ERROR] [epJSONTranslator] Unable to look up field name for input fieldproperty_value
[08:23:41.281779 ERROR] [epJSONTranslator] Unable to look up field name for input fieldproperty_value
[08:23:41.281785 ERROR] [epJSONTranslator] Unable to look up field name for input fieldproperty_value
[08:23:41.281790 ERROR] [epJSONTranslator] Unable to look up field name for input fieldproperty_value
[08:23:41.281796 ERROR] [epJSONTranslator] Unable to look up field name for input fieldproperty_value
[08:23:41.281802 ERROR] [epJSONTranslator] Unable to look up field name for input fieldproperty_value
[08:23:41.281807 ERROR] [epJSONTranslator] Unable to look up field name for input fieldproperty_value
[08:23:41.281813 ERROR] [epJSONTranslator] Unable to look up field name for input fieldproperty_value
[08:23:41.281819 ERROR] [epJSONTranslator] Unable to look up field name for input fieldproperty_value
[08:23:41.281824 ERROR] [epJSONTranslator] Unable to look up field name for input fieldproperty_value
[08:23:41.281830 ERROR] [epJSONTranslator] Unable to look up field name for input fieldproperty_value
[08:23:41.281836 ERROR] [epJSONTranslator] Unable to look up field name for input fieldproperty_value
[08:23:41.281842 ERROR] [epJSONTranslator] Unable to look up field name for input fieldproperty_value
[08:23:41.281847 ERROR] [epJSONTranslator] Unable to look up field name for input fieldproperty_value
[08:23:41.281853 ERROR] [epJSONTranslator] Unable to look up field name for input fieldproperty_value
[08:23:41.281858 ERROR] [epJSONTranslator] Unable to look up field name for input fieldproperty_value
[08:23:41.281864 ERROR] [epJSONTranslator] Unable to look up field name for input fieldproperty_value
[08:23:41.281870 ERROR] [epJSONTranslator] Unable to look up field name for input fieldproperty_value
[08:23:41.281875 ERROR] [epJSONTranslator] Unable to look up field name for input fieldproperty_value
[08:23:41.281881 ERROR] [epJSONTranslator] Unable to look up field name for input fieldproperty_value
[08:23:41.281886 ERROR] [epJSONTranslator] Unable to look up field name for input fieldproperty_value
[08:23:41.281892 ERROR] [epJSONTranslator] Unable to look up field name for input fieldproperty_value
[08:23:41.281898 ERROR] [epJSONTranslator] Unable to look up field name for input fieldproperty_value
[08:23:41.281903 ERROR] [epJSONTranslator] Unable to look up field name for input fieldproperty_value
[08:23:41.281909 ERROR] [epJSONTranslator] Unable to look up field name for input fieldproperty_value
[08:23:41.281915 ERROR] [epJSONTranslator] Unable to look up field name for input fieldproperty_value
[08:23:41.281921 ERROR] [epJSONTranslator] Unable to look up field name for input fieldproperty_value
[08:23:41.281926 ERROR] [epJSONTranslator] Unable to look up field name for input fieldproperty_value
[08:23:41.281932 ERROR] [epJSONTranslator] Unable to look up field name for input fieldproperty_value
[08:23:41.281938 ERROR] [epJSONTranslator] Unable to look up field name for input fieldproperty_value
[08:23:41.281944 ERROR] [epJSONTranslator] Unable to look up field name for input fieldproperty_value
[08:23:41.281950 ERROR] [epJSONTranslator] Unable to look up field name for input fieldproperty_value
[08:23:41.281957 ERROR] [epJSONTranslator] Unable to look up field name for input fieldproperty_value
[08:23:41.281963 ERROR] [epJSONTranslator] Unable to look up field name for input fieldproperty_value
[08:23:41.281968 ERROR] [epJSONTranslator] Unable to look up field name for input fieldproperty_value
[08:23:41.281974 ERROR] [epJSONTranslator] Unable to look up field name for input fieldproperty_value
[08:23:41.281980 ERROR] [epJSONTranslator] Unable to look up field name for input fieldproperty_value
[08:23:41.281985 ERROR] [epJSONTranslator] Unable to look up field name for input fieldproperty_value
[08:23:41.281991 ERROR] [epJSONTranslator] Unable to look up field name for input fieldproperty_value
[08:23:41.281997 ERROR] [epJSONTranslator] Unable to look up field name for input fieldproperty_value
[08:23:41.282002 ERROR] [epJSONTranslator] Unable to look up field name for input fieldproperty_value
[08:23:41.282008 ERROR] [epJSONTranslator] Unable to look up field name for input fieldproperty_value
[08:23:41.282020 ERROR] [epJSONTranslator] Unable to look up field name for input fieldproperty_value
[08:23:41.282026 ERROR] [epJSONTranslator] Unable to look up field name for input fieldproperty_value
[08:23:41.282032 ERROR] [epJSONTranslator] Unable to look up field name for input fieldproperty_value
[08:23:41.282038 ERROR] [epJSONTranslator] Unable to look up field name for input fieldproperty_value
[08:23:41.282043 ERROR] [epJSONTranslator] Unable to look up field name for input fieldproperty_value
[08:23:41.282049 ERROR] [epJSONTranslator] Unable to look up field name for input fieldproperty_value
[08:23:41.282054 ERROR] [epJSONTranslator] Unable to look up field name for input fieldproperty_value
[08:23:41.282060 ERROR] [epJSONTranslator] Unable to look up field name for input fieldproperty_value
[08:23:41.282066 ERROR] [epJSONTranslator] Unable to look up field name for input fieldproperty_value
[08:23:41.282071 ERROR] [epJSONTranslator] Unable to look up field name for input fieldproperty_value
[08:23:41.282077 ERROR] [epJSONTranslator] Unable to look up field name for input fieldproperty_value
[08:23:41.282083 ERROR] [epJSONTranslator] Unable to look up field name for input fieldproperty_value
[08:23:41.282088 ERROR] [epJSONTranslator] Unable to look up field name for input fieldproperty_value
[08:23:41.282094 ERROR] [epJSONTranslator] Unable to look up field name for input fieldproperty_value
[08:23:41.282100 ERROR] [epJSONTranslator] Unable to look up field name for input fieldproperty_value
[08:23:41.282105 ERROR] [epJSONTranslator] Unable to look up field name for input fieldproperty_value
[08:23:41.282111 ERROR] [epJSONTranslator] Unable to look up field name for input fieldproperty_value
[08:23:41.282117 ERROR] [epJSONTranslator] Unable to look up field name for input fieldproperty_value
[08:23:41.282122 ERROR] [epJSONTranslator] Unable to look up field name for input fieldproperty_value
[08:23:41.282128 ERROR] [epJSONTranslator] Unable to look up field name for input fieldproperty_value
[08:23:41.282133 ERROR] [epJSONTranslator] Unable to look up field name for input fieldproperty_value
[08:23:41.282139 ERROR] [epJSONTranslator] Unable to look up field name for input fieldproperty_value
[08:23:41.282145 ERROR] [epJSONTranslator] Unable to look up field name for input fieldproperty_value
[08:23:41.282150 ERROR] [epJSONTranslator] Unable to look up field name for input fieldproperty_value
[08:23:41.282156 ERROR] [epJSONTranslator] Unable to look up field name for input fieldproperty_value
[08:23:41.282161 ERROR] [epJSONTranslator] Unable to look up field name for input fieldproperty_value
[08:23:41.282167 ERROR] [epJSONTranslator] Unable to look up field name for input fieldproperty_value
[08:23:41.282172 ERROR] [epJSONTranslator] Unable to look up field name for input fieldproperty_value
[08:23:41.282178 ERROR] [epJSONTranslator] Unable to look up field name for input fieldproperty_value
[08:23:41.282184 ERROR] [epJSONTranslator] Unable to look up field name for input fieldproperty_value
[08:23:41.282189 ERROR] [epJSONTranslator] Unable to look up field name for input fieldproperty_value
[08:23:41.282195 ERROR] [epJSONTranslator] Unable to look up field name for input fieldproperty_value
[08:23:41.282201 ERROR] [epJSONTranslator] Unable to look up field name for input fieldproperty_value
[08:23:41.282206 ERROR] [epJSONTranslator] Unable to look up field name for input fieldproperty_value
[08:23:41.282212 ERROR] [epJSONTranslator] Unable to look up field name for input fieldproperty_value
[08:23:41.282217 ERROR] [epJSONTranslator] Unable to look up field name for input fieldproperty_value
[08:23:41.282223 ERROR] [epJSONTranslator] Unable to look up field name for input fieldproperty_value
[08:23:41.282229 ERROR] [epJSONTranslator] Unable to look up field name for input fieldproperty_value
[08:23:41.282234 ERROR] [epJSONTranslator] Unable to look up field name for input fieldproperty_value
[08:23:41.282240 ERROR] [epJSONTranslator] Unable to look up field name for input fieldproperty_value
[08:23:41.282245 ERROR] [epJSONTranslator] Unable to look up field name for input fieldproperty_value
[08:23:41.282251 ERROR] [epJSONTranslator] Unable to look up field name for input fieldproperty_value
[08:23:41.282257 ERROR] [epJSONTranslator] Unable to look up field name for input fieldproperty_value
[08:23:41.282262 ERROR] [epJSONTranslator] Unable to look up field name for input fieldproperty_value
[08:23:41.282268 ERROR] [epJSONTranslator] Unable to look up field name for input fieldproperty_value
[08:23:41.282281 ERROR] [epJSONTranslator] Unable to look up field name for input fieldproperty_value
[08:23:41.282286 ERROR] [epJSONTranslator] Unable to look up field name for input fieldproperty_value
[08:23:41.282292 ERROR] [epJSONTranslator] Unable to look up field name for input fieldproperty_value
[08:23:41.282298 ERROR] [epJSONTranslator] Unable to look up field name for input fieldproperty_value
[08:23:41.282304 ERROR] [epJSONTranslator] Unable to look up field name for input fieldproperty_value
[08:23:41.282309 ERROR] [epJSONTranslator] Unable to look up field name for input fieldproperty_value
[08:23:41.282315 ERROR] [epJSONTranslator] Unable to look up field name for input fieldproperty_value
[08:23:41.282321 ERROR] [epJSONTranslator] Unable to look up field name for input fieldproperty_value
[08:23:41.282326 ERROR] [epJSONTranslator] Unable to look up field name for input fieldproperty_value
[08:23:41.282332 ERROR] [epJSONTranslator] Unable to look up field name for input fieldproperty_value
[08:23:41.282339 ERROR] [epJSONTranslator] Unable to look up field name for input fieldproperty_value
[08:23:41.282345 ERROR] [epJSONTranslator] Unable to look up field name for input fieldproperty_value
[08:23:41.282351 ERROR] [epJSONTranslator] Unable to look up field name for input fieldproperty_value
[08:23:41.282357 ERROR] [epJSONTranslator] Unable to look up field name for input fieldproperty_value
[08:23:41.282362 ERROR] [epJSONTranslator] Unable to look up field name for input fieldproperty_value
[08:23:41.282368 ERROR] [epJSONTranslator] Unable to look up field name for input fieldproperty_value
[08:23:41.282374 ERROR] [epJSONTranslator] Unable to look up field name for input fieldproperty_value
[08:23:41.282379 ERROR] [epJSONTranslator] Unable to look up field name for input fieldproperty_value
[08:23:41.282385 ERROR] [epJSONTranslator] Unable to look up field name for input fieldproperty_value
[08:23:41.282391 ERROR] [epJSONTranslator] Unable to look up field name for input fieldproperty_value
[08:23:41.282396 ERROR] [epJSONTranslator] Unable to look up field name for input fieldproperty_value
[08:23:41.282402 ERROR] [epJSONTranslator] Unable to look up field name for input fieldproperty_value
[08:23:41.282408 ERROR] [epJSONTranslator] Unable to look up field name for input fieldproperty_value
[08:23:41.282413 ERROR] [epJSONTranslator] Unable to look up field name for input fieldproperty_value
[08:23:41.282419 ERROR] [epJSONTranslator] Unable to look up field name for input fieldproperty_value
[08:23:41.282425 ERROR] [epJSONTranslator] Unable to look up field name for input fieldproperty_value
[08:23:41.282430 ERROR] [epJSONTranslator] Unable to look up field name for input fieldproperty_value
[08:23:41.282436 ERROR] [epJSONTranslator] Unable to look up field name for input fieldproperty_value
[08:23:41.282442 ERROR] [epJSONTranslator] Unable to look up field name for input fieldproperty_value
[08:23:41.282447 ERROR] [epJSONTranslator] Unable to look up field name for input fieldproperty_value
[08:23:41.282453 ERROR] [epJSONTranslator] Unable to look up field name for input fieldproperty_value
[08:23:41.282458 ERROR] [epJSONTranslator] Unable to look up field name for input fieldproperty_value
[08:23:41.282464 ERROR] [epJSONTranslator] Unable to look up field name for input fieldproperty_value
[08:23:41.282470 ERROR] [epJSONTranslator] Unable to look up field name for input fieldproperty_value
[08:23:41.282475 ERROR] [epJSONTranslator] Unable to look up field name for input fieldproperty_value
[08:23:41.282481 ERROR] [epJSONTranslator] Unable to look up field name for input fieldproperty_value
[08:23:41.282486 ERROR] [epJSONTranslator] Unable to look up field name for input fieldproperty_value
[08:23:41.282492 ERROR] [epJSONTranslator] Unable to look up field name for input fieldproperty_value
[08:23:41.282497 ERROR] [epJSONTranslator] Unable to look up field name for input fieldproperty_value
[08:23:41.282503 ERROR] [epJSONTranslator] Unable to look up field name for input fieldproperty_value
[08:23:41.282509 ERROR] [epJSONTranslator] Unable to look up field name for input fieldproperty_value
[08:23:41.282514 ERROR] [epJSONTranslator] Unable to look up field name for input fieldproperty_value
[08:23:41.282520 ERROR] [epJSONTranslator] Unable to look up field name for input fieldproperty_value
[08:23:41.282526 ERROR] [epJSONTranslator] Unable to look up field name for input fieldproperty_value
[08:23:41.282531 ERROR] [epJSONTranslator] Unable to look up field name for input fieldproperty_value
[08:23:41.282544 ERROR] [epJSONTranslator] Unable to look up field name for input fieldproperty_value
[08:23:41.282550 ERROR] [epJSONTranslator] Unable to look up field name for input fieldproperty_value
[08:23:41.282556 ERROR] [epJSONTranslator] Unable to look up field name for input fieldproperty_value
[08:23:41.282562 ERROR] [epJSONTranslator] Unable to look up field name for input fieldproperty_value
[08:23:41.282567 ERROR] [epJSONTranslator] Unable to look up field name for input fieldproperty_value
[08:23:41.282573 ERROR] [epJSONTranslator] Unable to look up field name for input fieldproperty_value
[08:23:41.282579 ERROR] [epJSONTranslator] Unable to look up field name for input fieldproperty_value
[08:23:41.282585 ERROR] [epJSONTranslator] Unable to look up field name for input fieldproperty_value
[08:23:41.282590 ERROR] [epJSONTranslator] Unable to look up field name for input fieldproperty_value
[08:23:41.282596 ERROR] [epJSONTranslator] Unable to look up field name for input fieldproperty_value
[08:23:41.282602 ERROR] [epJSONTranslator] Unable to look up field name for input fieldproperty_value
[08:23:41.282608 ERROR] [epJSONTranslator] Unable to look up field name for input fieldproperty_value
[08:23:41.282615 ERROR] [epJSONTranslator] Unable to look up field name for input fieldproperty_value
[08:23:41.282621 ERROR] [epJSONTranslator] Unable to look up field name for input fieldproperty_value
[08:23:41.282629 ERROR] [epJSONTranslator] Unable to look up field name for input fieldproperty_value
[08:23:41.282635 ERROR] [epJSONTranslator] Unable to look up field name for input fieldproperty_value
[08:23:41.282641 ERROR] [epJSONTranslator] Unable to look up field name for input fieldproperty_value
[08:23:41.282647 ERROR] [epJSONTranslator] Unable to look up field name for input fieldproperty_value
[08:23:41.282653 ERROR] [epJSONTranslator] Unable to look up field name for input fieldproperty_value
[08:23:41.282658 ERROR] [epJSONTranslator] Unable to look up field name for input fieldproperty_value
[08:23:41.282664 ERROR] [epJSONTranslator] Unable to look up field name for input fieldproperty_value
[08:23:41.282670 ERROR] [epJSONTranslator] Unable to look up field name for input fieldproperty_value
[08:23:41.282676 ERROR] [epJSONTranslator] Unable to look up field name for input fieldproperty_value
[08:23:41.282681 ERROR] [epJSONTranslator] Unable to look up field name for input fieldproperty_value
[08:23:41.282687 ERROR] [epJSONTranslator] Unable to look up field name for input fieldproperty_value
[08:23:41.282693 ERROR] [epJSONTranslator] Unable to look up field name for input fieldproperty_value
[08:23:41.282698 ERROR] [epJSONTranslator] Unable to look up field name for input fieldproperty_value
[08:23:41.282704 ERROR] [epJSONTranslator] Unable to look up field name for input fieldproperty_value
[08:23:41.282710 ERROR] [epJSONTranslator] Unable to look up field name for input fieldproperty_value
[08:23:41.282715 ERROR] [epJSONTranslator] Unable to look up field name for input fieldproperty_value
[08:23:41.282721 ERROR] [epJSONTranslator] Unable to look up field name for input fieldproperty_value
[08:23:41.282727 ERROR] [epJSONTranslator] Unable to look up field name for input fieldproperty_value
[08:23:41.282732 ERROR] [epJSONTranslator] Unable to look up field name for input fieldproperty_value
[08:23:41.282738 ERROR] [epJSONTranslator] Unable to look up field name for input fieldproperty_value
[08:23:41.282744 ERROR] [epJSONTranslator] Unable to look up field name for input fieldproperty_value
[08:23:41.282749 ERROR] [epJSONTranslator] Unable to look up field name for input fieldproperty_value
[08:23:41.282755 ERROR] [epJSONTranslator] Unable to look up field name for input fieldproperty_value
[08:23:41.282761 ERROR] [epJSONTranslator] Unable to look up field name for input fieldproperty_value
[08:23:41.282766 ERROR] [epJSONTranslator] Unable to look up field name for input fieldproperty_value
[08:23:41.282772 ERROR] [epJSONTranslator] Unable to look up field name for input fieldproperty_value
[08:23:41.282779 ERROR] [epJSONTranslator] Unable to look up field name for input fieldproperty_value
[08:23:41.282785 ERROR] [epJSONTranslator] Unable to look up field name for input fieldproperty_value
[08:23:41.282791 ERROR] [epJSONTranslator] Unable to look up field name for input fieldproperty_value
[08:23:41.282797 ERROR] [epJSONTranslator] Unable to look up field name for input fieldproperty_value
[08:23:41.282802 ERROR] [epJSONTranslator] Unable to look up field name for input fieldproperty_value
[08:23:41.282815 ERROR] [epJSONTranslator] Unable to look up field name for input fieldproperty_value
[08:23:41.282821 ERROR] [epJSONTranslator] Unable to look up field name for input fieldproperty_value
[08:23:41.282828 ERROR] [epJSONTranslator] Unable to look up field name for input fieldproperty_value
[08:23:41.282834 ERROR] [epJSONTranslator] Unable to look up field name for input fieldproperty_value
[08:23:41.282840 ERROR] [epJSONTranslator] Unable to look up field name for input fieldproperty_value
[08:23:41.282846 ERROR] [epJSONTranslator] Unable to look up field name for input fieldproperty_value
[08:23:41.282852 ERROR] [epJSONTranslator] Unable to look up field name for input fieldproperty_value
[08:23:41.282858 ERROR] [epJSONTranslator] Unable to look up field name for input fieldproperty_value
[08:23:41.282864 ERROR] [epJSONTranslator] Unable to look up field name for input fieldproperty_value
[08:23:41.282873 ERROR] [epJSONTranslator] Unable to look up field name for input fieldproperty_value
[08:23:41.282880 ERROR] [epJSONTranslator] Unable to look up field name for input fieldproperty_value
[08:23:41.282887 ERROR] [epJSONTranslator] Unable to look up field name for input fieldproperty_value
[08:23:41.282894 ERROR] [epJSONTranslator] Unable to look up field name for input fieldproperty_value
[08:23:41.282901 ERROR] [epJSONTranslator] Unable to look up field name for input fieldproperty_value
[08:23:41.282907 ERROR] [epJSONTranslator] Unable to look up field name for input fieldproperty_value
[08:23:41.282913 ERROR] [epJSONTranslator] Unable to look up field name for input fieldproperty_value
[08:23:41.282918 ERROR] [epJSONTranslator] Unable to look up field name for input fieldproperty_value
[08:23:41.282924 ERROR] [epJSONTranslator] Unable to look up field name for input fieldproperty_value
[08:23:41.282930 ERROR] [epJSONTranslator] Unable to look up field name for input fieldproperty_value
[08:23:41.282936 ERROR] [epJSONTranslator] Unable to look up field name for input fieldproperty_value
[08:23:41.282942 ERROR] [epJSONTranslator] Unable to look up field name for input fieldproperty_value
[08:23:41.282948 ERROR] [epJSONTranslator] Unable to look up field name for input fieldproperty_value
[08:23:41.282953 ERROR] [epJSONTranslator] Unable to look up field name for input fieldproperty_value
[08:23:41.282959 ERROR] [epJSONTranslator] Unable to look up field name for input fieldproperty_value
[08:23:41.282965 ERROR] [epJSONTranslator] Unable to look up field name for input fieldproperty_value
[08:23:41.282971 ERROR] [epJSONTranslator] Unable to look up field name for input fieldproperty_value
[08:23:41.282976 ERROR] [epJSONTranslator] Unable to look up field name for input fieldproperty_value
[08:23:41.282982 ERROR] [epJSONTranslator] Unable to look up field name for input fieldproperty_value
[08:23:41.282988 ERROR] [epJSONTranslator] Unable to look up field name for input fieldproperty_value
[08:23:41.282993 ERROR] [epJSONTranslator] Unable to look up field name for input fieldproperty_value
[08:23:41.282999 ERROR] [epJSONTranslator] Unable to look up field name for input fieldproperty_value
[08:23:41.283004 ERROR] [epJSONTranslator] Unable to look up field name for input fieldproperty_value
[08:23:41.283010 ERROR] [epJSONTranslator] Unable to look up field name for input fieldproperty_value
[08:23:41.283016 ERROR] [epJSONTranslator] Unable to look up field name for input fieldproperty_value
[08:23:41.283021 ERROR] [epJSONTranslator] Unable to look up field name for input fieldproperty_value
[08:23:41.283027 ERROR] [epJSONTranslator] Unable to look up field name for input fieldproperty_value
[08:23:41.283033 ERROR] [epJSONTranslator] Unable to look up field name for input fieldproperty_value
[08:23:41.283038 ERROR] [epJSONTranslator] Unable to look up field name for input fieldproperty_value
[08:23:41.283045 ERROR] [epJSONTranslator] Unable to look up field name for input fieldproperty_value
[08:23:41.283051 ERROR] [epJSONTranslator] Unable to look up field name for input fieldproperty_value
[08:23:41.283058 ERROR] [epJSONTranslator] Unable to look up field name for input fieldproperty_value
[08:23:41.283064 ERROR] [epJSONTranslator] Unable to look up field name for input fieldproperty_value
[08:23:41.283070 ERROR] [epJSONTranslator] Unable to look up field name for input fieldproperty_value
[08:23:41.283076 ERROR] [epJSONTranslator] Unable to look up field name for input fieldproperty_value
[08:23:41.283081 ERROR] [epJSONTranslator] Unable to look up field name for input fieldproperty_value
[08:23:41.283094 ERROR] [epJSONTranslator] Unable to look up field name for input fieldproperty_value
[08:23:41.283100 ERROR] [epJSONTranslator] Unable to look up field name for input fieldproperty_value
[08:23:41.283105 ERROR] [epJSONTranslator] Unable to look up field name for input fieldproperty_value
[08:23:41.283111 ERROR] [epJSONTranslator] Unable to look up field name for input fieldproperty_value
[08:23:41.283116 ERROR] [epJSONTranslator] Unable to look up field name for input fieldproperty_value
[08:23:41.283122 ERROR] [epJSONTranslator] Unable to look up field name for input fieldproperty_value
[08:23:41.283128 ERROR] [epJSONTranslator] Unable to look up field name for input fieldproperty_value
[08:23:41.283133 ERROR] [epJSONTranslator] Unable to look up field name for input fieldproperty_value
[08:23:41.283139 ERROR] [epJSONTranslator] Unable to look up field name for input fieldproperty_value
[08:23:41.283144 ERROR] [epJSONTranslator] Unable to look up field name for input fieldproperty_value
[08:23:41.283150 ERROR] [epJSONTranslator] Unable to look up field name for input fieldproperty_value
[08:23:41.283156 ERROR] [epJSONTranslator] Unable to look up field name for input fieldproperty_value
[08:23:41.283162 ERROR] [epJSONTranslator] Unable to look up field name for input fieldproperty_value
[08:23:41.283167 ERROR] [epJSONTranslator] Unable to look up field name for input fieldproperty_value
[08:23:41.283174 ERROR] [epJSONTranslator] Unable to look up field name for input fieldproperty_value
[08:23:41.283180 ERROR] [epJSONTranslator] Unable to look up field name for input fieldproperty_value
[08:23:41.283186 ERROR] [epJSONTranslator] Unable to look up field name for input fieldproperty_value
[08:23:41.283191 ERROR] [epJSONTranslator] Unable to look up field name for input fieldproperty_value
[08:23:41.283197 ERROR] [epJSONTranslator] Unable to look up field name for input fieldproperty_value
[08:23:41.283203 ERROR] [epJSONTranslator] Unable to look up field name for input fieldproperty_value
[08:23:41.283209 ERROR] [epJSONTranslator] Unable to look up field name for input fieldproperty_value
[08:23:41.283216 ERROR] [epJSONTranslator] Unable to look up field name for input fieldproperty_value
[08:23:41.283222 ERROR] [epJSONTranslator] Unable to look up field name for input fieldproperty_value
[08:23:41.283228 ERROR] [epJSONTranslator] Unable to look up field name for input fieldproperty_value
[08:23:41.283234 ERROR] [epJSONTranslator] Unable to look up field name for input fieldproperty_value
[08:23:41.283240 ERROR] [epJSONTranslator] Unable to look up field name for input fieldproperty_value
[08:23:41.283246 ERROR] [epJSONTranslator] Unable to look up field name for input fieldproperty_value
[08:23:41.283251 ERROR] [epJSONTranslator] Unable to look up field name for input fieldproperty_value
[08:23:41.283257 ERROR] [epJSONTranslator] Unable to look up field name for input fieldproperty_value
[08:23:41.283263 ERROR] [epJSONTranslator] Unable to look up field name for input fieldproperty_value
[08:23:41.283269 ERROR] [epJSONTranslator] Unable to look up field name for input fieldproperty_value
[08:23:41.283275 ERROR] [epJSONTranslator] Unable to look up field name for input fieldproperty_value
[08:23:41.283281 ERROR] [epJSONTranslator] Unable to look up field name for input fieldproperty_value
[08:23:41.283287 ERROR] [epJSONTranslator] Unable to look up field name for input fieldproperty_value
[08:23:41.283292 ERROR] [epJSONTranslator] Unable to look up field name for input fieldproperty_value
[08:23:41.283298 ERROR] [epJSONTranslator] Unable to look up field name for input fieldproperty_value
[08:23:41.283304 ERROR] [epJSONTranslator] Unable to look up field name for input fieldproperty_value
[08:23:41.283309 ERROR] [epJSONTranslator] Unable to look up field name for input fieldproperty_value
[08:23:41.283315 ERROR] [epJSONTranslator] Unable to look up field name for input fieldproperty_value
[08:23:41.283321 ERROR] [epJSONTranslator] Unable to look up field name for input fieldproperty_value
[08:23:41.283326 ERROR] [epJSONTranslator] Unable to look up field name for input fieldproperty_value
[08:23:41.283332 ERROR] [epJSONTranslator] Unable to look up field name for input fieldproperty_value
[08:23:41.283337 ERROR] [epJSONTranslator] Unable to look up field name for input fieldproperty_value
[08:23:41.283343 ERROR] [epJSONTranslator] Unable to look up field name for input fieldproperty_value
[08:23:41.283349 ERROR] [epJSONTranslator] Unable to look up field name for input fieldproperty_value
[08:23:41.283361 ERROR] [epJSONTranslator] Unable to look up field name for input fieldproperty_value
[08:23:41.283367 ERROR] [epJSONTranslator] Unable to look up field name for input fieldproperty_value
[08:23:41.283373 ERROR] [epJSONTranslator] Unable to look up field name for input fieldproperty_value
[08:23:41.283378 ERROR] [epJSONTranslator] Unable to look up field name for input fieldproperty_value
[08:23:41.283384 ERROR] [epJSONTranslator] Unable to look up field name for input fieldproperty_value
[08:23:41.283390 ERROR] [epJSONTranslator] Unable to look up field name for input fieldproperty_value
[08:23:41.283396 ERROR] [epJSONTranslator] Unable to look up field name for input fieldproperty_value
[08:23:41.283401 ERROR] [epJSONTranslator] Unable to look up field name for input fieldproperty_value
[08:23:41.283407 ERROR] [epJSONTranslator] Unable to look up field name for input fieldproperty_value
[08:23:41.283413 ERROR] [epJSONTranslator] Unable to look up field name for input fieldproperty_value
[08:23:41.283419 ERROR] [epJSONTranslator] Unable to look up field name for input fieldproperty_value
[08:23:41.283424 ERROR] [epJSONTranslator] Unable to look up field name for input fieldproperty_value
[08:23:41.283430 ERROR] [epJSONTranslator] Unable to look up field name for input fieldproperty_value
[08:23:41.283436 ERROR] [epJSONTranslator] Unable to look up field name for input fieldproperty_value
[08:23:41.283441 ERROR] [epJSONTranslator] Unable to look up field name for input fieldproperty_value
[08:23:41.283447 ERROR] [epJSONTranslator] Unable to look up field name for input fieldproperty_value
[08:23:41.283453 ERROR] [epJSONTranslator] Unable to look up field name for input fieldproperty_value
[08:23:41.283459 ERROR] [epJSONTranslator] Unable to look up field name for input fieldproperty_value
[08:23:41.283465 ERROR] [epJSONTranslator] Unable to look up field name for input fieldproperty_value
[08:23:41.283470 ERROR] [epJSONTranslator] Unable to look up field name for input fieldproperty_value
[08:23:41.283476 ERROR] [epJSONTranslator] Unable to look up field name for input fieldproperty_value
[08:23:41.283482 ERROR] [epJSONTranslator] Unable to look up field name for input fieldproperty_value
[08:23:41.283488 ERROR] [epJSONTranslator] Unable to look up field name for input fieldproperty_value
[08:23:41.283494 ERROR] [epJSONTranslator] Unable to look up field name for input fieldproperty_value
[08:23:41.283499 ERROR] [epJSONTranslator] Unable to look up field name for input fieldproperty_value
[08:23:41.283505 ERROR] [epJSONTranslator] Unable to look up field name for input fieldproperty_value
[08:23:41.283511 ERROR] [epJSONTranslator] Unable to look up field name for input fieldproperty_value
[08:23:41.283517 ERROR] [epJSONTranslator] Unable to look up field name for input fieldproperty_value
[08:23:41.283524 ERROR] [epJSONTranslator] Unable to look up field name for input fieldproperty_value
[08:23:41.283530 ERROR] [epJSONTranslator] Unable to look up field name for input fieldproperty_value
[08:23:41.283536 ERROR] [epJSONTranslator] Unable to look up field name for input fieldproperty_value
[08:23:41.283541 ERROR] [epJSONTranslator] Unable to look up field name for input fieldproperty_value
[08:23:41.283548 ERROR] [epJSONTranslator] Unable to look up field name for input fieldproperty_value
[08:23:41.283553 ERROR] [epJSONTranslator] Unable to look up field name for input fieldproperty_value
[08:23:41.283559 ERROR] [epJSONTranslator] Unable to look up field name for input fieldproperty_value
[08:23:41.283565 ERROR] [epJSONTranslator] Unable to look up field name for input fieldproperty_value
[08:23:41.283570 ERROR] [epJSONTranslator] Unable to look up field name for input fieldproperty_value
[08:23:41.283576 ERROR] [epJSONTranslator] Unable to look up field name for input fieldproperty_value
[08:23:41.283582 ERROR] [epJSONTranslator] Unable to look up field name for input fieldproperty_value
[08:23:41.283587 ERROR] [epJSONTranslator] Unable to look up field name for input fieldproperty_value
[08:23:41.283594 ERROR] [epJSONTranslator] Unable to look up field name for input fieldproperty_value
[08:23:41.283600 ERROR] [epJSONTranslator] Unable to look up field name for input fieldproperty_value
[08:23:41.283605 ERROR] [epJSONTranslator] Unable to look up field name for input fieldproperty_value
[08:23:41.283611 ERROR] [epJSONTranslator] Unable to look up field name for input fieldproperty_value
[08:23:41.283616 ERROR] [epJSONTranslator] Unable to look up field name for input fieldproperty_value
[08:23:41.283629 ERROR] [epJSONTranslator] Unable to look up field name for input fieldproperty_value
[08:23:41.283635 ERROR] [epJSONTranslator] Unable to look up field name for input fieldproperty_value
[08:23:41.283641 ERROR] [epJSONTranslator] Unable to look up field name for input fieldproperty_value
[08:23:41.283646 ERROR] [epJSONTranslator] Unable to look up field name for input fieldproperty_value
[08:23:41.283652 ERROR] [epJSONTranslator] Unable to look up field name for input fieldproperty_value
[08:23:41.283658 ERROR] [epJSONTranslator] Unable to look up field name for input fieldproperty_value
[08:23:41.283663 ERROR] [epJSONTranslator] Unable to look up field name for input fieldproperty_value
[08:23:41.283669 ERROR] [epJSONTranslator] Unable to look up field name for input fieldproperty_value
[08:23:41.283675 ERROR] [epJSONTranslator] Unable to look up field name for input fieldproperty_value
[08:23:41.283681 ERROR] [epJSONTranslator] Unable to look up field name for input fieldproperty_value
[08:23:41.283687 ERROR] [epJSONTranslator] Unable to look up field name for input fieldproperty_value
[08:23:41.283693 ERROR] [epJSONTranslator] Unable to look up field name for input fieldproperty_value
[08:23:41.283699 ERROR] [epJSONTranslator] Unable to look up field name for input fieldproperty_value
[08:23:41.283705 ERROR] [epJSONTranslator] Unable to look up field name for input fieldproperty_value
[08:23:41.283710 ERROR] [epJSONTranslator] Unable to look up field name for input fieldproperty_value
[08:23:41.283716 ERROR] [epJSONTranslator] Unable to look up field name for input fieldproperty_value
[08:23:41.283722 ERROR] [epJSONTranslator] Unable to look up field name for input fieldproperty_value
[08:23:41.283727 ERROR] [epJSONTranslator] Unable to look up field name for input fieldproperty_value
[08:23:41.283733 ERROR] [epJSONTranslator] Unable to look up field name for input fieldproperty_value
[08:23:41.283738 ERROR] [epJSONTranslator] Unable to look up field name for input fieldproperty_value
[08:23:41.283745 ERROR] [epJSONTranslator] Unable to look up field name for input fieldproperty_value
[08:23:41.283751 ERROR] [epJSONTranslator] Unable to look up field name for input fieldproperty_value
[08:23:41.283757 ERROR] [epJSONTranslator] Unable to look up field name for input fieldproperty_value
[08:23:41.283762 ERROR] [epJSONTranslator] Unable to look up field name for input fieldproperty_value
[08:23:41.283768 ERROR] [epJSONTranslator] Unable to look up field name for input fieldproperty_value
[08:23:41.283774 ERROR] [epJSONTranslator] Unable to look up field name for input fieldproperty_value
[08:23:41.283779 ERROR] [epJSONTranslator] Unable to look up field name for input fieldproperty_value
[08:23:41.283785 ERROR] [epJSONTranslator] Unable to look up field name for input fieldproperty_value
[08:23:41.283790 ERROR] [epJSONTranslator] Unable to look up field name for input fieldproperty_value
[08:23:41.283796 ERROR] [epJSONTranslator] Unable to look up field name for input fieldproperty_value
[08:23:41.283801 ERROR] [epJSONTranslator] Unable to look up field name for input fieldproperty_value
[08:23:41.283807 ERROR] [epJSONTranslator] Unable to look up field name for input fieldproperty_value
[08:23:41.283813 ERROR] [epJSONTranslator] Unable to look up field name for input fieldproperty_value
[08:23:41.283818 ERROR] [epJSONTranslator] Unable to look up field name for input fieldproperty_value
[08:23:41.283824 ERROR] [epJSONTranslator] Unable to look up field name for input fieldproperty_value
[08:23:41.283829 ERROR] [epJSONTranslator] Unable to look up field name for input fieldproperty_value
[08:23:41.283835 ERROR] [epJSONTranslator] Unable to look up field name for input fieldproperty_value
[08:23:41.283841 ERROR] [epJSONTranslator] Unable to look up field name for input fieldproperty_value
[08:23:41.283846 ERROR] [epJSONTranslator] Unable to look up field name for input fieldproperty_value
[08:23:41.283852 ERROR] [epJSONTranslator] Unable to look up field name for input fieldproperty_value
[08:23:41.283857 ERROR] [epJSONTranslator] Unable to look up field name for input fieldproperty_value
[08:23:41.283863 ERROR] [epJSONTranslator] Unable to look up field name for input fieldproperty_value
[08:23:41.283869 ERROR] [epJSONTranslator] Unable to look up field name for input fieldproperty_value
[08:23:41.283874 ERROR] [epJSONTranslator] Unable to look up field name for input fieldproperty_value
[08:23:41.283880 ERROR] [epJSONTranslator] Unable to look up field name for input fieldproperty_value
[08:23:41.283893 ERROR] [epJSONTranslator] Unable to look up field name for input fieldproperty_value
[08:23:41.283899 ERROR] [epJSONTranslator] Unable to look up field name for input fieldproperty_value
[08:23:41.283904 ERROR] [epJSONTranslator] Unable to look up field name for input fieldproperty_value
[08:23:41.283910 ERROR] [epJSONTranslator] Unable to look up field name for input fieldproperty_value
[08:23:41.283916 ERROR] [epJSONTranslator] Unable to look up field name for input fieldproperty_value
[08:23:41.283922 ERROR] [epJSONTranslator] Unable to look up field name for input fieldproperty_value
[08:23:41.283927 ERROR] [epJSONTranslator] Unable to look up field name for input fieldproperty_value
[08:23:41.283933 ERROR] [epJSONTranslator] Unable to look up field name for input fieldproperty_value
[08:23:41.283938 ERROR] [epJSONTranslator] Unable to look up field name for input fieldproperty_value
[08:23:41.283944 ERROR] [epJSONTranslator] Unable to look up field name for input fieldproperty_value
[08:23:41.283949 ERROR] [epJSONTranslator] Unable to look up field name for input fieldproperty_value
[08:23:41.283955 ERROR] [epJSONTranslator] Unable to look up field name for input fieldproperty_value
[08:23:41.283961 ERROR] [epJSONTranslator] Unable to look up field name for input fieldproperty_value
[08:23:41.283967 ERROR] [epJSONTranslator] Unable to look up field name for input fieldproperty_value
[08:23:41.283972 ERROR] [epJSONTranslator] Unable to look up field name for input fieldproperty_value
[08:23:41.283979 ERROR] [epJSONTranslator] Unable to look up field name for input fieldproperty_value
[08:23:41.283985 ERROR] [epJSONTranslator] Unable to look up field name for input fieldproperty_value
[08:23:41.283991 ERROR] [epJSONTranslator] Unable to look up field name for input fieldproperty_value
[08:23:41.283998 ERROR] [epJSONTranslator] Unable to look up field name for input fieldproperty_value
[08:23:41.284004 ERROR] [epJSONTranslator] Unable to look up field name for input fieldproperty_value
[08:23:41.284011 ERROR] [epJSONTranslator] Unable to look up field name for input fieldproperty_value
[08:23:41.284017 ERROR] [epJSONTranslator] Unable to look up field name for input fieldproperty_value
[08:23:41.284024 ERROR] [epJSONTranslator] Unable to look up field name for input fieldproperty_value
[08:23:41.284030 ERROR] [epJSONTranslator] Unable to look up field name for input fieldproperty_value
[08:23:41.284036 ERROR] [epJSONTranslator] Unable to look up field name for input fieldproperty_value
[08:23:41.284042 ERROR] [epJSONTranslator] Unable to look up field name for input fieldproperty_value
[08:23:41.284049 ERROR] [epJSONTranslator] Unable to look up field name for input fieldproperty_value
[08:23:41.284055 ERROR] [epJSONTranslator] Unable to look up field name for input fieldproperty_value
[08:23:41.284062 ERROR] [epJSONTranslator] Unable to look up field name for input fieldproperty_value
[08:23:41.284068 ERROR] [epJSONTranslator] Unable to look up field name for input fieldproperty_value
[08:23:41.284075 ERROR] [epJSONTranslator] Unable to look up field name for input fieldproperty_value
[08:23:41.284081 ERROR] [epJSONTranslator] Unable to look up field name for input fieldproperty_value
[08:23:41.284087 ERROR] [epJSONTranslator] Unable to look up field name for input fieldproperty_value
[08:23:41.284093 ERROR] [epJSONTranslator] Unable to look up field name for input fieldproperty_value
[08:23:41.284098 ERROR] [epJSONTranslator] Unable to look up field name for input fieldproperty_value
[08:23:41.284104 ERROR] [epJSONTranslator] Unable to look up field name for input fieldproperty_value
[08:23:41.284110 ERROR] [epJSONTranslator] Unable to look up field name for input fieldproperty_value
[08:23:41.284115 ERROR] [epJSONTranslator] Unable to look up field name for input fieldproperty_value
[08:23:41.284121 ERROR] [epJSONTranslator] Unable to look up field name for input fieldproperty_value
[08:23:41.284126 ERROR] [epJSONTranslator] Unable to look up field name for input fieldproperty_value
[08:23:41.284132 ERROR] [epJSONTranslator] Unable to look up field name for input fieldproperty_value
[08:23:41.284138 ERROR] [epJSONTranslator] Unable to look up field name for input fieldproperty_value
[08:23:41.284143 ERROR] [epJSONTranslator] Unable to look up field name for input fieldproperty_value
[08:23:41.284149 ERROR] [epJSONTranslator] Unable to look up field name for input fieldproperty_value
[08:23:41.284154 ERROR] [epJSONTranslator] Unable to look up field name for input fieldproperty_value
[08:23:41.284168 ERROR] [epJSONTranslator] Unable to look up field name for input fieldproperty_value
[08:23:41.284175 ERROR] [epJSONTranslator] Unable to look up field name for input fieldproperty_value
[08:23:41.284182 ERROR] [epJSONTranslator] Unable to look up field name for input fieldproperty_value
[08:23:41.284188 ERROR] [epJSONTranslator] Unable to look up field name for input fieldproperty_value
[08:23:41.284194 ERROR] [epJSONTranslator] Unable to look up field name for input fieldproperty_value
[08:23:41.284199 ERROR] [epJSONTranslator] Unable to look up field name for input fieldproperty_value
[08:23:41.284205 ERROR] [epJSONTranslator] Unable to look up field name for input fieldproperty_value
[08:23:41.284211 ERROR] [epJSONTranslator] Unable to look up field name for input fieldproperty_value
[08:23:41.284216 ERROR] [epJSONTranslator] Unable to look up field name for input fieldproperty_value
[08:23:41.284222 ERROR] [epJSONTranslator] Unable to look up field name for input fieldproperty_value
[08:23:41.284228 ERROR] [epJSONTranslator] Unable to look up field name for input fieldproperty_value
[08:23:41.284235 ERROR] [epJSONTranslator] Unable to look up field name for input fieldproperty_value
[08:23:41.284240 ERROR] [epJSONTranslator] Unable to look up field name for input fieldproperty_value
[08:23:41.284246 ERROR] [epJSONTranslator] Unable to look up field name for input fieldproperty_value
[08:23:41.284252 ERROR] [epJSONTranslator] Unable to look up field name for input fieldproperty_value
[08:23:41.284257 ERROR] [epJSONTranslator] Unable to look up field name for input fieldproperty_value
[08:23:41.284263 ERROR] [epJSONTranslator] Unable to look up field name for input fieldproperty_value
[08:23:41.284269 ERROR] [epJSONTranslator] Unable to look up field name for input fieldproperty_value
[08:23:41.284274 ERROR] [epJSONTranslator] Unable to look up field name for input fieldproperty_value
[08:23:41.284280 ERROR] [epJSONTranslator] Unable to look up field name for input fieldproperty_value
[08:23:41.284285 ERROR] [epJSONTranslator] Unable to look up field name for input fieldproperty_value
[08:23:41.284291 ERROR] [epJSONTranslator] Unable to look up field name for input fieldproperty_value
[08:23:41.284297 ERROR] [epJSONTranslator] Unable to look up field name for input fieldproperty_value
[08:23:41.284304 ERROR] [epJSONTranslator] Unable to look up field name for input fieldproperty_value
[08:23:41.284311 ERROR] [epJSONTranslator] Unable to look up field name for input fieldproperty_value
[08:23:41.284318 ERROR] [epJSONTranslator] Unable to look up field name for input fieldproperty_value
[08:23:41.284324 ERROR] [epJSONTranslator] Unable to look up field name for input fieldproperty_value
[08:23:41.284330 ERROR] [epJSONTranslator] Unable to look up field name for input fieldproperty_value
[08:23:41.284335 ERROR] [epJSONTranslator] Unable to look up field name for input fieldproperty_value
[08:23:41.284341 ERROR] [epJSONTranslator] Unable to look up field name for input fieldproperty_value
[08:23:41.284347 ERROR] [epJSONTranslator] Unable to look up field name for input fieldproperty_value
[08:23:41.284353 ERROR] [epJSONTranslator] Unable to look up field name for input fieldproperty_value
[08:23:41.284359 ERROR] [epJSONTranslator] Unable to look up field name for input fieldproperty_value
[08:23:41.284365 ERROR] [epJSONTranslator] Unable to look up field name for input fieldproperty_value
[08:23:41.284371 ERROR] [epJSONTranslator] Unable to look up field name for input fieldproperty_value
[08:23:41.284377 ERROR] [epJSONTranslator] Unable to look up field name for input fieldproperty_value
[08:23:41.284382 ERROR] [epJSONTranslator] Unable to look up field name for input fieldproperty_value
[08:23:41.284388 ERROR] [epJSONTranslator] Unable to look up field name for input fieldproperty_value
[08:23:41.284394 ERROR] [epJSONTranslator] Unable to look up field name for input fieldproperty_value
[08:23:41.284401 ERROR] [epJSONTranslator] Unable to look up field name for input fieldproperty_value
[08:23:41.284406 ERROR] [epJSONTranslator] Unable to look up field name for input fieldproperty_value
[08:23:41.284412 ERROR] [epJSONTranslator] Unable to look up field name for input fieldproperty_value
[08:23:41.284418 ERROR] [epJSONTranslator] Unable to look up field name for input fieldproperty_value
[08:23:41.284424 ERROR] [epJSONTranslator] Unable to look up field name for input fieldproperty_value
[08:23:41.284429 ERROR] [epJSONTranslator] Unable to look up field name for input fieldproperty_value
[08:23:41.284442 ERROR] [epJSONTranslator] Unable to look up field name for input fieldproperty_value
[08:23:41.284448 ERROR] [epJSONTranslator] Unable to look up field name for input fieldproperty_value
[08:23:41.284455 ERROR] [epJSONTranslator] Unable to look up field name for input fieldproperty_value
[08:23:41.284460 ERROR] [epJSONTranslator] Unable to look up field name for input fieldproperty_value
[08:23:41.284466 ERROR] [epJSONTranslator] Unable to look up field name for input fieldproperty_value
[08:23:41.284472 ERROR] [epJSONTranslator] Unable to look up field name for input fieldproperty_value
[08:23:41.284478 ERROR] [epJSONTranslator] Unable to look up field name for input fieldproperty_value
[08:23:41.284485 ERROR] [epJSONTranslator] Unable to look up field name for input fieldproperty_value
[08:23:41.284491 ERROR] [epJSONTranslator] Unable to look up field name for input fieldproperty_value
[08:23:41.284496 ERROR] [epJSONTranslator] Unable to look up field name for input fieldproperty_value
[08:23:41.284502 ERROR] [epJSONTranslator] Unable to look up field name for input fieldproperty_value
[08:23:41.284509 ERROR] [epJSONTranslator] Unable to look up field name for input fieldproperty_value
[08:23:41.284517 ERROR] [epJSONTranslator] Unable to look up field name for input fieldproperty_value
[08:23:41.284523 ERROR] [epJSONTranslator] Unable to look up field name for input fieldproperty_value
[08:23:41.284529 ERROR] [epJSONTranslator] Unable to look up field name for input fieldproperty_value
[08:23:41.284535 ERROR] [epJSONTranslator] Unable to look up field name for input fieldproperty_value
[08:23:41.284540 ERROR] [epJSONTranslator] Unable to look up field name for input fieldproperty_value
[08:23:41.284546 ERROR] [epJSONTranslator] Unable to look up field name for input fieldproperty_value
[08:23:41.284552 ERROR] [epJSONTranslator] Unable to look up field name for input fieldproperty_value
[08:23:41.284557 ERROR] [epJSONTranslator] Unable to look up field name for input fieldproperty_value
[08:23:41.284564 ERROR] [epJSONTranslator] Unable to look up field name for input fieldproperty_value
[08:23:41.284572 ERROR] [epJSONTranslator] Unable to look up field name for input fieldproperty_value
[08:23:41.284577 ERROR] [epJSONTranslator] Unable to look up field name for input fieldproperty_value
[08:23:41.284583 ERROR] [epJSONTranslator] Unable to look up field name for input fieldproperty_value
[08:23:41.284589 ERROR] [epJSONTranslator] Unable to look up field name for input fieldproperty_value
[08:23:41.284595 ERROR] [epJSONTranslator] Unable to look up field name for input fieldproperty_value
[08:23:41.284601 ERROR] [epJSONTranslator] Unable to look up field name for input fieldproperty_value
[08:23:41.284606 ERROR] [epJSONTranslator] Unable to look up field name for input fieldproperty_value
[08:23:41.284612 ERROR] [epJSONTranslator] Unable to look up field name for input fieldproperty_value
[08:23:41.284618 ERROR] [epJSONTranslator] Unable to look up field name for input fieldproperty_value
[08:23:41.284623 ERROR] [epJSONTranslator] Unable to look up field name for input fieldproperty_value
[08:23:41.284629 ERROR] [epJSONTranslator] Unable to look up field name for input fieldproperty_value
[08:23:41.284635 ERROR] [epJSONTranslator] Unable to look up field name for input fieldproperty_value
[08:23:41.284641 ERROR] [epJSONTranslator] Unable to look up field name for input fieldproperty_value
[08:23:41.284648 ERROR] [epJSONTranslator] Unable to look up field name for input fieldproperty_value
[08:23:41.284654 ERROR] [epJSONTranslator] Unable to look up field name for input fieldproperty_value
[08:23:41.284660 ERROR] [epJSONTranslator] Unable to look up field name for input fieldproperty_value
[08:23:41.284666 ERROR] [epJSONTranslator] Unable to look up field name for input fieldproperty_value
[08:23:41.284673 ERROR] [epJSONTranslator] Unable to look up field name for input fieldproperty_value
[08:23:41.284680 ERROR] [epJSONTranslator] Unable to look up field name for input fieldproperty_value
[08:23:41.284686 ERROR] [epJSONTranslator] Unable to look up field name for input fieldproperty_value
[08:23:41.284691 ERROR] [epJSONTranslator] Unable to look up field name for input fieldproperty_value
[08:23:41.284697 ERROR] [epJSONTranslator] Unable to look up field name for input fieldproperty_value
[08:23:41.284703 ERROR] [epJSONTranslator] Unable to look up field name for input fieldproperty_value
[08:23:41.284710 ERROR] [epJSONTranslator] Unable to look up field name for input fieldproperty_value
[08:23:41.284723 ERROR] [epJSONTranslator] Unable to look up field name for input fieldproperty_value
[08:23:41.284729 ERROR] [epJSONTranslator] Unable to look up field name for input fieldproperty_value
[08:23:41.284735 ERROR] [epJSONTranslator] Unable to look up field name for input fieldproperty_value
[08:23:41.284741 ERROR] [epJSONTranslator] Unable to look up field name for input fieldproperty_value
[08:23:41.284747 ERROR] [epJSONTranslator] Unable to look up field name for input fieldproperty_value
[08:23:41.284753 ERROR] [epJSONTranslator] Unable to look up field name for input fieldproperty_value
[08:23:41.284758 ERROR] [epJSONTranslator] Unable to look up field name for input fieldproperty_value
[08:23:41.284764 ERROR] [epJSONTranslator] Unable to look up field name for input fieldproperty_value
[08:23:41.284770 ERROR] [epJSONTranslator] Unable to look up field name for input fieldproperty_value
[08:23:41.284775 ERROR] [epJSONTranslator] Unable to look up field name for input fieldproperty_value
[08:23:41.284781 ERROR] [epJSONTranslator] Unable to look up field name for input fieldproperty_value
[08:23:41.284787 ERROR] [epJSONTranslator] Unable to look up field name for input fieldproperty_value
[08:23:41.284793 ERROR] [epJSONTranslator] Unable to look up field name for input fieldproperty_value
[08:23:41.284798 ERROR] [epJSONTranslator] Unable to look up field name for input fieldproperty_value
[08:23:41.284804 ERROR] [epJSONTranslator] Unable to look up field name for input fieldproperty_value
[08:23:41.284810 ERROR] [epJSONTranslator] Unable to look up field name for input fieldproperty_value
[08:23:41.284816 ERROR] [epJSONTranslator] Unable to look up field name for input fieldproperty_value
[08:23:41.284821 ERROR] [epJSONTranslator] Unable to look up field name for input fieldproperty_value
[08:23:41.284827 ERROR] [epJSONTranslator] Unable to look up field name for input fieldproperty_value
[08:23:41.284833 ERROR] [epJSONTranslator] Unable to look up field name for input fieldproperty_value
[08:23:41.284840 ERROR] [epJSONTranslator] Unable to look up field name for input fieldproperty_value
[08:23:41.284846 ERROR] [epJSONTranslator] Unable to look up field name for input fieldproperty_value
[08:23:41.284853 ERROR] [epJSONTranslator] Unable to look up field name for input fieldproperty_value
[08:23:41.284860 ERROR] [epJSONTranslator] Unable to look up field name for input fieldproperty_value
[08:23:41.284867 ERROR] [epJSONTranslator] Unable to look up field name for input fieldproperty_value
[08:23:41.284875 ERROR] [epJSONTranslator] Unable to look up field name for input fieldproperty_value
[08:23:41.284882 ERROR] [epJSONTranslator] Unable to look up field name for input fieldproperty_value
[08:23:41.284889 ERROR] [epJSONTranslator] Unable to look up field name for input fieldproperty_value
[08:23:41.284896 ERROR] [epJSONTranslator] Unable to look up field name for input fieldproperty_value
[08:23:41.284902 ERROR] [epJSONTranslator] Unable to look up field name for input fieldproperty_value
[08:23:41.284908 ERROR] [epJSONTranslator] Unable to look up field name for input fieldproperty_value
[08:23:41.284914 ERROR] [epJSONTranslator] Unable to look up field name for input fieldproperty_value
[08:23:41.284920 ERROR] [epJSONTranslator] Unable to look up field name for input fieldproperty_value
[08:23:41.284925 ERROR] [epJSONTranslator] Unable to look up field name for input fieldproperty_value
[08:23:41.284931 ERROR] [epJSONTranslator] Unable to look up field name for input fieldproperty_value
[08:23:41.284937 ERROR] [epJSONTranslator] Unable to look up field name for input fieldproperty_value
[08:23:41.284943 ERROR] [epJSONTranslator] Unable to look up field name for input fieldproperty_value
[08:23:41.284948 ERROR] [epJSONTranslator] Unable to look up field name for input fieldproperty_value
[08:23:41.284954 ERROR] [epJSONTranslator] Unable to look up field name for input fieldproperty_value
[08:23:41.284960 ERROR] [epJSONTranslator] Unable to look up field name for input fieldproperty_value
[08:23:41.284966 ERROR] [epJSONTranslator] Unable to look up field name for input fieldproperty_value
[08:23:41.284971 ERROR] [epJSONTranslator] Unable to look up field name for input fieldproperty_value
[08:23:41.284977 ERROR] [epJSONTranslator] Unable to look up field name for input fieldproperty_value
[08:23:41.284983 ERROR] [epJSONTranslator] Unable to look up field name for input fieldproperty_value
[08:23:41.284988 ERROR] [epJSONTranslator] Unable to look up field name for input fieldproperty_value
[08:23:41.285001 ERROR] [epJSONTranslator] Unable to look up field name for input fieldproperty_value
[08:23:41.285007 ERROR] [epJSONTranslator] Unable to look up field name for input fieldproperty_value
[08:23:41.285015 ERROR] [epJSONTranslator] Unable to look up field name for input fieldproperty_value
[08:23:41.285022 ERROR] [epJSONTranslator] Unable to look up field name for input fieldproperty_value
[08:23:41.285030 ERROR] [epJSONTranslator] Unable to look up field name for input fieldproperty_value
[08:23:41.285036 ERROR] [epJSONTranslator] Unable to look up field name for input fieldproperty_value
[08:23:41.285042 ERROR] [epJSONTranslator] Unable to look up field name for input fieldproperty_value
[08:23:41.285048 ERROR] [epJSONTranslator] Unable to look up field name for input fieldproperty_value
[08:23:41.285054 ERROR] [epJSONTranslator] Unable to look up field name for input fieldproperty_value
[08:23:41.285060 ERROR] [epJSONTranslator] Unable to look up field name for input fieldproperty_value
[08:23:41.285067 ERROR] [epJSONTranslator] Unable to look up field name for input fieldproperty_value
[08:23:41.285073 ERROR] [epJSONTranslator] Unable to look up field name for input fieldproperty_value
[08:23:41.285079 ERROR] [epJSONTranslator] Unable to look up field name for input fieldproperty_value
[08:23:41.285085 ERROR] [epJSONTranslator] Unable to look up field name for input fieldproperty_value
[08:23:41.285091 ERROR] [epJSONTranslator] Unable to look up field name for input fieldproperty_value
[08:23:41.285097 ERROR] [epJSONTranslator] Unable to look up field name for input fieldproperty_value
[08:23:41.285103 ERROR] [epJSONTranslator] Unable to look up field name for input fieldproperty_value
[08:23:41.285109 ERROR] [epJSONTranslator] Unable to look up field name for input fieldproperty_value
[08:23:41.285114 ERROR] [epJSONTranslator] Unable to look up field name for input fieldproperty_value
[08:23:41.285121 ERROR] [epJSONTranslator] Unable to look up field name for input fieldproperty_value
[08:23:41.285127 ERROR] [epJSONTranslator] Unable to look up field name for input fieldproperty_value
[08:23:41.285135 ERROR] [epJSONTranslator] Unable to look up field name for input fieldproperty_value
[08:23:41.285142 ERROR] [epJSONTranslator] Unable to look up field name for input fieldproperty_value
[08:23:41.285147 ERROR] [epJSONTranslator] Unable to look up field name for input fieldproperty_value
[08:23:41.285153 ERROR] [epJSONTranslator] Unable to look up field name for input fieldproperty_value
[08:23:41.285159 ERROR] [epJSONTranslator] Unable to look up field name for input fieldproperty_value
[08:23:41.285164 ERROR] [epJSONTranslator] Unable to look up field name for input fieldproperty_value
[08:23:41.285170 ERROR] [epJSONTranslator] Unable to look up field name for input fieldproperty_value
[08:23:41.285176 ERROR] [epJSONTranslator] Unable to look up field name for input fieldproperty_value
[08:23:41.285181 ERROR] [epJSONTranslator] Unable to look up field name for input fieldproperty_value
[08:23:41.285187 ERROR] [epJSONTranslator] Unable to look up field name for input fieldproperty_value
[08:23:41.285192 ERROR] [epJSONTranslator] Unable to look up field name for input fieldproperty_value
[08:23:41.285198 ERROR] [epJSONTranslator] Unable to look up field name for input fieldproperty_value
[08:23:41.285204 ERROR] [epJSONTranslator] Unable to look up field name for input fieldproperty_value
[08:23:41.285209 ERROR] [epJSONTranslator] Unable to look up field name for input fieldproperty_value
[08:23:41.285215 ERROR] [epJSONTranslator] Unable to look up field name for input fieldproperty_value
[08:23:41.285221 ERROR] [epJSONTranslator] Unable to look up field name for input fieldproperty_value
[08:23:41.285226 ERROR] [epJSONTranslator] Unable to look up field name for input fieldproperty_value
[08:23:41.285232 ERROR] [epJSONTranslator] Unable to look up field name for input fieldproperty_value
[08:23:41.285238 ERROR] [epJSONTranslator] Unable to look up field name for input fieldproperty_value
[08:23:41.285244 ERROR] [epJSONTranslator] Unable to look up field name for input fieldproperty_value
[08:23:41.285249 ERROR] [epJSONTranslator] Unable to look up field name for input fieldproperty_value
[08:23:41.285255 ERROR] [epJSONTranslator] Unable to look up field name for input fieldproperty_value
[08:23:41.285260 ERROR] [epJSONTranslator] Unable to look up field name for input fieldproperty_value
[08:23:41.285266 ERROR] [epJSONTranslator] Unable to look up field name for input fieldproperty_value
[08:23:41.285278 ERROR] [epJSONTranslator] Unable to look up field name for input fieldproperty_value
[08:23:41.285284 ERROR] [epJSONTranslator] Unable to look up field name for input fieldproperty_value
[08:23:41.285290 ERROR] [epJSONTranslator] Unable to look up field name for input fieldproperty_value
[08:23:41.285296 ERROR] [epJSONTranslator] Unable to look up field name for input fieldproperty_value
[08:23:41.285301 ERROR] [epJSONTranslator] Unable to look up field name for input fieldproperty_value
[08:23:41.285307 ERROR] [epJSONTranslator] Unable to look up field name for input fieldproperty_value
[08:23:41.285313 ERROR] [epJSONTranslator] Unable to look up field name for input fieldproperty_value
[08:23:41.285318 ERROR] [epJSONTranslator] Unable to look up field name for input fieldproperty_value
[08:23:41.285324 ERROR] [epJSONTranslator] Unable to look up field name for input fieldproperty_value
[08:23:41.285330 ERROR] [epJSONTranslator] Unable to look up field name for input fieldproperty_value
[08:23:41.285335 ERROR] [epJSONTranslator] Unable to look up field name for input fieldproperty_value
[08:23:41.285341 ERROR] [epJSONTranslator] Unable to look up field name for input fieldproperty_value
[08:23:41.285347 ERROR] [epJSONTranslator] Unable to look up field name for input fieldproperty_value
[08:23:41.285352 ERROR] [epJSONTranslator] Unable to look up field name for input fieldproperty_value
[08:23:41.285358 ERROR] [epJSONTranslator] Unable to look up field name for input fieldproperty_value
[08:23:41.285365 ERROR] [epJSONTranslator] Unable to look up field name for input fieldproperty_value
[08:23:41.285371 ERROR] [epJSONTranslator] Unable to look up field name for input fieldproperty_value
[08:23:41.285377 ERROR] [epJSONTranslator] Unable to look up field name for input fieldproperty_value
[08:23:41.285383 ERROR] [epJSONTranslator] Unable to look up field name for input fieldproperty_value
[08:23:41.285390 ERROR] [epJSONTranslator] Unable to look up field name for input fieldproperty_value
[08:23:41.285397 ERROR] [epJSONTranslator] Unable to look up field name for input fieldproperty_value
[08:23:41.285403 ERROR] [epJSONTranslator] Unable to look up field name for input fieldproperty_value
[08:23:41.285409 ERROR] [epJSONTranslator] Unable to look up field name for input fieldproperty_value
[08:23:41.285415 ERROR] [epJSONTranslator] Unable to look up field name for input fieldproperty_value
[08:23:41.285421 ERROR] [epJSONTranslator] Unable to look up field name for input fieldproperty_value
[08:23:41.285427 ERROR] [epJSONTranslator] Unable to look up field name for input fieldproperty_value
[08:23:41.285432 ERROR] [epJSONTranslator] Unable to look up field name for input fieldproperty_value
[08:23:41.285438 ERROR] [epJSONTranslator] Unable to look up field name for input fieldproperty_value
[08:23:41.285444 ERROR] [epJSONTranslator] Unable to look up field name for input fieldproperty_value
[08:23:41.285449 ERROR] [epJSONTranslator] Unable to look up field name for input fieldproperty_value
[08:23:41.285455 ERROR] [epJSONTranslator] Unable to look up field name for input fieldproperty_value
[08:23:41.285461 ERROR] [epJSONTranslator] Unable to look up field name for input fieldproperty_value
[08:23:41.285466 ERROR] [epJSONTranslator] Unable to look up field name for input fieldproperty_value
[08:23:41.285472 ERROR] [epJSONTranslator] Unable to look up field name for input fieldproperty_value
[08:23:41.285478 ERROR] [epJSONTranslator] Unable to look up field name for input fieldproperty_value
[08:23:41.285484 ERROR] [epJSONTranslator] Unable to look up field name for input fieldproperty_value
[08:23:41.285489 ERROR] [epJSONTranslator] Unable to look up field name for input fieldproperty_value
[08:23:41.285495 ERROR] [epJSONTranslator] Unable to look up field name for input fieldproperty_value
[08:23:41.285501 ERROR] [epJSONTranslator] Unable to look up field name for input fieldproperty_value
[08:23:41.285507 ERROR] [epJSONTranslator] Unable to look up field name for input fieldproperty_value
[08:23:41.285512 ERROR] [epJSONTranslator] Unable to look up field name for input fieldproperty_value
[08:23:41.285518 ERROR] [epJSONTranslator] Unable to look up field name for input fieldproperty_value
[08:23:41.285524 ERROR] [epJSONTranslator] Unable to look up field name for input fieldproperty_value
[08:23:41.285529 ERROR] [epJSONTranslator] Unable to look up field name for input fieldproperty_value
[08:23:41.285535 ERROR] [epJSONTranslator] Unable to look up field name for input fieldproperty_value
[08:23:41.285547 ERROR] [epJSONTranslator] Unable to look up field name for input fieldproperty_value
[08:23:41.285554 ERROR] [epJSONTranslator] Unable to look up field name for input fieldproperty_value
[08:23:41.285560 ERROR] [epJSONTranslator] Unable to look up field name for input fieldproperty_value
[08:23:41.285566 ERROR] [epJSONTranslator] Unable to look up field name for input fieldproperty_value
[08:23:41.285571 ERROR] [epJSONTranslator] Unable to look up field name for input fieldproperty_value
[08:23:41.285577 ERROR] [epJSONTranslator] Unable to look up field name for input fieldproperty_value
[08:23:41.285583 ERROR] [epJSONTranslator] Unable to look up field name for input fieldproperty_value
[08:23:41.285588 ERROR] [epJSONTranslator] Unable to look up field name for input fieldproperty_value
[08:23:41.285594 ERROR] [epJSONTranslator] Unable to look up field name for input fieldproperty_value
[08:23:41.285599 ERROR] [epJSONTranslator] Unable to look up field name for input fieldproperty_value
[08:23:41.285605 ERROR] [epJSONTranslator] Unable to look up field name for input fieldproperty_value
[08:23:41.285611 ERROR] [epJSONTranslator] Unable to look up field name for input fieldproperty_value
[08:23:41.285616 ERROR] [epJSONTranslator] Unable to look up field name for input fieldproperty_value
[08:23:41.285622 ERROR] [epJSONTranslator] Unable to look up field name for input fieldproperty_value
[08:23:41.285628 ERROR] [epJSONTranslator] Unable to look up field name for input fieldproperty_value
[08:23:41.285633 ERROR] [epJSONTranslator] Unable to look up field name for input fieldproperty_value
[08:23:41.285639 ERROR] [epJSONTranslator] Unable to look up field name for input fieldproperty_value
[08:23:41.285644 ERROR] [epJSONTranslator] Unable to look up field name for input fieldproperty_value
[08:23:41.285650 ERROR] [epJSONTranslator] Unable to look up field name for input fieldproperty_value
[08:23:41.285655 ERROR] [epJSONTranslator] Unable to look up field name for input fieldproperty_value
[08:23:41.285661 ERROR] [epJSONTranslator] Unable to look up field name for input fieldproperty_value
[08:23:41.285666 ERROR] [epJSONTranslator] Unable to look up field name for input fieldproperty_value
[08:23:41.285672 ERROR] [epJSONTranslator] Unable to look up field name for input fieldproperty_value
[08:23:41.285678 ERROR] [epJSONTranslator] Unable to look up field name for input fieldproperty_value
[08:23:41.285683 ERROR] [epJSONTranslator] Unable to look up field name for input fieldproperty_value
[08:23:41.285689 ERROR] [epJSONTranslator] Unable to look up field name for input fieldproperty_value
[08:23:41.285695 ERROR] [epJSONTranslator] Unable to look up field name for input fieldproperty_value
[08:23:41.285700 ERROR] [epJSONTranslator] Unable to look up field name for input fieldproperty_value
[08:23:41.285706 ERROR] [epJSONTranslator] Unable to look up field name for input fieldproperty_value
[08:23:41.285711 ERROR] [epJSONTranslator] Unable to look up field name for input fieldproperty_value
[08:23:41.285717 ERROR] [epJSONTranslator] Unable to look up field name for input fieldproperty_value
[08:23:41.285723 ERROR] [epJSONTranslator] Unable to look up field name for input fieldproperty_value
[08:23:41.285728 ERROR] [epJSONTranslator] Unable to look up field name for input fieldproperty_value
[08:23:41.285734 ERROR] [epJSONTranslator] Unable to look up field name for input fieldproperty_value
[08:23:41.285740 ERROR] [epJSONTranslator] Unable to look up field name for input fieldproperty_value
[08:23:41.285745 ERROR] [epJSONTranslator] Unable to look up field name for input fieldproperty_value
[08:23:41.285751 ERROR] [epJSONTranslator] Unable to look up field name for input fieldproperty_value
[08:23:41.285757 ERROR] [epJSONTranslator] Unable to look up field name for input fieldproperty_value
[08:23:41.285762 ERROR] [epJSONTranslator] Unable to look up field name for input fieldproperty_value
[08:23:41.285768 ERROR] [epJSONTranslator] Unable to look up field name for input fieldproperty_value
[08:23:41.285774 ERROR] [epJSONTranslator] Unable to look up field name for input fieldproperty_value
[08:23:41.285779 ERROR] [epJSONTranslator] Unable to look up field name for input fieldproperty_value
[08:23:41.285785 ERROR] [epJSONTranslator] Unable to look up field name for input fieldproperty_value
[08:23:41.285790 ERROR] [epJSONTranslator] Unable to look up field name for input fieldproperty_value
[08:23:41.285796 ERROR] [epJSONTranslator] Unable to look up field name for input fieldproperty_value
[08:23:41.285809 ERROR] [epJSONTranslator] Unable to look up field name for input fieldproperty_value
[08:23:41.285814 ERROR] [epJSONTranslator] Unable to look up field name for input fieldproperty_value
[08:23:41.285820 ERROR] [epJSONTranslator] Unable to look up field name for input fieldproperty_value
[08:23:41.285826 ERROR] [epJSONTranslator] Unable to look up field name for input fieldproperty_value
[08:23:41.285832 ERROR] [epJSONTranslator] Unable to look up field name for input fieldproperty_value
[08:23:41.285838 ERROR] [epJSONTranslator] Unable to look up field name for input fieldproperty_value
[08:23:41.285843 ERROR] [epJSONTranslator] Unable to look up field name for input fieldproperty_value
[08:23:41.285849 ERROR] [epJSONTranslator] Unable to look up field name for input fieldproperty_value
[08:23:41.285855 ERROR] [epJSONTranslator] Unable to look up field name for input fieldproperty_value
[08:23:41.285860 ERROR] [epJSONTranslator] Unable to look up field name for input fieldproperty_value
[08:23:41.285866 ERROR] [epJSONTranslator] Unable to look up field name for input fieldproperty_value
[08:23:41.285872 ERROR] [epJSONTranslator] Unable to look up field name for input fieldproperty_value
[08:23:41.285877 ERROR] [epJSONTranslator] Unable to look up field name for input fieldproperty_value
[08:23:41.285883 ERROR] [epJSONTranslator] Unable to look up field name for input fieldproperty_value
[08:23:41.285889 ERROR] [epJSONTranslator] Unable to look up field name for input fieldproperty_value
[08:23:41.285895 ERROR] [epJSONTranslator] Unable to look up field name for input fieldproperty_value
[08:23:41.285900 ERROR] [epJSONTranslator] Unable to look up field name for input fieldproperty_value
[08:23:41.285906 ERROR] [epJSONTranslator] Unable to look up field name for input fieldproperty_value
[08:23:41.285913 ERROR] [epJSONTranslator] Unable to look up field name for input fieldproperty_value
[08:23:41.285919 ERROR] [epJSONTranslator] Unable to look up field name for input fieldproperty_value
[08:23:41.285925 ERROR] [epJSONTranslator] Unable to look up field name for input fieldproperty_value
[08:23:41.285931 ERROR] [epJSONTranslator] Unable to look up field name for input fieldproperty_value
[08:23:41.285938 ERROR] [epJSONTranslator] Unable to look up field name for input fieldproperty_value
[08:23:41.285945 ERROR] [epJSONTranslator] Unable to look up field name for input fieldproperty_value
[08:23:41.285951 ERROR] [epJSONTranslator] Unable to look up field name for input fieldproperty_value
[08:23:41.285957 ERROR] [epJSONTranslator] Unable to look up field name for input fieldproperty_value
[08:23:41.285963 ERROR] [epJSONTranslator] Unable to look up field name for input fieldproperty_value
[08:23:41.285970 ERROR] [epJSONTranslator] Unable to look up field name for input fieldproperty_value
[08:23:41.285977 ERROR] [epJSONTranslator] Unable to look up field name for input fieldproperty_value
[08:23:41.285983 ERROR] [epJSONTranslator] Unable to look up field name for input fieldproperty_value
[08:23:41.285988 ERROR] [epJSONTranslator] Unable to look up field name for input fieldproperty_value
[08:23:41.285994 ERROR] [epJSONTranslator] Unable to look up field name for input fieldproperty_value
[08:23:41.286000 ERROR] [epJSONTranslator] Unable to look up field name for input fieldproperty_value
[08:23:41.286005 ERROR] [epJSONTranslator] Unable to look up field name for input fieldproperty_value
[08:23:41.286011 ERROR] [epJSONTranslator] Unable to look up field name for input fieldproperty_value
[08:23:41.286016 ERROR] [epJSONTranslator] Unable to look up field name for input fieldproperty_value
[08:23:41.286022 ERROR] [epJSONTranslator] Unable to look up field name for input fieldproperty_value
[08:23:41.286027 ERROR] [epJSONTranslator] Unable to look up field name for input fieldproperty_value
[08:23:41.286033 ERROR] [epJSONTranslator] Unable to look up field name for input fieldproperty_value
[08:23:41.286038 ERROR] [epJSONTranslator] Unable to look up field name for input fieldproperty_value
[08:23:41.286045 ERROR] [epJSONTranslator] Unable to look up field name for input fieldproperty_value
[08:23:41.286051 ERROR] [epJSONTranslator] Unable to look up field name for input fieldproperty_value
[08:23:41.286057 ERROR] [epJSONTranslator] Unable to look up field name for input fieldproperty_value
[08:23:41.286062 ERROR] [epJSONTranslator] Unable to look up field name for input fieldproperty_value
[08:23:41.286068 ERROR] [epJSONTranslator] Unable to look up field name for input fieldproperty_value
[08:23:41.286081 ERROR] [epJSONTranslator] Unable to look up field name for input fieldproperty_value
[08:23:41.286086 ERROR] [epJSONTranslator] Unable to look up field name for input fieldproperty_value
[08:23:41.286092 ERROR] [epJSONTranslator] Unable to look up field name for input fieldproperty_value
[08:23:41.286098 ERROR] [epJSONTranslator] Unable to look up field name for input fieldproperty_value
[08:23:41.286104 ERROR] [epJSONTranslator] Unable to look up field name for input fieldproperty_value
[08:23:41.286109 ERROR] [epJSONTranslator] Unable to look up field name for input fieldproperty_value
[08:23:41.286115 ERROR] [epJSONTranslator] Unable to look up field name for input fieldproperty_value
[08:23:41.286121 ERROR] [epJSONTranslator] Unable to look up field name for input fieldproperty_value
[08:23:41.286126 ERROR] [epJSONTranslator] Unable to look up field name for input fieldproperty_value
[08:23:41.286132 ERROR] [epJSONTranslator] Unable to look up field name for input fieldproperty_value
[08:23:41.286138 ERROR] [epJSONTranslator] Unable to look up field name for input fieldproperty_value
[08:23:41.286143 ERROR] [epJSONTranslator] Unable to look up field name for input fieldproperty_value
[08:23:41.286149 ERROR] [epJSONTranslator] Unable to look up field name for input fieldproperty_value
[08:23:41.286155 ERROR] [epJSONTranslator] Unable to look up field name for input fieldproperty_value
[08:23:41.286160 ERROR] [epJSONTranslator] Unable to look up field name for input fieldproperty_value
[08:23:41.286166 ERROR] [epJSONTranslator] Unable to look up field name for input fieldproperty_value
[08:23:41.286171 ERROR] [epJSONTranslator] Unable to look up field name for input fieldproperty_value
[08:23:41.286177 ERROR] [epJSONTranslator] Unable to look up field name for input fieldproperty_value
[08:23:41.286182 ERROR] [epJSONTranslator] Unable to look up field name for input fieldproperty_value
[08:23:41.286188 ERROR] [epJSONTranslator] Unable to look up field name for input fieldproperty_value
[08:23:41.286194 ERROR] [epJSONTranslator] Unable to look up field name for input fieldproperty_value
[08:23:41.286199 ERROR] [epJSONTranslator] Unable to look up field name for input fieldproperty_value
[08:23:41.286205 ERROR] [epJSONTranslator] Unable to look up field name for input fieldproperty_value
[08:23:41.286211 ERROR] [epJSONTranslator] Unable to look up field name for input fieldproperty_value
[08:23:41.286216 ERROR] [epJSONTranslator] Unable to look up field name for input fieldproperty_value
[08:23:41.286223 ERROR] [epJSONTranslator] Unable to look up field name for input fieldproperty_value
[08:23:41.286230 ERROR] [epJSONTranslator] Unable to look up field name for input fieldproperty_value
[08:23:41.286237 ERROR] [epJSONTranslator] Unable to look up field name for input fieldproperty_value
[08:23:41.286243 ERROR] [epJSONTranslator] Unable to look up field name for input fieldproperty_value
[08:23:41.286249 ERROR] [epJSONTranslator] Unable to look up field name for input fieldproperty_value
[08:23:41.286254 ERROR] [epJSONTranslator] Unable to look up field name for input fieldproperty_value
[08:23:41.286260 ERROR] [epJSONTranslator] Unable to look up field name for input fieldproperty_value
[08:23:41.286267 ERROR] [epJSONTranslator] Unable to look up field name for input fieldproperty_value
[08:23:41.286272 ERROR] [epJSONTranslator] Unable to look up field name for input fieldproperty_value
[08:23:41.286278 ERROR] [epJSONTranslator] Unable to look up field name for input fieldproperty_value
[08:23:41.286283 ERROR] [epJSONTranslator] Unable to look up field name for input fieldproperty_value
[08:23:41.286289 ERROR] [epJSONTranslator] Unable to look up field name for input fieldproperty_value
[08:23:41.286295 ERROR] [epJSONTranslator] Unable to look up field name for input fieldproperty_value
[08:23:41.286300 ERROR] [epJSONTranslator] Unable to look up field name for input fieldproperty_value
[08:23:41.286306 ERROR] [epJSONTranslator] Unable to look up field name for input fieldproperty_value
[08:23:41.286311 ERROR] [epJSONTranslator] Unable to look up field name for input fieldproperty_value
[08:23:41.286317 ERROR] [epJSONTranslator] Unable to look up field name for input fieldproperty_value
[08:23:41.286323 ERROR] [epJSONTranslator] Unable to look up field name for input fieldproperty_value
[08:23:41.286328 ERROR] [epJSONTranslator] Unable to look up field name for input fieldproperty_value
[08:23:41.286334 ERROR] [epJSONTranslator] Unable to look up field name for input fieldproperty_value
[08:23:41.286346 ERROR] [epJSONTranslator] Unable to look up field name for input fieldproperty_value
[08:23:41.286352 ERROR] [epJSONTranslator] Unable to look up field name for input fieldproperty_value
[08:23:41.286358 ERROR] [epJSONTranslator] Unable to look up field name for input fieldproperty_value
[08:23:41.286364 ERROR] [epJSONTranslator] Unable to look up field name for input fieldproperty_value
[08:23:41.286370 ERROR] [epJSONTranslator] Unable to look up field name for input fieldproperty_value
[08:23:41.286376 ERROR] [epJSONTranslator] Unable to look up field name for input fieldproperty_value
[08:23:41.286381 ERROR] [epJSONTranslator] Unable to look up field name for input fieldproperty_value
[08:23:41.286387 ERROR] [epJSONTranslator] Unable to look up field name for input fieldproperty_value
[08:23:41.286393 ERROR] [epJSONTranslator] Unable to look up field name for input fieldproperty_value
[08:23:41.286398 ERROR] [epJSONTranslator] Unable to look up field name for input fieldproperty_value
[08:23:41.286404 ERROR] [epJSONTranslator] Unable to look up field name for input fieldproperty_value
[08:23:41.286410 ERROR] [epJSONTranslator] Unable to look up field name for input fieldproperty_value
[08:23:41.286416 ERROR] [epJSONTranslator] Unable to look up field name for input fieldproperty_value
[08:23:41.286423 ERROR] [epJSONTranslator] Unable to look up field name for input fieldproperty_value
[08:23:41.286431 ERROR] [epJSONTranslator] Unable to look up field name for input fieldproperty_value
[08:23:41.286438 ERROR] [epJSONTranslator] Unable to look up field name for input fieldproperty_value
[08:23:41.286445 ERROR] [epJSONTranslator] Unable to look up field name for input fieldproperty_value
[08:23:41.286450 ERROR] [epJSONTranslator] Unable to look up field name for input fieldproperty_value
[08:23:41.286456 ERROR] [epJSONTranslator] Unable to look up field name for input fieldproperty_value
[08:23:41.286462 ERROR] [epJSONTranslator] Unable to look up field name for input fieldproperty_value
[08:23:41.286468 ERROR] [epJSONTranslator] Unable to look up field name for input fieldproperty_value
[08:23:41.286475 ERROR] [epJSONTranslator] Unable to look up field name for input fieldproperty_value
[08:23:41.286482 ERROR] [epJSONTranslator] Unable to look up field name for input fieldproperty_value
[08:23:41.286491 ERROR] [epJSONTranslator] Unable to look up field name for input fieldproperty_value
[08:23:41.286499 ERROR] [epJSONTranslator] Unable to look up field name for input fieldproperty_value
[08:23:41.286508 ERROR] [epJSONTranslator] Unable to look up field name for input fieldproperty_value
[08:23:41.286515 ERROR] [epJSONTranslator] Unable to look up field name for input fieldproperty_value
[08:23:41.286522 ERROR] [epJSONTranslator] Unable to look up field name for input fieldproperty_value
[08:23:41.286529 ERROR] [epJSONTranslator] Unable to look up field name for input fieldproperty_value
[08:23:41.286536 ERROR] [epJSONTranslator] Unable to look up field name for input fieldproperty_value
[08:23:41.286542 ERROR] [epJSONTranslator] Unable to look up field name for input fieldproperty_value
[08:23:41.286549 ERROR] [epJSONTranslator] Unable to look up field name for input fieldproperty_value
[08:23:41.286555 ERROR] [epJSONTranslator] Unable to look up field name for input fieldproperty_value
[08:23:41.286563 ERROR] [epJSONTranslator] Unable to look up field name for input fieldproperty_value
[08:23:41.286571 ERROR] [epJSONTranslator] Unable to look up field name for input fieldproperty_value
[08:23:41.286578 ERROR] [epJSONTranslator] Unable to look up field name for input fieldproperty_value
[08:23:41.286585 ERROR] [epJSONTranslator] Unable to look up field name for input fieldproperty_value
[08:23:41.286591 ERROR] [epJSONTranslator] Unable to look up field name for input fieldproperty_value
[08:23:41.286597 ERROR] [epJSONTranslator] Unable to look up field name for input fieldproperty_value
[08:23:41.286604 ERROR] [epJSONTranslator] Unable to look up field name for input fieldproperty_value
[08:23:41.286610 ERROR] [epJSONTranslator] Unable to look up field name for input fieldproperty_value
[08:23:41.286617 ERROR] [epJSONTranslator] Unable to look up field name for input fieldproperty_value
[08:23:41.286623 ERROR] [epJSONTranslator] Unable to look up field name for input fieldproperty_value
[08:23:41.286629 ERROR] [epJSONTranslator] Unable to look up field name for input fieldproperty_value
[08:23:41.286636 ERROR] [epJSONTranslator] Unable to look up field name for input fieldproperty_value
[08:23:41.286654 ERROR] [epJSONTranslator] Unable to look up field name for input fieldproperty_value
[08:23:41.286663 ERROR] [epJSONTranslator] Unable to look up field name for input fieldproperty_value
[08:23:41.286670 ERROR] [epJSONTranslator] Unable to look up field name for input fieldproperty_value
[08:23:41.286675 ERROR] [epJSONTranslator] Unable to look up field name for input fieldproperty_value
[08:23:41.286682 ERROR] [epJSONTranslator] Unable to look up field name for input fieldproperty_value
[08:23:41.286688 ERROR] [epJSONTranslator] Unable to look up field name for input fieldproperty_value
[08:23:41.286694 ERROR] [epJSONTranslator] Unable to look up field name for input fieldproperty_value
[08:23:41.286700 ERROR] [epJSONTranslator] Unable to look up field name for input fieldproperty_value
[08:23:41.286706 ERROR] [epJSONTranslator] Unable to look up field name for input fieldproperty_value
[08:23:41.286711 ERROR] [epJSONTranslator] Unable to look up field name for input fieldproperty_value
[08:23:41.286717 ERROR] [epJSONTranslator] Unable to look up field name for input fieldproperty_value
[08:23:41.286723 ERROR] [epJSONTranslator] Unable to look up field name for input fieldproperty_value
[08:23:41.286729 ERROR] [epJSONTranslator] Unable to look up field name for input fieldproperty_value
[08:23:41.286735 ERROR] [epJSONTranslator] Unable to look up field name for input fieldproperty_value
[08:23:41.286743 ERROR] [epJSONTranslator] Unable to look up field name for input fieldproperty_value
[08:23:41.286749 ERROR] [epJSONTranslator] Unable to look up field name for input fieldproperty_value
[08:23:41.286757 ERROR] [epJSONTranslator] Unable to look up field name for input fieldproperty_value
[08:23:41.286764 ERROR] [epJSONTranslator] Unable to look up field name for input fieldproperty_value
[08:23:41.286770 ERROR] [epJSONTranslator] Unable to look up field name for input fieldproperty_value
[08:23:41.286777 ERROR] [epJSONTranslator] Unable to look up field name for input fieldproperty_value
[08:23:41.286784 ERROR] [epJSONTranslator] Unable to look up field name for input fieldproperty_value
[08:23:41.286790 ERROR] [epJSONTranslator] Unable to look up field name for input fieldproperty_value
[08:23:41.286799 ERROR] [epJSONTranslator] Unable to look up field name for input fieldproperty_value
[08:23:41.286806 ERROR] [epJSONTranslator] Unable to look up field name for input fieldproperty_value
[08:23:41.286812 ERROR] [epJSONTranslator] Unable to look up field name for input fieldproperty_value
[08:23:41.286818 ERROR] [epJSONTranslator] Unable to look up field name for input fieldproperty_value
[08:23:41.286823 ERROR] [epJSONTranslator] Unable to look up field name for input fieldproperty_value
[08:23:41.286829 ERROR] [epJSONTranslator] Unable to look up field name for input fieldproperty_value
[08:23:41.286835 ERROR] [epJSONTranslator] Unable to look up field name for input fieldproperty_value
[08:23:41.286840 ERROR] [epJSONTranslator] Unable to look up field name for input fieldproperty_value
[08:23:41.286846 ERROR] [epJSONTranslator] Unable to look up field name for input fieldproperty_value
[08:23:41.286852 ERROR] [epJSONTranslator] Unable to look up field name for input fieldproperty_value
[08:23:41.286858 ERROR] [epJSONTranslator] Unable to look up field name for input fieldproperty_value
[08:23:41.286863 ERROR] [epJSONTranslator] Unable to look up field name for input fieldproperty_value
[08:23:41.286869 ERROR] [epJSONTranslator] Unable to look up field name for input fieldproperty_value
[08:23:41.286875 ERROR] [epJSONTranslator] Unable to look up field name for input fieldproperty_value
[08:23:41.286881 ERROR] [epJSONTranslator] Unable to look up field name for input fieldproperty_value
[08:23:41.286888 ERROR] [epJSONTranslator] Unable to look up field name for input fieldproperty_value
[08:23:41.286896 ERROR] [epJSONTranslator] Unable to look up field name for input fieldproperty_value
[08:23:41.286905 ERROR] [epJSONTranslator] Unable to look up field name for input fieldproperty_value
[08:23:41.286912 ERROR] [epJSONTranslator] Unable to look up field name for input fieldproperty_value
[08:23:41.286920 ERROR] [epJSONTranslator] Unable to look up field name for input fieldproperty_value
[08:23:41.286927 ERROR] [epJSONTranslator] Unable to look up field name for input fieldproperty_value
[08:23:41.286933 ERROR] [epJSONTranslator] Unable to look up field name for input fieldproperty_value
[08:23:41.286940 ERROR] [epJSONTranslator] Unable to look up field name for input fieldproperty_value
[08:23:41.286954 ERROR] [epJSONTranslator] Unable to look up field name for input fieldproperty_value
[08:23:41.286961 ERROR] [epJSONTranslator] Unable to look up field name for input fieldproperty_value
[08:23:41.286969 ERROR] [epJSONTranslator] Unable to look up field name for input fieldproperty_value
[08:23:41.286975 ERROR] [epJSONTranslator] Unable to look up field name for input fieldproperty_value
[08:23:41.286982 ERROR] [epJSONTranslator] Unable to look up field name for input fieldproperty_value
[08:23:41.286988 ERROR] [epJSONTranslator] Unable to look up field name for input fieldproperty_value
[08:23:41.286993 ERROR] [epJSONTranslator] Unable to look up field name for input fieldproperty_value
[08:23:41.286999 ERROR] [epJSONTranslator] Unable to look up field name for input fieldproperty_value
[08:23:41.287005 ERROR] [epJSONTranslator] Unable to look up field name for input fieldproperty_value
[08:23:41.287011 ERROR] [epJSONTranslator] Unable to look up field name for input fieldproperty_value
[08:23:41.287018 ERROR] [epJSONTranslator] Unable to look up field name for input fieldproperty_value
[08:23:41.287025 ERROR] [epJSONTranslator] Unable to look up field name for input fieldproperty_value
[08:23:41.287031 ERROR] [epJSONTranslator] Unable to look up field name for input fieldproperty_value
[08:23:41.287036 ERROR] [epJSONTranslator] Unable to look up field name for input fieldproperty_value
[08:23:41.287043 ERROR] [epJSONTranslator] Unable to look up field name for input fieldproperty_value
[08:23:41.287049 ERROR] [epJSONTranslator] Unable to look up field name for input fieldproperty_value
[08:23:41.287056 ERROR] [epJSONTranslator] Unable to look up field name for input fieldproperty_value
[08:23:41.287062 ERROR] [epJSONTranslator] Unable to look up field name for input fieldproperty_value
[08:23:41.287069 ERROR] [epJSONTranslator] Unable to look up field name for input fieldproperty_value
[08:23:41.287076 ERROR] [epJSONTranslator] Unable to look up field name for input fieldproperty_value
[08:23:41.287082 ERROR] [epJSONTranslator] Unable to look up field name for input fieldproperty_value
[08:23:41.287088 ERROR] [epJSONTranslator] Unable to look up field name for input fieldproperty_value
[08:23:41.287094 ERROR] [epJSONTranslator] Unable to look up field name for input fieldproperty_value
[08:23:41.287099 ERROR] [epJSONTranslator] Unable to look up field name for input fieldproperty_value
[08:23:41.287106 ERROR] [epJSONTranslator] Unable to look up field name for input fieldproperty_value
[08:23:41.287113 ERROR] [epJSONTranslator] Unable to look up field name for input fieldproperty_value
[08:23:41.287121 ERROR] [epJSONTranslator] Unable to look up field name for input fieldproperty_value
[08:23:41.287128 ERROR] [epJSONTranslator] Unable to look up field name for input fieldproperty_value
[08:23:41.287135 ERROR] [epJSONTranslator] Unable to look up field name for input fieldproperty_value
[08:23:41.287140 ERROR] [epJSONTranslator] Unable to look up field name for input fieldproperty_value
[08:23:41.287146 ERROR] [epJSONTranslator] Unable to look up field name for input fieldproperty_value
[08:23:41.287152 ERROR] [epJSONTranslator] Unable to look up field name for input fieldproperty_value
[08:23:41.287158 ERROR] [epJSONTranslator] Unable to look up field name for input fieldproperty_value
[08:23:41.287164 ERROR] [epJSONTranslator] Unable to look up field name for input fieldproperty_value
[08:23:41.287170 ERROR] [epJSONTranslator] Unable to look up field name for input fieldproperty_value
[08:23:41.287176 ERROR] [epJSONTranslator] Unable to look up field name for input fieldproperty_value
[08:23:41.287181 ERROR] [epJSONTranslator] Unable to look up field name for input fieldproperty_value
[08:23:41.287188 ERROR] [epJSONTranslator] Unable to look up field name for input fieldproperty_value
[08:23:41.287194 ERROR] [epJSONTranslator] Unable to look up field name for input fieldproperty_value
[08:23:41.287200 ERROR] [epJSONTranslator] Unable to look up field name for input fieldproperty_value
[08:23:41.287207 ERROR] [epJSONTranslator] Unable to look up field name for input fieldproperty_value
[08:23:41.287214 ERROR] [epJSONTranslator] Unable to look up field name for input fieldproperty_value
[08:23:41.287222 ERROR] [epJSONTranslator] Unable to look up field name for input fieldproperty_value
[08:23:41.287228 ERROR] [epJSONTranslator] Unable to look up field name for input fieldproperty_value
[08:23:41.287234 ERROR] [epJSONTranslator] Unable to look up field name for input fieldproperty_value
[08:23:41.287247 ERROR] [epJSONTranslator] Unable to look up field name for input fieldproperty_value
[08:23:41.287253 ERROR] [epJSONTranslator] Unable to look up field name for input fieldproperty_value
[08:23:41.287259 ERROR] [epJSONTranslator] Unable to look up field name for input fieldproperty_value
[08:23:41.287265 ERROR] [epJSONTranslator] Unable to look up field name for input fieldproperty_value
[08:23:41.287271 ERROR] [epJSONTranslator] Unable to look up field name for input fieldproperty_value
[08:23:41.287277 ERROR] [epJSONTranslator] Unable to look up field name for input fieldproperty_value
[08:23:41.287284 ERROR] [epJSONTranslator] Unable to look up field name for input fieldproperty_value
[08:23:41.287292 ERROR] [epJSONTranslator] Unable to look up field name for input fieldproperty_value
[08:23:41.287299 ERROR] [epJSONTranslator] Unable to look up field name for input fieldproperty_value
[08:23:41.287306 ERROR] [epJSONTranslator] Unable to look up field name for input fieldproperty_value
[08:23:41.287314 ERROR] [epJSONTranslator] Unable to look up field name for input fieldproperty_value
[08:23:41.287321 ERROR] [epJSONTranslator] Unable to look up field name for input fieldproperty_value
[08:23:41.287329 ERROR] [epJSONTranslator] Unable to look up field name for input fieldproperty_value
[08:23:41.287335 ERROR] [epJSONTranslator] Unable to look up field name for input fieldproperty_value
[08:23:41.287341 ERROR] [epJSONTranslator] Unable to look up field name for input fieldproperty_value
[08:23:41.287347 ERROR] [epJSONTranslator] Unable to look up field name for input fieldproperty_value
[08:23:41.287352 ERROR] [epJSONTranslator] Unable to look up field name for input fieldproperty_value
[08:23:41.287358 ERROR] [epJSONTranslator] Unable to look up field name for input fieldproperty_value
[08:23:41.287363 ERROR] [epJSONTranslator] Unable to look up field name for input fieldproperty_value
[08:23:41.287369 ERROR] [epJSONTranslator] Unable to look up field name for input fieldproperty_value
[08:23:41.287375 ERROR] [epJSONTranslator] Unable to look up field name for input fieldproperty_value
[08:23:41.287380 ERROR] [epJSONTranslator] Unable to look up field name for input fieldproperty_value
[08:23:41.287386 ERROR] [epJSONTranslator] Unable to look up field name for input fieldproperty_value
[08:23:41.287391 ERROR] [epJSONTranslator] Unable to look up field name for input fieldproperty_value
[08:23:41.287397 ERROR] [epJSONTranslator] Unable to look up field name for input fieldproperty_value
[08:23:41.287403 ERROR] [epJSONTranslator] Unable to look up field name for input fieldproperty_value
[08:23:41.287408 ERROR] [epJSONTranslator] Unable to look up field name for input fieldproperty_value
[08:23:41.287415 ERROR] [epJSONTranslator] Unable to look up field name for input fieldproperty_value
[08:23:41.287420 ERROR] [epJSONTranslator] Unable to look up field name for input fieldproperty_value
[08:23:41.287426 ERROR] [epJSONTranslator] Unable to look up field name for input fieldproperty_value
[08:23:41.287432 ERROR] [epJSONTranslator] Unable to look up field name for input fieldproperty_value
[08:23:41.287437 ERROR] [epJSONTranslator] Unable to look up field name for input fieldproperty_value
[08:23:41.287443 ERROR] [epJSONTranslator] Unable to look up field name for input fieldproperty_value
[08:23:41.287448 ERROR] [epJSONTranslator] Unable to look up field name for input fieldproperty_value
[08:23:41.287454 ERROR] [epJSONTranslator] Unable to look up field name for input fieldproperty_value
[08:23:41.287460 ERROR] [epJSONTranslator] Unable to look up field name for input fieldproperty_value
[08:23:41.287465 ERROR] [epJSONTranslator] Unable to look up field name for input fieldproperty_value
[08:23:41.287471 ERROR] [epJSONTranslator] Unable to look up field name for input fieldproperty_value
[08:23:41.287476 ERROR] [epJSONTranslator] Unable to look up field name for input fieldproperty_value
[08:23:41.287482 ERROR] [epJSONTranslator] Unable to look up field name for input fieldproperty_value
[08:23:41.287487 ERROR] [epJSONTranslator] Unable to look up field name for input fieldproperty_value
[08:23:41.287493 ERROR] [epJSONTranslator] Unable to look up field name for input fieldproperty_value
[08:23:41.287498 ERROR] [epJSONTranslator] Unable to look up field name for input fieldproperty_value
[08:23:41.287504 ERROR] [epJSONTranslator] Unable to look up field name for input fieldproperty_value
[08:23:41.287510 ERROR] [epJSONTranslator] Unable to look up field name for input fieldproperty_value
[08:23:41.287522 ERROR] [epJSONTranslator] Unable to look up field name for input fieldproperty_value
[08:23:41.287528 ERROR] [epJSONTranslator] Unable to look up field name for input fieldproperty_value
[08:23:41.287534 ERROR] [epJSONTranslator] Unable to look up field name for input fieldproperty_value
[08:23:41.287540 ERROR] [epJSONTranslator] Unable to look up field name for input fieldproperty_value
[08:23:41.287546 ERROR] [epJSONTranslator] Unable to look up field name for input fieldproperty_value
[08:23:41.287552 ERROR] [epJSONTranslator] Unable to look up field name for input fieldproperty_value
[08:23:41.287558 ERROR] [epJSONTranslator] Unable to look up field name for input fieldproperty_value
[08:23:41.287565 ERROR] [epJSONTranslator] Unable to look up field name for input fieldproperty_value
[08:23:41.287571 ERROR] [epJSONTranslator] Unable to look up field name for input fieldproperty_value
[08:23:41.287577 ERROR] [epJSONTranslator] Unable to look up field name for input fieldproperty_value
[08:23:41.287582 ERROR] [epJSONTranslator] Unable to look up field name for input fieldproperty_value
[08:23:41.287588 ERROR] [epJSONTranslator] Unable to look up field name for input fieldproperty_value
[08:23:41.287594 ERROR] [epJSONTranslator] Unable to look up field name for input fieldproperty_value
[08:23:41.287600 ERROR] [epJSONTranslator] Unable to look up field name for input fieldproperty_value
[08:23:41.287606 ERROR] [epJSONTranslator] Unable to look up field name for input fieldproperty_value
[08:23:41.287613 ERROR] [epJSONTranslator] Unable to look up field name for input fieldproperty_value
[08:23:41.287619 ERROR] [epJSONTranslator] Unable to look up field name for input fieldproperty_value
[08:23:41.287625 ERROR] [epJSONTranslator] Unable to look up field name for input fieldproperty_value
[08:23:41.287631 ERROR] [epJSONTranslator] Unable to look up field name for input fieldproperty_value
[08:23:41.287636 ERROR] [epJSONTranslator] Unable to look up field name for input fieldproperty_value
[08:23:41.287642 ERROR] [epJSONTranslator] Unable to look up field name for input fieldproperty_value
[08:23:41.287648 ERROR] [epJSONTranslator] Unable to look up field name for input fieldproperty_value
[08:23:41.287653 ERROR] [epJSONTranslator] Unable to look up field name for input fieldproperty_value
[08:23:41.287659 ERROR] [epJSONTranslator] Unable to look up field name for input fieldproperty_value
[08:23:41.287665 ERROR] [epJSONTranslator] Unable to look up field name for input fieldproperty_value
[08:23:41.287670 ERROR] [epJSONTranslator] Unable to look up field name for input fieldproperty_value
[08:23:41.287677 ERROR] [epJSONTranslator] Unable to look up field name for input fieldproperty_value
[08:23:41.287683 ERROR] [epJSONTranslator] Unable to look up field name for input fieldproperty_value
[08:23:41.287690 ERROR] [epJSONTranslator] Unable to look up field name for input fieldproperty_value
[08:23:41.287696 ERROR] [epJSONTranslator] Unable to look up field name for input fieldproperty_value
[08:23:41.287703 ERROR] [epJSONTranslator] Unable to look up field name for input fieldproperty_value
[08:23:41.287708 ERROR] [epJSONTranslator] Unable to look up field name for input fieldproperty_value
[08:23:41.287714 ERROR] [epJSONTranslator] Unable to look up field name for input fieldproperty_value
[08:23:41.287720 ERROR] [epJSONTranslator] Unable to look up field name for input fieldproperty_value
[08:23:41.287725 ERROR] [epJSONTranslator] Unable to look up field name for input fieldproperty_value
[08:23:41.287731 ERROR] [epJSONTranslator] Unable to look up field name for input fieldproperty_value
[08:23:41.287738 ERROR] [epJSONTranslator] Unable to look up field name for input fieldproperty_value
[08:23:41.287744 ERROR] [epJSONTranslator] Unable to look up field name for input fieldproperty_value
[08:23:41.287750 ERROR] [epJSONTranslator] Unable to look up field name for input fieldproperty_value
[08:23:41.287756 ERROR] [epJSONTranslator] Unable to look up field name for input fieldproperty_value
[08:23:41.287762 ERROR] [epJSONTranslator] Unable to look up field name for input fieldproperty_value
[08:23:41.287768 ERROR] [epJSONTranslator] Unable to look up field name for input fieldproperty_value
[08:23:41.287775 ERROR] [epJSONTranslator] Unable to look up field name for input fieldproperty_value
[08:23:41.287782 ERROR] [epJSONTranslator] Unable to look up field name for input fieldproperty_value
[08:23:41.287788 ERROR] [epJSONTranslator] Unable to look up field name for input fieldproperty_value
[08:23:41.287801 ERROR] [epJSONTranslator] Unable to look up field name for input fieldproperty_value
[08:23:41.287807 ERROR] [epJSONTranslator] Unable to look up field name for input fieldproperty_value
[08:23:41.287814 ERROR] [epJSONTranslator] Unable to look up field name for input fieldproperty_value
[08:23:41.287820 ERROR] [epJSONTranslator] Unable to look up field name for input fieldproperty_value
[08:23:41.287825 ERROR] [epJSONTranslator] Unable to look up field name for input fieldproperty_value
[08:23:41.287831 ERROR] [epJSONTranslator] Unable to look up field name for input fieldproperty_value
[08:23:41.287837 ERROR] [epJSONTranslator] Unable to look up field name for input fieldproperty_value
[08:23:41.287842 ERROR] [epJSONTranslator] Unable to look up field name for input fieldproperty_value
[08:23:41.287848 ERROR] [epJSONTranslator] Unable to look up field name for input fieldproperty_value
[08:23:41.287854 ERROR] [epJSONTranslator] Unable to look up field name for input fieldproperty_value
[08:23:41.287860 ERROR] [epJSONTranslator] Unable to look up field name for input fieldproperty_value
[08:23:41.287866 ERROR] [epJSONTranslator] Unable to look up field name for input fieldproperty_value
[08:23:41.287871 ERROR] [epJSONTranslator] Unable to look up field name for input fieldproperty_value
[08:23:41.287877 ERROR] [epJSONTranslator] Unable to look up field name for input fieldproperty_value
[08:23:41.287883 ERROR] [epJSONTranslator] Unable to look up field name for input fieldproperty_value
[08:23:41.287889 ERROR] [epJSONTranslator] Unable to look up field name for input fieldproperty_value
[08:23:41.287895 ERROR] [epJSONTranslator] Unable to look up field name for input fieldproperty_value
[08:23:41.287901 ERROR] [epJSONTranslator] Unable to look up field name for input fieldproperty_value
[08:23:41.287907 ERROR] [epJSONTranslator] Unable to look up field name for input fieldproperty_value
[08:23:41.287913 ERROR] [epJSONTranslator] Unable to look up field name for input fieldproperty_value
[08:23:41.287918 ERROR] [epJSONTranslator] Unable to look up field name for input fieldproperty_value
[08:23:41.287924 ERROR] [epJSONTranslator] Unable to look up field name for input fieldproperty_value
[08:23:41.287930 ERROR] [epJSONTranslator] Unable to look up field name for input fieldproperty_value
[08:23:41.287935 ERROR] [epJSONTranslator] Unable to look up field name for input fieldproperty_value
[08:23:41.287942 ERROR] [epJSONTranslator] Unable to look up field name for input fieldproperty_value
[08:23:41.287949 ERROR] [epJSONTranslator] Unable to look up field name for input fieldproperty_value
[08:23:41.287955 ERROR] [epJSONTranslator] Unable to look up field name for input fieldproperty_value
[08:23:41.287961 ERROR] [epJSONTranslator] Unable to look up field name for input fieldproperty_value
[08:23:41.287967 ERROR] [epJSONTranslator] Unable to look up field name for input fieldproperty_value
[08:23:41.287973 ERROR] [epJSONTranslator] Unable to look up field name for input fieldproperty_value
[08:23:41.287980 ERROR] [epJSONTranslator] Unable to look up field name for input fieldproperty_value
[08:23:41.287987 ERROR] [epJSONTranslator] Unable to look up field name for input fieldproperty_value
[08:23:41.287994 ERROR] [epJSONTranslator] Unable to look up field name for input fieldproperty_value
[08:23:41.288000 ERROR] [epJSONTranslator] Unable to look up field name for input fieldproperty_value
[08:23:41.288007 ERROR] [epJSONTranslator] Unable to look up field name for input fieldproperty_value
[08:23:41.288013 ERROR] [epJSONTranslator] Unable to look up field name for input fieldproperty_value
[08:23:41.288020 ERROR] [epJSONTranslator] Unable to look up field name for input fieldproperty_value
[08:23:41.288025 ERROR] [epJSONTranslator] Unable to look up field name for input fieldproperty_value
[08:23:41.288031 ERROR] [epJSONTranslator] Unable to look up field name for input fieldproperty_value
[08:23:41.288036 ERROR] [epJSONTranslator] Unable to look up field name for input fieldproperty_value
[08:23:41.288042 ERROR] [epJSONTranslator] Unable to look up field name for input fieldproperty_value
[08:23:41.288048 ERROR] [epJSONTranslator] Unable to look up field name for input fieldproperty_value
[08:23:41.288053 ERROR] [epJSONTranslator] Unable to look up field name for input fieldproperty_value
[08:23:41.288059 ERROR] [epJSONTranslator] Unable to look up field name for input fieldproperty_value
[08:23:41.288064 ERROR] [epJSONTranslator] Unable to look up field name for input fieldproperty_value
[08:23:41.288077 ERROR] [epJSONTranslator] Unable to look up field name for input fieldproperty_value
[08:23:41.288084 ERROR] [epJSONTranslator] Unable to look up field name for input fieldproperty_value
[08:23:41.288090 ERROR] [epJSONTranslator] Unable to look up field name for input fieldproperty_value
[08:23:41.288096 ERROR] [epJSONTranslator] Unable to look up field name for input fieldproperty_value
[08:23:41.288102 ERROR] [epJSONTranslator] Unable to look up field name for input fieldproperty_value
[08:23:41.288107 ERROR] [epJSONTranslator] Unable to look up field name for input fieldproperty_value
[08:23:41.288113 ERROR] [epJSONTranslator] Unable to look up field name for input fieldproperty_value
[08:23:41.288119 ERROR] [epJSONTranslator] Unable to look up field name for input fieldproperty_value
[08:23:41.288124 ERROR] [epJSONTranslator] Unable to look up field name for input fieldproperty_value
[08:23:41.288130 ERROR] [epJSONTranslator] Unable to look up field name for input fieldproperty_value
[08:23:41.288135 ERROR] [epJSONTranslator] Unable to look up field name for input fieldproperty_value
[08:23:41.288141 ERROR] [epJSONTranslator] Unable to look up field name for input fieldproperty_value
[08:23:41.288147 ERROR] [epJSONTranslator] Unable to look up field name for input fieldproperty_value
[08:23:41.288152 ERROR] [epJSONTranslator] Unable to look up field name for input fieldproperty_value
[08:23:41.288158 ERROR] [epJSONTranslator] Unable to look up field name for input fieldproperty_value
[08:23:41.288164 ERROR] [epJSONTranslator] Unable to look up field name for input fieldproperty_value
[08:23:41.288169 ERROR] [epJSONTranslator] Unable to look up field name for input fieldproperty_value
[08:23:41.288175 ERROR] [epJSONTranslator] Unable to look up field name for input fieldproperty_value
[08:23:41.288180 ERROR] [epJSONTranslator] Unable to look up field name for input fieldproperty_value
[08:23:41.288186 ERROR] [epJSONTranslator] Unable to look up field name for input fieldproperty_value
[08:23:41.288192 ERROR] [epJSONTranslator] Unable to look up field name for input fieldproperty_value
[08:23:41.288197 ERROR] [epJSONTranslator] Unable to look up field name for input fieldproperty_value
[08:23:41.288204 ERROR] [epJSONTranslator] Unable to look up field name for input fieldproperty_value
[08:23:41.288210 ERROR] [epJSONTranslator] Unable to look up field name for input fieldproperty_value
[08:23:41.288217 ERROR] [epJSONTranslator] Unable to look up field name for input fieldproperty_value
[08:23:41.288224 ERROR] [epJSONTranslator] Unable to look up field name for input fieldproperty_value
[08:23:41.288230 ERROR] [epJSONTranslator] Unable to look up field name for input fieldproperty_value
[08:23:41.288236 ERROR] [epJSONTranslator] Unable to look up field name for input fieldproperty_value
[08:23:41.288242 ERROR] [epJSONTranslator] Unable to look up field name for input fieldproperty_value
[08:23:41.288248 ERROR] [epJSONTranslator] Unable to look up field name for input fieldproperty_value
[08:23:41.288254 ERROR] [epJSONTranslator] Unable to look up field name for input fieldproperty_value
[08:23:41.288259 ERROR] [epJSONTranslator] Unable to look up field name for input fieldproperty_value
[08:23:41.288265 ERROR] [epJSONTranslator] Unable to look up field name for input fieldproperty_value
[08:23:41.288271 ERROR] [epJSONTranslator] Unable to look up field name for input fieldproperty_value
[08:23:41.288277 ERROR] [epJSONTranslator] Unable to look up field name for input fieldproperty_value
[08:23:41.288283 ERROR] [epJSONTranslator] Unable to look up field name for input fieldproperty_value
[08:23:41.288288 ERROR] [epJSONTranslator] Unable to look up field name for input fieldproperty_value
[08:23:41.288294 ERROR] [epJSONTranslator] Unable to look up field name for input fieldproperty_value
[08:23:41.288300 ERROR] [epJSONTranslator] Unable to look up field name for input fieldproperty_value
[08:23:41.288306 ERROR] [epJSONTranslator] Unable to look up field name for input fieldproperty_value
[08:23:41.288312 ERROR] [epJSONTranslator] Unable to look up field name for input fieldproperty_value
[08:23:41.288318 ERROR] [epJSONTranslator] Unable to look up field name for input fieldproperty_value
[08:23:41.288325 ERROR] [epJSONTranslator] Unable to look up field name for input fieldproperty_value
[08:23:41.288331 ERROR] [epJSONTranslator] Unable to look up field name for input fieldproperty_value
[08:23:41.288337 ERROR] [epJSONTranslator] Unable to look up field name for input fieldproperty_value
[08:23:41.288349 ERROR] [epJSONTranslator] Unable to look up field name for input fieldproperty_value
[08:23:41.288355 ERROR] [epJSONTranslator] Unable to look up field name for input fieldproperty_value
[08:23:41.288361 ERROR] [epJSONTranslator] Unable to look up field name for input fieldproperty_value
[08:23:41.288367 ERROR] [epJSONTranslator] Unable to look up field name for input fieldproperty_value
[08:23:41.288372 ERROR] [epJSONTranslator] Unable to look up field name for input fieldproperty_value
[08:23:41.288378 ERROR] [epJSONTranslator] Unable to look up field name for input fieldproperty_value
[08:23:41.288383 ERROR] [epJSONTranslator] Unable to look up field name for input fieldproperty_value
[08:23:41.288390 ERROR] [epJSONTranslator] Unable to look up field name for input fieldproperty_value
[08:23:41.288397 ERROR] [epJSONTranslator] Unable to look up field name for input fieldproperty_value
[08:23:41.288403 ERROR] [epJSONTranslator] Unable to look up field name for input fieldproperty_value
[08:23:41.288409 ERROR] [epJSONTranslator] Unable to look up field name for input fieldproperty_value
[08:23:41.288414 ERROR] [epJSONTranslator] Unable to look up field name for input fieldproperty_value
[08:23:41.288420 ERROR] [epJSONTranslator] Unable to look up field name for input fieldproperty_value
[08:23:41.288426 ERROR] [epJSONTranslator] Unable to look up field name for input fieldproperty_value
[08:23:41.288432 ERROR] [epJSONTranslator] Unable to look up field name for input fieldproperty_value
[08:23:41.288438 ERROR] [epJSONTranslator] Unable to look up field name for input fieldproperty_value
[08:23:41.288443 ERROR] [epJSONTranslator] Unable to look up field name for input fieldproperty_value
[08:23:41.288449 ERROR] [epJSONTranslator] Unable to look up field name for input fieldproperty_value
[08:23:41.288455 ERROR] [epJSONTranslator] Unable to look up field name for input fieldproperty_value
[08:23:41.288462 ERROR] [epJSONTranslator] Unable to look up field name for input fieldproperty_value
[08:23:41.288470 ERROR] [epJSONTranslator] Unable to look up field name for input fieldproperty_value
[08:23:41.288475 ERROR] [epJSONTranslator] Unable to look up field name for input fieldproperty_value
[08:23:41.288482 ERROR] [epJSONTranslator] Unable to look up field name for input fieldproperty_value
[08:23:41.288489 ERROR] [epJSONTranslator] Unable to look up field name for input fieldproperty_value
[08:23:41.288495 ERROR] [epJSONTranslator] Unable to look up field name for input fieldproperty_value
[08:23:41.288501 ERROR] [epJSONTranslator] Unable to look up field name for input fieldproperty_value
[08:23:41.288506 ERROR] [epJSONTranslator] Unable to look up field name for input fieldproperty_value
[08:23:41.288513 ERROR] [epJSONTranslator] Unable to look up field name for input fieldproperty_value
[08:23:41.288520 ERROR] [epJSONTranslator] Unable to look up field name for input fieldproperty_value
[08:23:41.288526 ERROR] [epJSONTranslator] Unable to look up field name for input fieldproperty_value
[08:23:41.288533 ERROR] [epJSONTranslator] Unable to look up field name for input fieldproperty_value
[08:23:41.288540 ERROR] [epJSONTranslator] Unable to look up field name for input fieldproperty_value
[08:23:41.288545 ERROR] [epJSONTranslator] Unable to look up field name for input fieldproperty_value
[08:23:41.288553 ERROR] [epJSONTranslator] Unable to look up field name for input fieldproperty_value
[08:23:41.288559 ERROR] [epJSONTranslator] Unable to look up field name for input fieldproperty_value
[08:23:41.288565 ERROR] [epJSONTranslator] Unable to look up field name for input fieldproperty_value
[08:23:41.288570 ERROR] [epJSONTranslator] Unable to look up field name for input fieldproperty_value
[08:23:41.288576 ERROR] [epJSONTranslator] Unable to look up field name for input fieldproperty_value
[08:23:41.288582 ERROR] [epJSONTranslator] Unable to look up field name for input fieldproperty_value
[08:23:41.288588 ERROR] [epJSONTranslator] Unable to look up field name for input fieldproperty_value
[08:23:41.288595 ERROR] [epJSONTranslator] Unable to look up field name for input fieldproperty_value
[08:23:41.288602 ERROR] [epJSONTranslator] Unable to look up field name for input fieldproperty_value
[08:23:41.288608 ERROR] [epJSONTranslator] Unable to look up field name for input fieldproperty_value
[08:23:41.288614 ERROR] [epJSONTranslator] Unable to look up field name for input fieldproperty_value
[08:23:41.288621 ERROR] [epJSONTranslator] Unable to look up field name for input fieldproperty_value
[08:23:41.288634 ERROR] [epJSONTranslator] Unable to look up field name for input fieldproperty_value
[08:23:41.288641 ERROR] [epJSONTranslator] Unable to look up field name for input fieldproperty_value
[08:23:41.288647 ERROR] [epJSONTranslator] Unable to look up field name for input fieldproperty_value
[08:23:41.288654 ERROR] [epJSONTranslator] Unable to look up field name for input fieldproperty_value
[08:23:41.288661 ERROR] [epJSONTranslator] Unable to look up field name for input fieldproperty_value
[08:23:41.288668 ERROR] [epJSONTranslator] Unable to look up field name for input fieldproperty_value
[08:23:41.288673 ERROR] [epJSONTranslator] Unable to look up field name for input fieldproperty_value
[08:23:41.288679 ERROR] [epJSONTranslator] Unable to look up field name for input fieldproperty_value
[08:23:41.288685 ERROR] [epJSONTranslator] Unable to look up field name for input fieldproperty_value
[08:23:41.288691 ERROR] [epJSONTranslator] Unable to look up field name for input fieldproperty_value
[08:23:41.288697 ERROR] [epJSONTranslator] Unable to look up field name for input fieldproperty_value
[08:23:41.288702 ERROR] [epJSONTranslator] Unable to look up field name for input fieldproperty_value
[08:23:41.288710 ERROR] [epJSONTranslator] Unable to look up field name for input fieldproperty_value
[08:23:41.288716 ERROR] [epJSONTranslator] Unable to look up field name for input fieldproperty_value
[08:23:41.288722 ERROR] [epJSONTranslator] Unable to look up field name for input fieldproperty_value
[08:23:41.288728 ERROR] [epJSONTranslator] Unable to look up field name for input fieldproperty_value
[08:23:41.288734 ERROR] [epJSONTranslator] Unable to look up field name for input fieldproperty_value
[08:23:41.288739 ERROR] [epJSONTranslator] Unable to look up field name for input fieldproperty_value
[08:23:41.288746 ERROR] [epJSONTranslator] Unable to look up field name for input fieldproperty_value
[08:23:41.288753 ERROR] [epJSONTranslator] Unable to look up field name for input fieldproperty_value
[08:23:41.288761 ERROR] [epJSONTranslator] Unable to look up field name for input fieldproperty_value
[08:23:41.288766 ERROR] [epJSONTranslator] Unable to look up field name for input fieldproperty_value
[08:23:41.288772 ERROR] [epJSONTranslator] Unable to look up field name for input fieldproperty_value
[08:23:41.288779 ERROR] [epJSONTranslator] Unable to look up field name for input fieldproperty_value
[08:23:41.288786 ERROR] [epJSONTranslator] Unable to look up field name for input fieldproperty_value
[08:23:41.288794 ERROR] [epJSONTranslator] Unable to look up field name for input fieldproperty_value
[08:23:41.288800 ERROR] [epJSONTranslator] Unable to look up field name for input fieldproperty_value
[08:23:41.288806 ERROR] [epJSONTranslator] Unable to look up field name for input fieldproperty_value
[08:23:41.288812 ERROR] [epJSONTranslator] Unable to look up field name for input fieldproperty_value
[08:23:41.288818 ERROR] [epJSONTranslator] Unable to look up field name for input fieldproperty_value
[08:23:41.288826 ERROR] [epJSONTranslator] Unable to look up field name for input fieldproperty_value
[08:23:41.288833 ERROR] [epJSONTranslator] Unable to look up field name for input fieldproperty_value
[08:23:41.288840 ERROR] [epJSONTranslator] Unable to look up field name for input fieldproperty_value
[08:23:41.288848 ERROR] [epJSONTranslator] Unable to look up field name for input fieldproperty_value
[08:23:41.288856 ERROR] [epJSONTranslator] Unable to look up field name for input fieldproperty_value
[08:23:41.288862 ERROR] [epJSONTranslator] Unable to look up field name for input fieldproperty_value
[08:23:41.288868 ERROR] [epJSONTranslator] Unable to look up field name for input fieldproperty_value
[08:23:41.288873 ERROR] [epJSONTranslator] Unable to look up field name for input fieldproperty_value
[08:23:41.288879 ERROR] [epJSONTranslator] Unable to look up field name for input fieldproperty_value
[08:23:41.288885 ERROR] [epJSONTranslator] Unable to look up field name for input fieldproperty_value
[08:23:41.288891 ERROR] [epJSONTranslator] Unable to look up field name for input fieldproperty_value
[08:23:41.288898 ERROR] [epJSONTranslator] Unable to look up field name for input fieldproperty_value
[08:23:41.288903 ERROR] [epJSONTranslator] Unable to look up field name for input fieldproperty_value
[08:23:41.288909 ERROR] [epJSONTranslator] Unable to look up field name for input fieldproperty_value
[08:23:41.288914 ERROR] [epJSONTranslator] Unable to look up field name for input fieldproperty_value
[08:23:41.288928 ERROR] [epJSONTranslator] Unable to look up field name for input fieldproperty_value
[08:23:41.288936 ERROR] [epJSONTranslator] Unable to look up field name for input fieldproperty_value
[08:23:41.288943 ERROR] [epJSONTranslator] Unable to look up field name for input fieldproperty_value
[08:23:41.288949 ERROR] [epJSONTranslator] Unable to look up field name for input fieldproperty_value
[08:23:41.288956 ERROR] [epJSONTranslator] Unable to look up field name for input fieldproperty_value
[08:23:41.288962 ERROR] [epJSONTranslator] Unable to look up field name for input fieldproperty_value
[08:23:41.288968 ERROR] [epJSONTranslator] Unable to look up field name for input fieldproperty_value
[08:23:41.288974 ERROR] [epJSONTranslator] Unable to look up field name for input fieldproperty_value
[08:23:41.288980 ERROR] [epJSONTranslator] Unable to look up field name for input fieldproperty_value
[08:23:41.288986 ERROR] [epJSONTranslator] Unable to look up field name for input fieldproperty_value
[08:23:41.288992 ERROR] [epJSONTranslator] Unable to look up field name for input fieldproperty_value
[08:23:41.288999 ERROR] [epJSONTranslator] Unable to look up field name for input fieldproperty_value
[08:23:41.289006 ERROR] [epJSONTranslator] Unable to look up field name for input fieldproperty_value
[08:23:41.289012 ERROR] [epJSONTranslator] Unable to look up field name for input fieldproperty_value
[08:23:41.289019 ERROR] [epJSONTranslator] Unable to look up field name for input fieldproperty_value
[08:23:41.289026 ERROR] [epJSONTranslator] Unable to look up field name for input fieldproperty_value
[08:23:41.289032 ERROR] [epJSONTranslator] Unable to look up field name for input fieldproperty_value
[08:23:41.289039 ERROR] [epJSONTranslator] Unable to look up field name for input fieldproperty_value
[08:23:41.289045 ERROR] [epJSONTranslator] Unable to look up field name for input fieldproperty_value
[08:23:41.289050 ERROR] [epJSONTranslator] Unable to look up field name for input fieldproperty_value
[08:23:41.289057 ERROR] [epJSONTranslator] Unable to look up field name for input fieldproperty_value
[08:23:41.289063 ERROR] [epJSONTranslator] Unable to look up field name for input fieldproperty_value
[08:23:41.289069 ERROR] [epJSONTranslator] Unable to look up field name for input fieldproperty_value
[08:23:41.289075 ERROR] [epJSONTranslator] Unable to look up field name for input fieldproperty_value
[08:23:41.289080 ERROR] [epJSONTranslator] Unable to look up field name for input fieldproperty_value
[08:23:41.289088 ERROR] [epJSONTranslator] Unable to look up field name for input fieldproperty_value
[08:23:41.289095 ERROR] [epJSONTranslator] Unable to look up field name for input fieldproperty_value
[08:23:41.289100 ERROR] [epJSONTranslator] Unable to look up field name for input fieldproperty_value
[08:23:41.289107 ERROR] [epJSONTranslator] Unable to look up field name for input fieldproperty_value
[08:23:41.289113 ERROR] [epJSONTranslator] Unable to look up field name for input fieldproperty_value
[08:23:41.289120 ERROR] [epJSONTranslator] Unable to look up field name for input fieldproperty_value
[08:23:41.289127 ERROR] [epJSONTranslator] Unable to look up field name for input fieldproperty_value
[08:23:41.289133 ERROR] [epJSONTranslator] Unable to look up field name for input fieldproperty_value
[08:23:41.289138 ERROR] [epJSONTranslator] Unable to look up field name for input fieldproperty_value
[08:23:41.289144 ERROR] [epJSONTranslator] Unable to look up field name for input fieldproperty_value
[08:23:41.289150 ERROR] [epJSONTranslator] Unable to look up field name for input fieldproperty_value
[08:23:41.289156 ERROR] [epJSONTranslator] Unable to look up field name for input fieldproperty_value
[08:23:41.289162 ERROR] [epJSONTranslator] Unable to look up field name for input fieldproperty_value
[08:23:41.289168 ERROR] [epJSONTranslator] Unable to look up field name for input fieldproperty_value
[08:23:41.289175 ERROR] [epJSONTranslator] Unable to look up field name for input fieldproperty_value
[08:23:41.289181 ERROR] [epJSONTranslator] Unable to look up field name for input fieldproperty_value
[08:23:41.289187 ERROR] [epJSONTranslator] Unable to look up field name for input fieldproperty_value
[08:23:41.289192 ERROR] [epJSONTranslator] Unable to look up field name for input fieldproperty_value
[08:23:41.289198 ERROR] [epJSONTranslator] Unable to look up field name for input fieldproperty_value
[08:23:41.289203 ERROR] [epJSONTranslator] Unable to look up field name for input fieldproperty_value
[08:23:41.289216 ERROR] [epJSONTranslator] Unable to look up field name for input fieldproperty_value
[08:23:41.289224 ERROR] [epJSONTranslator] Unable to look up field name for input fieldproperty_value
[08:23:41.289231 ERROR] [epJSONTranslator] Unable to look up field name for input fieldproperty_value
[08:23:41.289238 ERROR] [epJSONTranslator] Unable to look up field name for input fieldproperty_value
[08:23:41.289245 ERROR] [epJSONTranslator] Unable to look up field name for input fieldproperty_value
[08:23:41.289250 ERROR] [epJSONTranslator] Unable to look up field name for input fieldproperty_value
[08:23:41.289256 ERROR] [epJSONTranslator] Unable to look up field name for input fieldproperty_value
[08:23:41.289262 ERROR] [epJSONTranslator] Unable to look up field name for input fieldproperty_value
[08:23:41.289268 ERROR] [epJSONTranslator] Unable to look up field name for input fieldproperty_value
[08:23:41.289273 ERROR] [epJSONTranslator] Unable to look up field name for input fieldproperty_value
[08:23:41.289280 ERROR] [epJSONTranslator] Unable to look up field name for input fieldproperty_value
[08:23:41.289286 ERROR] [epJSONTranslator] Unable to look up field name for input fieldproperty_value
[08:23:41.289292 ERROR] [epJSONTranslator] Unable to look up field name for input fieldproperty_value
[08:23:41.289298 ERROR] [epJSONTranslator] Unable to look up field name for input fieldproperty_value
[08:23:41.289303 ERROR] [epJSONTranslator] Unable to look up field name for input fieldproperty_value
[08:23:41.289309 ERROR] [epJSONTranslator] Unable to look up field name for input fieldproperty_value
[08:23:41.289316 ERROR] [epJSONTranslator] Unable to look up field name for input fieldproperty_value
[08:23:41.289322 ERROR] [epJSONTranslator] Unable to look up field name for input fieldproperty_value
[08:23:41.289328 ERROR] [epJSONTranslator] Unable to look up field name for input fieldproperty_value
[08:23:41.289334 ERROR] [epJSONTranslator] Unable to look up field name for input fieldproperty_value
[08:23:41.289340 ERROR] [epJSONTranslator] Unable to look up field name for input fieldproperty_value
[08:23:41.289345 ERROR] [epJSONTranslator] Unable to look up field name for input fieldproperty_value
[08:23:41.289351 ERROR] [epJSONTranslator] Unable to look up field name for input fieldproperty_value
[08:23:41.289358 ERROR] [epJSONTranslator] Unable to look up field name for input fieldproperty_value
[08:23:41.289364 ERROR] [epJSONTranslator] Unable to look up field name for input fieldproperty_value
[08:23:41.289370 ERROR] [epJSONTranslator] Unable to look up field name for input fieldproperty_value
[08:23:41.289375 ERROR] [epJSONTranslator] Unable to look up field name for input fieldproperty_value
[08:23:41.289381 ERROR] [epJSONTranslator] Unable to look up field name for input fieldproperty_value
[08:23:41.289386 ERROR] [epJSONTranslator] Unable to look up field name for input fieldproperty_value
[08:23:41.289392 ERROR] [epJSONTranslator] Unable to look up field name for input fieldproperty_value
[08:23:41.289398 ERROR] [epJSONTranslator] Unable to look up field name for input fieldproperty_value
[08:23:41.289403 ERROR] [epJSONTranslator] Unable to look up field name for input fieldproperty_value
[08:23:41.289409 ERROR] [epJSONTranslator] Unable to look up field name for input fieldproperty_value
[08:23:41.289414 ERROR] [epJSONTranslator] Unable to look up field name for input fieldproperty_value
[08:23:41.289420 ERROR] [epJSONTranslator] Unable to look up field name for input fieldproperty_value
[08:23:41.289426 ERROR] [epJSONTranslator] Unable to look up field name for input fieldproperty_value
[08:23:41.289431 ERROR] [epJSONTranslator] Unable to look up field name for input fieldproperty_value
[08:23:41.289437 ERROR] [epJSONTranslator] Unable to look up field name for input fieldproperty_value
[08:23:41.289443 ERROR] [epJSONTranslator] Unable to look up field name for input fieldproperty_value
[08:23:41.289451 ERROR] [epJSONTranslator] Unable to look up field name for input fieldproperty_value
[08:23:41.289459 ERROR] [epJSONTranslator] Unable to look up field name for input fieldproperty_value
[08:23:41.289466 ERROR] [epJSONTranslator] Unable to look up field name for input fieldproperty_value
[08:23:41.289473 ERROR] [epJSONTranslator] Unable to look up field name for input fieldproperty_value
[08:23:41.289479 ERROR] [epJSONTranslator] Unable to look up field name for input fieldproperty_value
[08:23:41.289484 ERROR] [epJSONTranslator] Unable to look up field name for input fieldproperty_value
[08:23:41.289497 ERROR] [epJSONTranslator] Unable to look up field name for input fieldproperty_value
[08:23:41.289503 ERROR] [epJSONTranslator] Unable to look up field name for input fieldproperty_value
[08:23:41.289509 ERROR] [epJSONTranslator] Unable to look up field name for input fieldproperty_value
[08:23:41.289515 ERROR] [epJSONTranslator] Unable to look up field name for input fieldproperty_value
[08:23:41.289522 ERROR] [epJSONTranslator] Unable to look up field name for input fieldproperty_value
[08:23:41.289529 ERROR] [epJSONTranslator] Unable to look up field name for input fieldproperty_value
[08:23:41.289536 ERROR] [epJSONTranslator] Unable to look up field name for input fieldproperty_value
[08:23:41.289542 ERROR] [epJSONTranslator] Unable to look up field name for input fieldproperty_value
[08:23:41.289548 ERROR] [epJSONTranslator] Unable to look up field name for input fieldproperty_value
[08:23:41.289554 ERROR] [epJSONTranslator] Unable to look up field name for input fieldproperty_value
[08:23:41.289559 ERROR] [epJSONTranslator] Unable to look up field name for input fieldproperty_value
[08:23:41.289565 ERROR] [epJSONTranslator] Unable to look up field name for input fieldproperty_value
[08:23:41.289571 ERROR] [epJSONTranslator] Unable to look up field name for input fieldproperty_value
[08:23:41.289577 ERROR] [epJSONTranslator] Unable to look up field name for input fieldproperty_value
[08:23:41.289583 ERROR] [epJSONTranslator] Unable to look up field name for input fieldproperty_value
[08:23:41.289588 ERROR] [epJSONTranslator] Unable to look up field name for input fieldproperty_value
[08:23:41.289594 ERROR] [epJSONTranslator] Unable to look up field name for input fieldproperty_value
[08:23:41.289599 ERROR] [epJSONTranslator] Unable to look up field name for input fieldproperty_value
[08:23:41.289605 ERROR] [epJSONTranslator] Unable to look up field name for input fieldproperty_value
[08:23:41.289611 ERROR] [epJSONTranslator] Unable to look up field name for input fieldproperty_value
[08:23:41.289617 ERROR] [epJSONTranslator] Unable to look up field name for input fieldproperty_value
[08:23:41.289623 ERROR] [epJSONTranslator] Unable to look up field name for input fieldproperty_value
[08:23:41.289628 ERROR] [epJSONTranslator] Unable to look up field name for input fieldproperty_value
[08:23:41.289634 ERROR] [epJSONTranslator] Unable to look up field name for input fieldproperty_value
[08:23:41.289640 ERROR] [epJSONTranslator] Unable to look up field name for input fieldproperty_value
[08:23:41.289646 ERROR] [epJSONTranslator] Unable to look up field name for input fieldproperty_value
[08:23:41.289652 ERROR] [epJSONTranslator] Unable to look up field name for input fieldproperty_value
[08:23:41.289658 ERROR] [epJSONTranslator] Unable to look up field name for input fieldproperty_value
[08:23:41.289663 ERROR] [epJSONTranslator] Unable to look up field name for input fieldproperty_value
[08:23:41.289669 ERROR] [epJSONTranslator] Unable to look up field name for input fieldproperty_value
[08:23:41.289675 ERROR] [epJSONTranslator] Unable to look up field name for input fieldproperty_value
[08:23:41.289681 ERROR] [epJSONTranslator] Unable to look up field name for input fieldproperty_value
[08:23:41.289687 ERROR] [epJSONTranslator] Unable to look up field name for input fieldproperty_value
[08:23:41.289692 ERROR] [epJSONTranslator] Unable to look up field name for input fieldproperty_value
[08:23:41.289698 ERROR] [epJSONTranslator] Unable to look up field name for input fieldproperty_value
[08:23:41.289707 ERROR] [epJSONTranslator] Unable to look up field name for input fieldproperty_value
[08:23:41.289715 ERROR] [epJSONTranslator] Unable to look up field name for input fieldproperty_value
[08:23:41.289723 ERROR] [epJSONTranslator] Unable to look up field name for input fieldproperty_value
[08:23:41.289729 ERROR] [epJSONTranslator] Unable to look up field name for input fieldproperty_value
[08:23:41.289735 ERROR] [epJSONTranslator] Unable to look up field name for input fieldproperty_value
[08:23:41.289744 ERROR] [epJSONTranslator] Unable to look up field name for input fieldproperty_value
[08:23:41.289752 ERROR] [epJSONTranslator] Unable to look up field name for input fieldproperty_value
[08:23:41.289760 ERROR] [epJSONTranslator] Unable to look up field name for input fieldproperty_value
[08:23:41.289767 ERROR] [epJSONTranslator] Unable to look up field name for input fieldproperty_value
[08:23:41.289773 ERROR] [epJSONTranslator] Unable to look up field name for input fieldproperty_value
[08:23:41.289786 ERROR] [epJSONTranslator] Unable to look up field name for input fieldproperty_value
[08:23:41.289792 ERROR] [epJSONTranslator] Unable to look up field name for input fieldproperty_value
[08:23:41.289798 ERROR] [epJSONTranslator] Unable to look up field name for input fieldproperty_value
[08:23:41.289804 ERROR] [epJSONTranslator] Unable to look up field name for input fieldproperty_value
[08:23:41.289810 ERROR] [epJSONTranslator] Unable to look up field name for input fieldproperty_value
[08:23:41.289815 ERROR] [epJSONTranslator] Unable to look up field name for input fieldproperty_value
[08:23:41.289821 ERROR] [epJSONTranslator] Unable to look up field name for input fieldproperty_value
[08:23:41.289827 ERROR] [epJSONTranslator] Unable to look up field name for input fieldproperty_value
[08:23:41.289833 ERROR] [epJSONTranslator] Unable to look up field name for input fieldproperty_value
[08:23:41.289838 ERROR] [epJSONTranslator] Unable to look up field name for input fieldproperty_value
[08:23:41.289844 ERROR] [epJSONTranslator] Unable to look up field name for input fieldproperty_value
[08:23:41.289850 ERROR] [epJSONTranslator] Unable to look up field name for input fieldproperty_value
[08:23:41.289855 ERROR] [epJSONTranslator] Unable to look up field name for input fieldproperty_value
[08:23:41.289861 ERROR] [epJSONTranslator] Unable to look up field name for input fieldproperty_value
[08:23:41.289867 ERROR] [epJSONTranslator] Unable to look up field name for input fieldproperty_value
[08:23:41.289873 ERROR] [epJSONTranslator] Unable to look up field name for input fieldproperty_value
[08:23:41.289878 ERROR] [epJSONTranslator] Unable to look up field name for input fieldproperty_value
[08:23:41.289884 ERROR] [epJSONTranslator] Unable to look up field name for input fieldproperty_value
[08:23:41.289890 ERROR] [epJSONTranslator] Unable to look up field name for input fieldproperty_value
[08:23:41.289895 ERROR] [epJSONTranslator] Unable to look up field name for input fieldproperty_value
[08:23:41.289902 ERROR] [epJSONTranslator] Unable to look up field name for input fieldproperty_value
[08:23:41.289908 ERROR] [epJSONTranslator] Unable to look up field name for input fieldproperty_value
[08:23:41.289914 ERROR] [epJSONTranslator] Unable to look up field name for input fieldproperty_value
[08:23:41.289920 ERROR] [epJSONTranslator] Unable to look up field name for input fieldproperty_value
[08:23:41.289925 ERROR] [epJSONTranslator] Unable to look up field name for input fieldproperty_value
[08:23:41.289931 ERROR] [epJSONTranslator] Unable to look up field name for input fieldproperty_value
[08:23:41.289937 ERROR] [epJSONTranslator] Unable to look up field name for input fieldproperty_value
[08:23:41.289942 ERROR] [epJSONTranslator] Unable to look up field name for input fieldproperty_value
[08:23:41.289948 ERROR] [epJSONTranslator] Unable to look up field name for input fieldproperty_value
[08:23:41.289955 ERROR] [epJSONTranslator] Unable to look up field name for input fieldproperty_value
[08:23:41.289961 ERROR] [epJSONTranslator] Unable to look up field name for input fieldproperty_value
[08:23:41.289967 ERROR] [epJSONTranslator] Unable to look up field name for input fieldproperty_value
[08:23:41.289972 ERROR] [epJSONTranslator] Unable to look up field name for input fieldproperty_value
[08:23:41.289978 ERROR] [epJSONTranslator] Unable to look up field name for input fieldproperty_value
[08:23:41.289985 ERROR] [epJSONTranslator] Unable to look up field name for input fieldproperty_value
[08:23:41.289990 ERROR] [epJSONTranslator] Unable to look up field name for input fieldproperty_value
[08:23:41.289997 ERROR] [epJSONTranslator] Unable to look up field name for input fieldproperty_value
[08:23:41.290003 ERROR] [epJSONTranslator] Unable to look up field name for input fieldproperty_value
[08:23:41.290010 ERROR] [epJSONTranslator] Unable to look up field name for input fieldproperty_value
[08:23:41.290016 ERROR] [epJSONTranslator] Unable to look up field name for input fieldproperty_value
[08:23:41.290022 ERROR] [epJSONTranslator] Unable to look up field name for input fieldproperty_value
[08:23:41.290027 ERROR] [epJSONTranslator] Unable to look up field name for input fieldproperty_value
[08:23:41.290033 ERROR] [epJSONTranslator] Unable to look up field name for input fieldproperty_value
[08:23:41.290039 ERROR] [epJSONTranslator] Unable to look up field name for input fieldproperty_value
[08:23:41.290044 ERROR] [epJSONTranslator] Unable to look up field name for input fieldproperty_value
[08:23:41.290057 ERROR] [epJSONTranslator] Unable to look up field name for input fieldproperty_value
[08:23:41.290063 ERROR] [epJSONTranslator] Unable to look up field name for input fieldproperty_value
[08:23:41.290070 ERROR] [epJSONTranslator] Unable to look up field name for input fieldproperty_value
[08:23:41.290076 ERROR] [epJSONTranslator] Unable to look up field name for input fieldproperty_value
[08:23:41.290082 ERROR] [epJSONTranslator] Unable to look up field name for input fieldproperty_value
[08:23:41.290089 ERROR] [epJSONTranslator] Unable to look up field name for input fieldproperty_value
[08:23:41.290094 ERROR] [epJSONTranslator] Unable to look up field name for input fieldproperty_value
[08:23:41.290100 ERROR] [epJSONTranslator] Unable to look up field name for input fieldproperty_value
[08:23:41.290107 ERROR] [epJSONTranslator] Unable to look up field name for input fieldproperty_value
[08:23:41.290113 ERROR] [epJSONTranslator] Unable to look up field name for input fieldproperty_value
[08:23:41.290118 ERROR] [epJSONTranslator] Unable to look up field name for input fieldproperty_value
[08:23:41.290124 ERROR] [epJSONTranslator] Unable to look up field name for input fieldproperty_value
[08:23:41.290130 ERROR] [epJSONTranslator] Unable to look up field name for input fieldproperty_value
[08:23:41.290136 ERROR] [epJSONTranslator] Unable to look up field name for input fieldproperty_value
[08:23:41.290141 ERROR] [epJSONTranslator] Unable to look up field name for input fieldproperty_value
[08:23:41.290147 ERROR] [epJSONTranslator] Unable to look up field name for input fieldproperty_value
[08:23:41.290153 ERROR] [epJSONTranslator] Unable to look up field name for input fieldproperty_value
[08:23:41.290158 ERROR] [epJSONTranslator] Unable to look up field name for input fieldproperty_value
[08:23:41.290164 ERROR] [epJSONTranslator] Unable to look up field name for input fieldproperty_value
[08:23:41.290169 ERROR] [epJSONTranslator] Unable to look up field name for input fieldproperty_value
[08:23:41.290175 ERROR] [epJSONTranslator] Unable to look up field name for input fieldproperty_value
[08:23:41.290181 ERROR] [epJSONTranslator] Unable to look up field name for input fieldproperty_value
[08:23:41.290186 ERROR] [epJSONTranslator] Unable to look up field name for input fieldproperty_value
[08:23:41.290192 ERROR] [epJSONTranslator] Unable to look up field name for input fieldproperty_value
[08:23:41.290198 ERROR] [epJSONTranslator] Unable to look up field name for input fieldproperty_value
[08:23:41.290203 ERROR] [epJSONTranslator] Unable to look up field name for input fieldproperty_value
[08:23:41.290209 ERROR] [epJSONTranslator] Unable to look up field name for input fieldproperty_value
[08:23:41.290214 ERROR] [epJSONTranslator] Unable to look up field name for input fieldproperty_value
[08:23:41.290220 ERROR] [epJSONTranslator] Unable to look up field name for input fieldproperty_value
[08:23:41.290226 ERROR] [epJSONTranslator] Unable to look up field name for input fieldproperty_value
[08:23:41.290231 ERROR] [epJSONTranslator] Unable to look up field name for input fieldproperty_value
[08:23:41.290237 ERROR] [epJSONTranslator] Unable to look up field name for input fieldproperty_value
[08:23:41.290243 ERROR] [epJSONTranslator] Unable to look up field name for input fieldproperty_value
[08:23:41.290248 ERROR] [epJSONTranslator] Unable to look up field name for input fieldproperty_value
[08:23:41.290254 ERROR] [epJSONTranslator] Unable to look up field name for input fieldproperty_value
[08:23:41.290260 ERROR] [epJSONTranslator] Unable to look up field name for input fieldproperty_value
[08:23:41.290265 ERROR] [epJSONTranslator] Unable to look up field name for input fieldproperty_value
[08:23:41.290271 ERROR] [epJSONTranslator] Unable to look up field name for input fieldproperty_value
[08:23:41.290277 ERROR] [epJSONTranslator] Unable to look up field name for input fieldproperty_value
[08:23:41.290282 ERROR] [epJSONTranslator] Unable to look up field name for input fieldproperty_value
[08:23:41.290288 ERROR] [epJSONTranslator] Unable to look up field name for input fieldproperty_value
[08:23:41.290293 ERROR] [epJSONTranslator] Unable to look up field name for input fieldproperty_value
[08:23:41.290299 ERROR] [epJSONTranslator] Unable to look up field name for input fieldproperty_value
[08:23:41.290305 ERROR] [epJSONTranslator] Unable to look up field name for input fieldproperty_value
[08:23:41.290310 ERROR] [epJSONTranslator] Unable to look up field name for input fieldproperty_value
[08:23:41.290323 ERROR] [epJSONTranslator] Unable to look up field name for input fieldproperty_value
[08:23:41.290329 ERROR] [epJSONTranslator] Unable to look up field name for input fieldproperty_value
[08:23:41.290335 ERROR] [epJSONTranslator] Unable to look up field name for input fieldproperty_value
[08:23:41.290340 ERROR] [epJSONTranslator] Unable to look up field name for input fieldproperty_value
[08:23:41.290346 ERROR] [epJSONTranslator] Unable to look up field name for input fieldproperty_value
[08:23:41.290352 ERROR] [epJSONTranslator] Unable to look up field name for input fieldproperty_value
[08:23:41.290357 ERROR] [epJSONTranslator] Unable to look up field name for input fieldproperty_value
[08:23:41.290363 ERROR] [epJSONTranslator] Unable to look up field name for input fieldproperty_value
[08:23:41.290368 ERROR] [epJSONTranslator] Unable to look up field name for input fieldproperty_value
[08:23:41.290374 ERROR] [epJSONTranslator] Unable to look up field name for input fieldproperty_value
[08:23:41.290380 ERROR] [epJSONTranslator] Unable to look up field name for input fieldproperty_value
[08:23:41.290385 ERROR] [epJSONTranslator] Unable to look up field name for input fieldproperty_value
[08:23:41.290391 ERROR] [epJSONTranslator] Unable to look up field name for input fieldproperty_value
[08:23:41.290397 ERROR] [epJSONTranslator] Unable to look up field name for input fieldproperty_value
[08:23:41.290402 ERROR] [epJSONTranslator] Unable to look up field name for input fieldproperty_value
[08:23:41.290408 ERROR] [epJSONTranslator] Unable to look up field name for input fieldproperty_value
[08:23:41.290413 ERROR] [epJSONTranslator] Unable to look up field name for input fieldproperty_value
[08:23:41.290419 ERROR] [epJSONTranslator] Unable to look up field name for input fieldproperty_value
[08:23:41.290425 ERROR] [epJSONTranslator] Unable to look up field name for input fieldproperty_value
[08:23:41.290430 ERROR] [epJSONTranslator] Unable to look up field name for input fieldproperty_value
[08:23:41.290436 ERROR] [epJSONTranslator] Unable to look up field name for input fieldproperty_value
[08:23:41.290441 ERROR] [epJSONTranslator] Unable to look up field name for input fieldproperty_value
[08:23:41.290447 ERROR] [epJSONTranslator] Unable to look up field name for input fieldproperty_value
[08:23:41.290453 ERROR] [epJSONTranslator] Unable to look up field name for input fieldproperty_value
[08:23:41.290458 ERROR] [epJSONTranslator] Unable to look up field name for input fieldproperty_value
[08:23:41.290464 ERROR] [epJSONTranslator] Unable to look up field name for input fieldproperty_value
[08:23:41.290470 ERROR] [epJSONTranslator] Unable to look up field name for input fieldproperty_value
[08:23:41.290475 ERROR] [epJSONTranslator] Unable to look up field name for input fieldproperty_value
[08:23:41.290481 ERROR] [epJSONTranslator] Unable to look up field name for input fieldproperty_value
[08:23:41.290486 ERROR] [epJSONTranslator] Unable to look up field name for input fieldproperty_value
[08:23:41.290492 ERROR] [epJSONTranslator] Unable to look up field name for input fieldproperty_value
[08:23:41.290498 ERROR] [epJSONTranslator] Unable to look up field name for input fieldproperty_value
[08:23:41.290503 ERROR] [epJSONTranslator] Unable to look up field name for input fieldproperty_value
[08:23:41.290509 ERROR] [epJSONTranslator] Unable to look up field name for input fieldproperty_value
[08:23:41.290514 ERROR] [epJSONTranslator] Unable to look up field name for input fieldproperty_value
[08:23:41.290520 ERROR] [epJSONTranslator] Unable to look up field name for input fieldproperty_value
[08:23:41.290525 ERROR] [epJSONTranslator] Unable to look up field name for input fieldproperty_value
[08:23:41.290531 ERROR] [epJSONTranslator] Unable to look up field name for input fieldproperty_value
[08:23:41.290537 ERROR] [epJSONTranslator] Unable to look up field name for input fieldproperty_value
[08:23:41.290543 ERROR] [epJSONTranslator] Unable to look up field name for input fieldproperty_value
[08:23:41.290549 ERROR] [epJSONTranslator] Unable to look up field name for input fieldproperty_value
[08:23:41.290555 ERROR] [epJSONTranslator] Unable to look up field name for input fieldproperty_value
[08:23:41.290561 ERROR] [epJSONTranslator] Unable to look up field name for input fieldproperty_value
[08:23:41.290566 ERROR] [epJSONTranslator] Unable to look up field name for input fieldproperty_value
[08:23:41.290572 ERROR] [epJSONTranslator] Unable to look up field name for input fieldproperty_value
[08:23:41.290585 ERROR] [epJSONTranslator] Unable to look up field name for input fieldproperty_value
[08:23:41.290591 ERROR] [epJSONTranslator] Unable to look up field name for input fieldproperty_value
[08:23:41.290596 ERROR] [epJSONTranslator] Unable to look up field name for input fieldproperty_value
[08:23:41.290602 ERROR] [epJSONTranslator] Unable to look up field name for input fieldproperty_value
[08:23:41.290608 ERROR] [epJSONTranslator] Unable to look up field name for input fieldproperty_value
[08:23:41.290614 ERROR] [epJSONTranslator] Unable to look up field name for input fieldproperty_value
[08:23:41.290620 ERROR] [epJSONTranslator] Unable to look up field name for input fieldproperty_value
[08:23:41.290626 ERROR] [epJSONTranslator] Unable to look up field name for input fieldproperty_value
[08:23:41.290632 ERROR] [epJSONTranslator] Unable to look up field name for input fieldproperty_value
[08:23:41.290638 ERROR] [epJSONTranslator] Unable to look up field name for input fieldproperty_value
[08:23:41.290645 ERROR] [epJSONTranslator] Unable to look up field name for input fieldproperty_value
[08:23:41.290651 ERROR] [epJSONTranslator] Unable to look up field name for input fieldproperty_value
[08:23:41.290656 ERROR] [epJSONTranslator] Unable to look up field name for input fieldproperty_value
[08:23:41.290663 ERROR] [epJSONTranslator] Unable to look up field name for input fieldproperty_value
[08:23:41.290668 ERROR] [epJSONTranslator] Unable to look up field name for input fieldproperty_value
[08:23:41.290674 ERROR] [epJSONTranslator] Unable to look up field name for input fieldproperty_value
[08:23:41.290680 ERROR] [epJSONTranslator] Unable to look up field name for input fieldproperty_value
[08:23:41.290685 ERROR] [epJSONTranslator] Unable to look up field name for input fieldproperty_value
[08:23:41.290691 ERROR] [epJSONTranslator] Unable to look up field name for input fieldproperty_value
[08:23:41.290697 ERROR] [epJSONTranslator] Unable to look up field name for input fieldproperty_value
[08:23:41.290702 ERROR] [epJSONTranslator] Unable to look up field name for input fieldproperty_value
[08:23:41.290708 ERROR] [epJSONTranslator] Unable to look up field name for input fieldproperty_value
[08:23:41.290714 ERROR] [epJSONTranslator] Unable to look up field name for input fieldproperty_value
[08:23:41.290719 ERROR] [epJSONTranslator] Unable to look up field name for input fieldproperty_value
[08:23:41.290725 ERROR] [epJSONTranslator] Unable to look up field name for input fieldproperty_value
[08:23:41.290731 ERROR] [epJSONTranslator] Unable to look up field name for input fieldproperty_value
[08:23:41.290737 ERROR] [epJSONTranslator] Unable to look up field name for input fieldproperty_value
[08:23:41.290742 ERROR] [epJSONTranslator] Unable to look up field name for input fieldproperty_value
[08:23:41.290748 ERROR] [epJSONTranslator] Unable to look up field name for input fieldproperty_value
[08:23:41.290754 ERROR] [epJSONTranslator] Unable to look up field name for input fieldproperty_value
[08:23:41.290760 ERROR] [epJSONTranslator] Unable to look up field name for input fieldproperty_value
[08:23:41.290766 ERROR] [epJSONTranslator] Unable to look up field name for input fieldproperty_value
[08:23:41.290772 ERROR] [epJSONTranslator] Unable to look up field name for input fieldproperty_value
[08:23:41.290778 ERROR] [epJSONTranslator] Unable to look up field name for input fieldproperty_value
[08:23:41.290788 ERROR] [epJSONTranslator] Unable to look up field name for input fieldproperty_value
[08:23:41.290795 ERROR] [epJSONTranslator] Unable to look up field name for input fieldproperty_value
[08:23:41.290807 ERROR] [epJSONTranslator] Unable to look up field name for input fieldproperty_value
[08:23:41.290812 ERROR] [epJSONTranslator] Unable to look up field name for input fieldproperty_value
[08:23:41.290819 ERROR] [epJSONTranslator] Unable to look up field name for input fieldproperty_value
[08:23:41.290825 ERROR] [epJSONTranslator] Unable to look up field name for input fieldproperty_value
[08:23:41.290832 ERROR] [epJSONTranslator] Unable to look up field name for input fieldproperty_value
[08:23:41.290839 ERROR] [epJSONTranslator] Unable to look up field name for input fieldproperty_value
[08:23:41.290846 ERROR] [epJSONTranslator] Unable to look up field name for input fieldproperty_value
[08:23:41.290852 ERROR] [epJSONTranslator] Unable to look up field name for input fieldproperty_value
[08:23:41.290859 ERROR] [epJSONTranslator] Unable to look up field name for input fieldproperty_value
[08:23:41.290872 ERROR] [epJSONTranslator] Unable to look up field name for input fieldproperty_value
[08:23:41.290879 ERROR] [epJSONTranslator] Unable to look up field name for input fieldproperty_value
[08:23:41.290886 ERROR] [epJSONTranslator] Unable to look up field name for input fieldproperty_value
[08:23:41.290893 ERROR] [epJSONTranslator] Unable to look up field name for input fieldproperty_value
[08:23:41.290899 ERROR] [epJSONTranslator] Unable to look up field name for input fieldproperty_value
[08:23:41.290906 ERROR] [epJSONTranslator] Unable to look up field name for input fieldproperty_value
[08:23:41.290912 ERROR] [epJSONTranslator] Unable to look up field name for input fieldproperty_value
[08:23:41.290919 ERROR] [epJSONTranslator] Unable to look up field name for input fieldproperty_value
[08:23:41.290926 ERROR] [epJSONTranslator] Unable to look up field name for input fieldproperty_value
[08:23:41.290932 ERROR] [epJSONTranslator] Unable to look up field name for input fieldproperty_value
[08:23:41.290937 ERROR] [epJSONTranslator] Unable to look up field name for input fieldproperty_value
[08:23:41.290943 ERROR] [epJSONTranslator] Unable to look up field name for input fieldproperty_value
[08:23:41.290949 ERROR] [epJSONTranslator] Unable to look up field name for input fieldproperty_value
[08:23:41.290955 ERROR] [epJSONTranslator] Unable to look up field name for input fieldproperty_value
[08:23:41.290961 ERROR] [epJSONTranslator] Unable to look up field name for input fieldproperty_value
[08:23:41.290967 ERROR] [epJSONTranslator] Unable to look up field name for input fieldproperty_value
[08:23:41.290973 ERROR] [epJSONTranslator] Unable to look up field name for input fieldproperty_value
[08:23:41.290980 ERROR] [epJSONTranslator] Unable to look up field name for input fieldproperty_value
[08:23:41.290987 ERROR] [epJSONTranslator] Unable to look up field name for input fieldproperty_value
[08:23:41.290994 ERROR] [epJSONTranslator] Unable to look up field name for input fieldproperty_value
[08:23:41.290999 ERROR] [epJSONTranslator] Unable to look up field name for input fieldproperty_value
[08:23:41.291006 ERROR] [epJSONTranslator] Unable to look up field name for input fieldproperty_value
[08:23:41.291012 ERROR] [epJSONTranslator] Unable to look up field name for input fieldproperty_value
[08:23:41.291019 ERROR] [epJSONTranslator] Unable to look up field name for input fieldproperty_value
[08:23:41.291025 ERROR] [epJSONTranslator] Unable to look up field name for input fieldproperty_value
[08:23:41.291030 ERROR] [epJSONTranslator] Unable to look up field name for input fieldproperty_value
[08:23:41.291036 ERROR] [epJSONTranslator] Unable to look up field name for input fieldproperty_value
[08:23:41.291042 ERROR] [epJSONTranslator] Unable to look up field name for input fieldproperty_value
[08:23:41.291048 ERROR] [epJSONTranslator] Unable to look up field name for input fieldproperty_value
[08:23:41.291054 ERROR] [epJSONTranslator] Unable to look up field name for input fieldproperty_value
[08:23:41.291059 ERROR] [epJSONTranslator] Unable to look up field name for input fieldproperty_value
[08:23:41.291065 ERROR] [epJSONTranslator] Unable to look up field name for input fieldproperty_value
[08:23:41.291071 ERROR] [epJSONTranslator] Unable to look up field name for input fieldproperty_value
[08:23:41.291077 ERROR] [epJSONTranslator] Unable to look up field name for input fieldproperty_value
[08:23:41.291083 ERROR] [epJSONTranslator] Unable to look up field name for input fieldproperty_value
[08:23:41.291089 ERROR] [epJSONTranslator] Unable to look up field name for input fieldproperty_value
[08:23:41.291094 ERROR] [epJSONTranslator] Unable to look up field name for input fieldproperty_value
[08:23:41.291100 ERROR] [epJSONTranslator] Unable to look up field name for input fieldproperty_value
[08:23:41.291106 ERROR] [epJSONTranslator] Unable to look up field name for input fieldproperty_value
[08:23:41.291112 ERROR] [epJSONTranslator] Unable to look up field name for input fieldproperty_value
[08:23:41.291119 ERROR] [epJSONTranslator] Unable to look up field name for input fieldproperty_value
[08:23:41.291125 ERROR] [epJSONTranslator] Unable to look up field name for input fieldproperty_value
[08:23:41.291131 ERROR] [epJSONTranslator] Unable to look up field name for input fieldproperty_value
[08:23:41.291136 ERROR] [epJSONTranslator] Unable to look up field name for input fieldproperty_value
[08:23:41.291142 ERROR] [epJSONTranslator] Unable to look up field name for input fieldproperty_value
[08:23:41.291155 ERROR] [epJSONTranslator] Unable to look up field name for input fieldproperty_value
[08:23:41.291162 ERROR] [epJSONTranslator] Unable to look up field name for input fieldproperty_value
[08:23:41.291169 ERROR] [epJSONTranslator] Unable to look up field name for input fieldproperty_value
[08:23:41.291176 ERROR] [epJSONTranslator] Unable to look up field name for input fieldproperty_value
[08:23:41.291181 ERROR] [epJSONTranslator] Unable to look up field name for input fieldproperty_value
[08:23:41.291187 ERROR] [epJSONTranslator] Unable to look up field name for input fieldproperty_value
[08:23:41.291193 ERROR] [epJSONTranslator] Unable to look up field name for input fieldproperty_value
[08:23:41.291199 ERROR] [epJSONTranslator] Unable to look up field name for input fieldproperty_value
[08:23:41.291204 ERROR] [epJSONTranslator] Unable to look up field name for input fieldproperty_value
[08:23:41.291210 ERROR] [epJSONTranslator] Unable to look up field name for input fieldproperty_value
[08:23:41.291215 ERROR] [epJSONTranslator] Unable to look up field name for input fieldproperty_value
[08:23:41.291221 ERROR] [epJSONTranslator] Unable to look up field name for input fieldproperty_value
[08:23:41.291227 ERROR] [epJSONTranslator] Unable to look up field name for input fieldproperty_value
[08:23:41.291233 ERROR] [epJSONTranslator] Unable to look up field name for input fieldproperty_value
[08:23:41.291238 ERROR] [epJSONTranslator] Unable to look up field name for input fieldproperty_value
[08:23:41.291244 ERROR] [epJSONTranslator] Unable to look up field name for input fieldproperty_value
[08:23:41.291249 ERROR] [epJSONTranslator] Unable to look up field name for input fieldproperty_value
[08:23:41.291255 ERROR] [epJSONTranslator] Unable to look up field name for input fieldproperty_value
[08:23:41.291261 ERROR] [epJSONTranslator] Unable to look up field name for input fieldproperty_value
[08:23:41.291267 ERROR] [epJSONTranslator] Unable to look up field name for input fieldproperty_value
[08:23:41.291272 ERROR] [epJSONTranslator] Unable to look up field name for input fieldproperty_value
[08:23:41.291278 ERROR] [epJSONTranslator] Unable to look up field name for input fieldproperty_value
[08:23:41.291285 ERROR] [epJSONTranslator] Unable to look up field name for input fieldproperty_value
[08:23:41.291292 ERROR] [epJSONTranslator] Unable to look up field name for input fieldproperty_value
[08:23:41.291298 ERROR] [epJSONTranslator] Unable to look up field name for input fieldproperty_value
[08:23:41.291305 ERROR] [epJSONTranslator] Unable to look up field name for input fieldproperty_value
[08:23:41.291312 ERROR] [epJSONTranslator] Unable to look up field name for input fieldproperty_value
[08:23:41.291318 ERROR] [epJSONTranslator] Unable to look up field name for input fieldproperty_value
[08:23:41.291324 ERROR] [epJSONTranslator] Unable to look up field name for input fieldproperty_value
[08:23:41.291329 ERROR] [epJSONTranslator] Unable to look up field name for input fieldproperty_value
[08:23:41.291335 ERROR] [epJSONTranslator] Unable to look up field name for input fieldproperty_value
[08:23:41.291340 ERROR] [epJSONTranslator] Unable to look up field name for input fieldproperty_value
[08:23:41.291346 ERROR] [epJSONTranslator] Unable to look up field name for input fieldproperty_value
[08:23:41.291352 ERROR] [epJSONTranslator] Unable to look up field name for input fieldproperty_value
[08:23:41.291358 ERROR] [epJSONTranslator] Unable to look up field name for input fieldproperty_value
[08:23:41.291363 ERROR] [epJSONTranslator] Unable to look up field name for input fieldproperty_value
[08:23:41.291369 ERROR] [epJSONTranslator] Unable to look up field name for input fieldproperty_value
[08:23:41.291375 ERROR] [epJSONTranslator] Unable to look up field name for input fieldproperty_value
[08:23:41.291381 ERROR] [epJSONTranslator] Unable to look up field name for input fieldproperty_value
[08:23:41.291387 ERROR] [epJSONTranslator] Unable to look up field name for input fieldproperty_value
[08:23:41.291393 ERROR] [epJSONTranslator] Unable to look up field name for input fieldproperty_value
[08:23:41.291399 ERROR] [epJSONTranslator] Unable to look up field name for input fieldproperty_value
[08:23:41.291404 ERROR] [epJSONTranslator] Unable to look up field name for input fieldproperty_value
[08:23:41.291410 ERROR] [epJSONTranslator] Unable to look up field name for input fieldproperty_value
[08:23:41.291415 ERROR] [epJSONTranslator] Unable to look up field name for input fieldproperty_value
[08:23:41.291428 ERROR] [epJSONTranslator] Unable to look up field name for input fieldproperty_value
[08:23:41.291434 ERROR] [epJSONTranslator] Unable to look up field name for input fieldproperty_value
[08:23:41.291440 ERROR] [epJSONTranslator] Unable to look up field name for input fieldproperty_value
[08:23:41.291445 ERROR] [epJSONTranslator] Unable to look up field name for input fieldproperty_value
[08:23:41.291451 ERROR] [epJSONTranslator] Unable to look up field name for input fieldproperty_value
[08:23:41.291457 ERROR] [epJSONTranslator] Unable to look up field name for input fieldproperty_value
[08:23:41.291464 ERROR] [epJSONTranslator] Unable to look up field name for input fieldproperty_value
[08:23:41.291470 ERROR] [epJSONTranslator] Unable to look up field name for input fieldproperty_value
[08:23:41.291477 ERROR] [epJSONTranslator] Unable to look up field name for input fieldproperty_value
[08:23:41.291483 ERROR] [epJSONTranslator] Unable to look up field name for input fieldproperty_value
[08:23:41.291490 ERROR] [epJSONTranslator] Unable to look up field name for input fieldproperty_value
[08:23:41.291496 ERROR] [epJSONTranslator] Unable to look up field name for input fieldproperty_value
[08:23:41.291502 ERROR] [epJSONTranslator] Unable to look up field name for input fieldproperty_value
[08:23:41.291507 ERROR] [epJSONTranslator] Unable to look up field name for input fieldproperty_value
[08:23:41.291513 ERROR] [epJSONTranslator] Unable to look up field name for input fieldproperty_value
[08:23:41.291519 ERROR] [epJSONTranslator] Unable to look up field name for input fieldproperty_value
[08:23:41.291524 ERROR] [epJSONTranslator] Unable to look up field name for input fieldproperty_value
[08:23:41.291530 ERROR] [epJSONTranslator] Unable to look up field name for input fieldproperty_value
[08:23:41.291536 ERROR] [epJSONTranslator] Unable to look up field name for input fieldproperty_value
[08:23:41.291541 ERROR] [epJSONTranslator] Unable to look up field name for input fieldproperty_value
[08:23:41.291548 ERROR] [epJSONTranslator] Unable to look up field name for input fieldproperty_value
[08:23:41.291554 ERROR] [epJSONTranslator] Unable to look up field name for input fieldproperty_value
[08:23:41.291559 ERROR] [epJSONTranslator] Unable to look up field name for input fieldproperty_value
[08:23:41.291565 ERROR] [epJSONTranslator] Unable to look up field name for input fieldproperty_value
[08:23:41.291571 ERROR] [epJSONTranslator] Unable to look up field name for input fieldproperty_value
[08:23:41.291577 ERROR] [epJSONTranslator] Unable to look up field name for input fieldproperty_value
[08:23:41.291583 ERROR] [epJSONTranslator] Unable to look up field name for input fieldproperty_value
[08:23:41.291588 ERROR] [epJSONTranslator] Unable to look up field name for input fieldproperty_value
[08:23:41.291594 ERROR] [epJSONTranslator] Unable to look up field name for input fieldproperty_value
[08:23:41.291600 ERROR] [epJSONTranslator] Unable to look up field name for input fieldproperty_value
[08:23:41.291605 ERROR] [epJSONTranslator] Unable to look up field name for input fieldproperty_value
[08:23:41.291611 ERROR] [epJSONTranslator] Unable to look up field name for input fieldproperty_value
[08:23:41.291616 ERROR] [epJSONTranslator] Unable to look up field name for input fieldproperty_value
[08:23:41.291622 ERROR] [epJSONTranslator] Unable to look up field name for input fieldproperty_value
[08:23:41.291628 ERROR] [epJSONTranslator] Unable to look up field name for input fieldproperty_value
[08:23:41.291634 ERROR] [epJSONTranslator] Unable to look up field name for input fieldproperty_value
[08:23:41.291639 ERROR] [epJSONTranslator] Unable to look up field name for input fieldproperty_value
[08:23:41.291645 ERROR] [epJSONTranslator] Unable to look up field name for input fieldproperty_value
[08:23:41.291651 ERROR] [epJSONTranslator] Unable to look up field name for input fieldproperty_value
[08:23:41.291657 ERROR] [epJSONTranslator] Unable to look up field name for input fieldproperty_value
[08:23:41.291662 ERROR] [epJSONTranslator] Unable to look up field name for input fieldproperty_value
[08:23:41.291668 ERROR] [epJSONTranslator] Unable to look up field name for input fieldproperty_value
[08:23:41.291674 ERROR] [epJSONTranslator] Unable to look up field name for input fieldproperty_value
[08:23:41.291679 ERROR] [epJSONTranslator] Unable to look up field name for input fieldproperty_value
[08:23:41.291685 ERROR] [epJSONTranslator] Unable to look up field name for input fieldproperty_value
[08:23:41.291698 ERROR] [epJSONTranslator] Unable to look up field name for input fieldproperty_value
[08:23:41.291704 ERROR] [epJSONTranslator] Unable to look up field name for input fieldproperty_value
[08:23:41.291709 ERROR] [epJSONTranslator] Unable to look up field name for input fieldproperty_value
[08:23:41.291715 ERROR] [epJSONTranslator] Unable to look up field name for input fieldproperty_value
[08:23:41.291721 ERROR] [epJSONTranslator] Unable to look up field name for input fieldproperty_value
[08:23:41.291727 ERROR] [epJSONTranslator] Unable to look up field name for input fieldproperty_value
[08:23:41.291732 ERROR] [epJSONTranslator] Unable to look up field name for input fieldproperty_value
[08:23:41.291738 ERROR] [epJSONTranslator] Unable to look up field name for input fieldproperty_value
[08:23:41.291744 ERROR] [epJSONTranslator] Unable to look up field name for input fieldproperty_value
[08:23:41.291750 ERROR] [epJSONTranslator] Unable to look up field name for input fieldproperty_value
[08:23:41.291758 ERROR] [epJSONTranslator] Unable to look up field name for input fieldproperty_value
[08:23:41.291765 ERROR] [epJSONTranslator] Unable to look up field name for input fieldproperty_value
[08:23:41.291770 ERROR] [epJSONTranslator] Unable to look up field name for input fieldproperty_value
[08:23:41.291776 ERROR] [epJSONTranslator] Unable to look up field name for input fieldproperty_value
[08:23:41.291782 ERROR] [epJSONTranslator] Unable to look up field name for input fieldproperty_value
[08:23:41.291787 ERROR] [epJSONTranslator] Unable to look up field name for input fieldproperty_value
[08:23:41.291793 ERROR] [epJSONTranslator] Unable to look up field name for input fieldproperty_value
[08:23:41.291799 ERROR] [epJSONTranslator] Unable to look up field name for input fieldproperty_value
[08:23:41.291804 ERROR] [epJSONTranslator] Unable to look up field name for input fieldproperty_value
[08:23:41.291810 ERROR] [epJSONTranslator] Unable to look up field name for input fieldproperty_value
[08:23:41.291815 ERROR] [epJSONTranslator] Unable to look up field name for input fieldproperty_value
[08:23:41.291821 ERROR] [epJSONTranslator] Unable to look up field name for input fieldproperty_value
[08:23:41.291828 ERROR] [epJSONTranslator] Unable to look up field name for input fieldproperty_value
[08:23:41.291835 ERROR] [epJSONTranslator] Unable to look up field name for input fieldproperty_value
[08:23:41.291842 ERROR] [epJSONTranslator] Unable to look up field name for input fieldproperty_value
[08:23:41.291848 ERROR] [epJSONTranslator] Unable to look up field name for input fieldproperty_value
[08:23:41.291855 ERROR] [epJSONTranslator] Unable to look up field name for input fieldproperty_value
[08:23:41.291862 ERROR] [epJSONTranslator] Unable to look up field name for input fieldproperty_value
[08:23:41.291867 ERROR] [epJSONTranslator] Unable to look up field name for input fieldproperty_value
[08:23:41.291873 ERROR] [epJSONTranslator] Unable to look up field name for input fieldproperty_value
[08:23:41.291880 ERROR] [epJSONTranslator] Unable to look up field name for input fieldproperty_value
[08:23:41.291886 ERROR] [epJSONTranslator] Unable to look up field name for input fieldproperty_value
[08:23:41.291892 ERROR] [epJSONTranslator] Unable to look up field name for input fieldproperty_value
[08:23:41.291898 ERROR] [epJSONTranslator] Unable to look up field name for input fieldproperty_value
[08:23:41.291903 ERROR] [epJSONTranslator] Unable to look up field name for input fieldproperty_value
[08:23:41.291909 ERROR] [epJSONTranslator] Unable to look up field name for input fieldproperty_value
[08:23:41.291915 ERROR] [epJSONTranslator] Unable to look up field name for input fieldproperty_value
[08:23:41.291920 ERROR] [epJSONTranslator] Unable to look up field name for input fieldproperty_value
[08:23:41.291926 ERROR] [epJSONTranslator] Unable to look up field name for input fieldproperty_value
[08:23:41.291931 ERROR] [epJSONTranslator] Unable to look up field name for input fieldproperty_value
[08:23:41.291937 ERROR] [epJSONTranslator] Unable to look up field name for input fieldproperty_value
[08:23:41.291943 ERROR] [epJSONTranslator] Unable to look up field name for input fieldproperty_value
[08:23:41.291948 ERROR] [epJSONTranslator] Unable to look up field name for input fieldproperty_value
[08:23:41.291954 ERROR] [epJSONTranslator] Unable to look up field name for input fieldproperty_value
[08:23:41.291959 ERROR] [epJSONTranslator] Unable to look up field name for input fieldproperty_value
[08:23:41.291972 ERROR] [epJSONTranslator] Unable to look up field name for input fieldproperty_value
[08:23:41.291978 ERROR] [epJSONTranslator] Unable to look up field name for input fieldproperty_value
[08:23:41.291985 ERROR] [epJSONTranslator] Unable to look up field name for input fieldproperty_value
[08:23:41.291991 ERROR] [epJSONTranslator] Unable to look up field name for input fieldproperty_value
[08:23:41.291998 ERROR] [epJSONTranslator] Unable to look up field name for input fieldproperty_value
[08:23:41.292005 ERROR] [epJSONTranslator] Unable to look up field name for input fieldproperty_value
[08:23:41.292011 ERROR] [epJSONTranslator] Unable to look up field name for input fieldproperty_value
[08:23:41.292017 ERROR] [epJSONTranslator] Unable to look up field name for input fieldproperty_value
[08:23:41.292024 ERROR] [epJSONTranslator] Unable to look up field name for input fieldproperty_value
[08:23:41.292030 ERROR] [epJSONTranslator] Unable to look up field name for input fieldproperty_value
[08:23:41.292036 ERROR] [epJSONTranslator] Unable to look up field name for input fieldproperty_value
[08:23:41.292042 ERROR] [epJSONTranslator] Unable to look up field name for input fieldproperty_value
[08:23:41.292049 ERROR] [epJSONTranslator] Unable to look up field name for input fieldproperty_value
[08:23:41.292055 ERROR] [epJSONTranslator] Unable to look up field name for input fieldproperty_value
[08:23:41.292060 ERROR] [epJSONTranslator] Unable to look up field name for input fieldproperty_value
[08:23:41.292066 ERROR] [epJSONTranslator] Unable to look up field name for input fieldproperty_value
[08:23:41.292073 ERROR] [epJSONTranslator] Unable to look up field name for input fieldproperty_value
[08:23:41.292080 ERROR] [epJSONTranslator] Unable to look up field name for input fieldproperty_value
[08:23:41.292087 ERROR] [epJSONTranslator] Unable to look up field name for input fieldproperty_value
[08:23:41.292093 ERROR] [epJSONTranslator] Unable to look up field name for input fieldproperty_value
[08:23:41.292100 ERROR] [epJSONTranslator] Unable to look up field name for input fieldproperty_value
[08:23:41.292106 ERROR] [epJSONTranslator] Unable to look up field name for input fieldproperty_value
[08:23:41.292111 ERROR] [epJSONTranslator] Unable to look up field name for input fieldproperty_value
[08:23:41.292117 ERROR] [epJSONTranslator] Unable to look up field name for input fieldproperty_value
[08:23:41.292123 ERROR] [epJSONTranslator] Unable to look up field name for input fieldproperty_value
[08:23:41.292129 ERROR] [epJSONTranslator] Unable to look up field name for input fieldproperty_value
[08:23:41.292135 ERROR] [epJSONTranslator] Unable to look up field name for input fieldproperty_value
[08:23:41.292142 ERROR] [epJSONTranslator] Unable to look up field name for input fieldproperty_value
[08:23:41.292147 ERROR] [epJSONTranslator] Unable to look up field name for input fieldproperty_value
[08:23:41.292153 ERROR] [epJSONTranslator] Unable to look up field name for input fieldproperty_value
[08:23:41.292159 ERROR] [epJSONTranslator] Unable to look up field name for input fieldproperty_value
[08:23:41.292165 ERROR] [epJSONTranslator] Unable to look up field name for input fieldproperty_value
[08:23:41.292171 ERROR] [epJSONTranslator] Unable to look up field name for input fieldproperty_value
[08:23:41.292177 ERROR] [epJSONTranslator] Unable to look up field name for input fieldproperty_value
[08:23:41.292183 ERROR] [epJSONTranslator] Unable to look up field name for input fieldproperty_value
[08:23:41.292189 ERROR] [epJSONTranslator] Unable to look up field name for input fieldproperty_value
[08:23:41.292195 ERROR] [epJSONTranslator] Unable to look up field name for input fieldproperty_value
[08:23:41.292201 ERROR] [epJSONTranslator] Unable to look up field name for input fieldproperty_value
[08:23:41.292206 ERROR] [epJSONTranslator] Unable to look up field name for input fieldproperty_value
[08:23:41.292212 ERROR] [epJSONTranslator] Unable to look up field name for input fieldproperty_value
[08:23:41.292218 ERROR] [epJSONTranslator] Unable to look up field name for input fieldproperty_value
[08:23:41.292224 ERROR] [epJSONTranslator] Unable to look up field name for input fieldproperty_value
[08:23:41.292230 ERROR] [epJSONTranslator] Unable to look up field name for input fieldproperty_value
[08:23:41.292237 ERROR] [epJSONTranslator] Unable to look up field name for input fieldproperty_value
[08:23:41.292243 ERROR] [epJSONTranslator] Unable to look up field name for input fieldproperty_value
[08:23:41.292256 ERROR] [epJSONTranslator] Unable to look up field name for input fieldproperty_value
[08:23:41.292263 ERROR] [epJSONTranslator] Unable to look up field name for input fieldproperty_value
[08:23:41.292269 ERROR] [epJSONTranslator] Unable to look up field name for input fieldproperty_value
[08:23:41.292275 ERROR] [epJSONTranslator] Unable to look up field name for input fieldproperty_value
[08:23:41.292281 ERROR] [epJSONTranslator] Unable to look up field name for input fieldproperty_value
[08:23:41.292287 ERROR] [epJSONTranslator] Unable to look up field name for input fieldproperty_value
[08:23:41.292292 ERROR] [epJSONTranslator] Unable to look up field name for input fieldproperty_value
[08:23:41.292298 ERROR] [epJSONTranslator] Unable to look up field name for input fieldproperty_value
[08:23:41.292304 ERROR] [epJSONTranslator] Unable to look up field name for input fieldproperty_value
[08:23:41.292310 ERROR] [epJSONTranslator] Unable to look up field name for input fieldproperty_value
[08:23:41.292315 ERROR] [epJSONTranslator] Unable to look up field name for input fieldproperty_value
[08:23:41.292321 ERROR] [epJSONTranslator] Unable to look up field name for input fieldproperty_value
[08:23:41.292327 ERROR] [epJSONTranslator] Unable to look up field name for input fieldproperty_value
[08:23:41.292333 ERROR] [epJSONTranslator] Unable to look up field name for input fieldproperty_value
[08:23:41.292339 ERROR] [epJSONTranslator] Unable to look up field name for input fieldproperty_value
[08:23:41.292344 ERROR] [epJSONTranslator] Unable to look up field name for input fieldproperty_value
[08:23:41.292350 ERROR] [epJSONTranslator] Unable to look up field name for input fieldproperty_value
[08:23:41.292356 ERROR] [epJSONTranslator] Unable to look up field name for input fieldproperty_value
[08:23:41.292361 ERROR] [epJSONTranslator] Unable to look up field name for input fieldproperty_value
[08:23:41.292367 ERROR] [epJSONTranslator] Unable to look up field name for input fieldproperty_value
[08:23:41.292373 ERROR] [epJSONTranslator] Unable to look up field name for input fieldproperty_value
[08:23:41.292378 ERROR] [epJSONTranslator] Unable to look up field name for input fieldproperty_value
[08:23:41.292384 ERROR] [epJSONTranslator] Unable to look up field name for input fieldproperty_value
[08:23:41.292389 ERROR] [epJSONTranslator] Unable to look up field name for input fieldproperty_value
[08:23:41.292395 ERROR] [epJSONTranslator] Unable to look up field name for input fieldproperty_value
[08:23:41.292401 ERROR] [epJSONTranslator] Unable to look up field name for input fieldproperty_value
[08:23:41.292406 ERROR] [epJSONTranslator] Unable to look up field name for input fieldproperty_value
[08:23:41.292412 ERROR] [epJSONTranslator] Unable to look up field name for input fieldproperty_value
[08:23:41.292418 ERROR] [epJSONTranslator] Unable to look up field name for input fieldproperty_value
[08:23:41.292423 ERROR] [epJSONTranslator] Unable to look up field name for input fieldproperty_value
[08:23:41.292429 ERROR] [epJSONTranslator] Unable to look up field name for input fieldproperty_value
[08:23:41.292435 ERROR] [epJSONTranslator] Unable to look up field name for input fieldproperty_value
[08:23:41.292441 ERROR] [epJSONTranslator] Unable to look up field name for input fieldproperty_value
[08:23:41.292447 ERROR] [epJSONTranslator] Unable to look up field name for input fieldproperty_value
[08:23:41.292453 ERROR] [epJSONTranslator] Unable to look up field name for input fieldproperty_value
[08:23:41.292459 ERROR] [epJSONTranslator] Unable to look up field name for input fieldproperty_value
[08:23:41.292465 ERROR] [epJSONTranslator] Unable to look up field name for input fieldproperty_value
[08:23:41.292471 ERROR] [epJSONTranslator] Unable to look up field name for input fieldproperty_value
[08:23:41.292476 ERROR] [epJSONTranslator] Unable to look up field name for input fieldproperty_value
[08:23:41.292482 ERROR] [epJSONTranslator] Unable to look up field name for input fieldproperty_value
[08:23:41.292487 ERROR] [epJSONTranslator] Unable to look up field name for input fieldproperty_value
[08:23:41.292493 ERROR] [epJSONTranslator] Unable to look up field name for input fieldproperty_value
[08:23:41.292499 ERROR] [epJSONTranslator] Unable to look up field name for input fieldproperty_value
[08:23:41.292504 ERROR] [epJSONTranslator] Unable to look up field name for input fieldproperty_value
[08:23:41.292510 ERROR] [epJSONTranslator] Unable to look up field name for input fieldproperty_value
[08:23:41.292523 ERROR] [epJSONTranslator] Unable to look up field name for input fieldproperty_value
[08:23:41.292529 ERROR] [epJSONTranslator] Unable to look up field name for input fieldproperty_value
[08:23:41.292535 ERROR] [epJSONTranslator] Unable to look up field name for input fieldproperty_value
[08:23:41.292541 ERROR] [epJSONTranslator] Unable to look up field name for input fieldproperty_value
[08:23:41.292546 ERROR] [epJSONTranslator] Unable to look up field name for input fieldproperty_value
[08:23:41.292552 ERROR] [epJSONTranslator] Unable to look up field name for input fieldproperty_value
[08:23:41.292558 ERROR] [epJSONTranslator] Unable to look up field name for input fieldproperty_value
[08:23:41.292563 ERROR] [epJSONTranslator] Unable to look up field name for input fieldproperty_value
[08:23:41.292569 ERROR] [epJSONTranslator] Unable to look up field name for input fieldproperty_value
[08:23:41.292575 ERROR] [epJSONTranslator] Unable to look up field name for input fieldproperty_value
[08:23:41.292580 ERROR] [epJSONTranslator] Unable to look up field name for input fieldproperty_value
[08:23:41.292586 ERROR] [epJSONTranslator] Unable to look up field name for input fieldproperty_value
[08:23:41.292592 ERROR] [epJSONTranslator] Unable to look up field name for input fieldproperty_value
[08:23:41.292597 ERROR] [epJSONTranslator] Unable to look up field name for input fieldproperty_value
[08:23:41.292603 ERROR] [epJSONTranslator] Unable to look up field name for input fieldproperty_value
[08:23:41.292609 ERROR] [epJSONTranslator] Unable to look up field name for input fieldproperty_value
[08:23:41.292615 ERROR] [epJSONTranslator] Unable to look up field name for input fieldproperty_value
[08:23:41.292622 ERROR] [epJSONTranslator] Unable to look up field name for input fieldproperty_value
[08:23:41.292629 ERROR] [epJSONTranslator] Unable to look up field name for input fieldproperty_value
[08:23:41.292635 ERROR] [epJSONTranslator] Unable to look up field name for input fieldproperty_value
[08:23:41.292642 ERROR] [epJSONTranslator] Unable to look up field name for input fieldproperty_value
[08:23:41.292649 ERROR] [epJSONTranslator] Unable to look up field name for input fieldproperty_value
[08:23:41.292655 ERROR] [epJSONTranslator] Unable to look up field name for input fieldproperty_value
[08:23:41.292660 ERROR] [epJSONTranslator] Unable to look up field name for input fieldproperty_value
[08:23:41.292666 ERROR] [epJSONTranslator] Unable to look up field name for input fieldproperty_value
[08:23:41.292672 ERROR] [epJSONTranslator] Unable to look up field name for input fieldproperty_value
[08:23:41.292677 ERROR] [epJSONTranslator] Unable to look up field name for input fieldproperty_value
[08:23:41.292683 ERROR] [epJSONTranslator] Unable to look up field name for input fieldproperty_value
[08:23:41.292688 ERROR] [epJSONTranslator] Unable to look up field name for input fieldproperty_value
[08:23:41.292694 ERROR] [epJSONTranslator] Unable to look up field name for input fieldproperty_value
[08:23:41.292701 ERROR] [epJSONTranslator] Unable to look up field name for input fieldproperty_value
[08:23:41.292707 ERROR] [epJSONTranslator] Unable to look up field name for input fieldproperty_value
[08:23:41.292712 ERROR] [epJSONTranslator] Unable to look up field name for input fieldproperty_value
[08:23:41.292718 ERROR] [epJSONTranslator] Unable to look up field name for input fieldproperty_value
[08:23:41.292724 ERROR] [epJSONTranslator] Unable to look up field name for input fieldproperty_value
[08:23:41.292730 ERROR] [epJSONTranslator] Unable to look up field name for input fieldproperty_value
[08:23:41.292735 ERROR] [epJSONTranslator] Unable to look up field name for input fieldproperty_value
[08:23:41.292741 ERROR] [epJSONTranslator] Unable to look up field name for input fieldproperty_value
[08:23:41.292747 ERROR] [epJSONTranslator] Unable to look up field name for input fieldproperty_value
[08:23:41.292753 ERROR] [epJSONTranslator] Unable to look up field name for input fieldproperty_value
[08:23:41.292760 ERROR] [epJSONTranslator] Unable to look up field name for input fieldproperty_value
[08:23:41.292767 ERROR] [epJSONTranslator] Unable to look up field name for input fieldproperty_value
[08:23:41.292775 ERROR] [epJSONTranslator] Unable to look up field name for input fieldproperty_value
[08:23:41.292782 ERROR] [epJSONTranslator] Unable to look up field name for input fieldproperty_value
[08:23:41.292789 ERROR] [epJSONTranslator] Unable to look up field name for input fieldproperty_value
[08:23:41.292806 ERROR] [epJSONTranslator] Unable to look up field name for input fieldproperty_value
[08:23:41.292813 ERROR] [epJSONTranslator] Unable to look up field name for input fieldproperty_value
[08:23:41.292821 ERROR] [epJSONTranslator] Unable to look up field name for input fieldproperty_value
[08:23:41.292827 ERROR] [epJSONTranslator] Unable to look up field name for input fieldproperty_value
[08:23:41.292832 ERROR] [epJSONTranslator] Unable to look up field name for input fieldproperty_value
[08:23:41.292838 ERROR] [epJSONTranslator] Unable to look up field name for input fieldproperty_value
[08:23:41.292844 ERROR] [epJSONTranslator] Unable to look up field name for input fieldproperty_value
[08:23:41.292849 ERROR] [epJSONTranslator] Unable to look up field name for input fieldproperty_value
[08:23:41.292855 ERROR] [epJSONTranslator] Unable to look up field name for input fieldproperty_value
[08:23:41.292861 ERROR] [epJSONTranslator] Unable to look up field name for input fieldproperty_value
[08:23:41.292866 ERROR] [epJSONTranslator] Unable to look up field name for input fieldproperty_value
[08:23:41.292872 ERROR] [epJSONTranslator] Unable to look up field name for input fieldproperty_value
[08:23:41.292878 ERROR] [epJSONTranslator] Unable to look up field name for input fieldproperty_value
[08:23:41.292883 ERROR] [epJSONTranslator] Unable to look up field name for input fieldproperty_value
[08:23:41.292889 ERROR] [epJSONTranslator] Unable to look up field name for input fieldproperty_value
[08:23:41.292895 ERROR] [epJSONTranslator] Unable to look up field name for input fieldproperty_value
[08:23:41.292900 ERROR] [epJSONTranslator] Unable to look up field name for input fieldproperty_value
[08:23:41.292906 ERROR] [epJSONTranslator] Unable to look up field name for input fieldproperty_value
[08:23:41.292912 ERROR] [epJSONTranslator] Unable to look up field name for input fieldproperty_value
[08:23:41.292917 ERROR] [epJSONTranslator] Unable to look up field name for input fieldproperty_value
[08:23:41.292923 ERROR] [epJSONTranslator] Unable to look up field name for input fieldproperty_value
[08:23:41.292929 ERROR] [epJSONTranslator] Unable to look up field name for input fieldproperty_value
[08:23:41.292934 ERROR] [epJSONTranslator] Unable to look up field name for input fieldproperty_value
[08:23:41.292940 ERROR] [epJSONTranslator] Unable to look up field name for input fieldproperty_value
[08:23:41.292946 ERROR] [epJSONTranslator] Unable to look up field name for input fieldproperty_value
[08:23:41.292952 ERROR] [epJSONTranslator] Unable to look up field name for input fieldproperty_value
[08:23:41.292957 ERROR] [epJSONTranslator] Unable to look up field name for input fieldproperty_value
[08:23:41.292963 ERROR] [epJSONTranslator] Unable to look up field name for input fieldproperty_value
[08:23:41.292968 ERROR] [epJSONTranslator] Unable to look up field name for input fieldproperty_value
[08:23:41.292974 ERROR] [epJSONTranslator] Unable to look up field name for input fieldproperty_value
[08:23:41.292980 ERROR] [epJSONTranslator] Unable to look up field name for input fieldproperty_value
[08:23:41.292985 ERROR] [epJSONTranslator] Unable to look up field name for input fieldproperty_value
[08:23:41.292991 ERROR] [epJSONTranslator] Unable to look up field name for input fieldproperty_value
[08:23:41.292997 ERROR] [epJSONTranslator] Unable to look up field name for input fieldproperty_value
[08:23:41.293002 ERROR] [epJSONTranslator] Unable to look up field name for input fieldproperty_value
[08:23:41.293008 ERROR] [epJSONTranslator] Unable to look up field name for input fieldproperty_value
[08:23:41.293014 ERROR] [epJSONTranslator] Unable to look up field name for input fieldproperty_value
[08:23:41.293021 ERROR] [epJSONTranslator] Unable to look up field name for input fieldproperty_value
[08:23:41.293026 ERROR] [epJSONTranslator] Unable to look up field name for input fieldproperty_value
[08:23:41.293032 ERROR] [epJSONTranslator] Unable to look up field name for input fieldproperty_value
[08:23:41.293038 ERROR] [epJSONTranslator] Unable to look up field name for input fieldproperty_value
[08:23:41.293044 ERROR] [epJSONTranslator] Unable to look up field name for input fieldproperty_value
[08:23:41.293051 ERROR] [epJSONTranslator] Unable to look up field name for input fieldproperty_value
[08:23:41.293058 ERROR] [epJSONTranslator] Unable to look up field name for input fieldproperty_value
[08:23:41.293063 ERROR] [epJSONTranslator] Unable to look up field name for input fieldproperty_value
[08:23:41.293076 ERROR] [epJSONTranslator] Unable to look up field name for input fieldproperty_value
[08:23:41.293083 ERROR] [epJSONTranslator] Unable to look up field name for input fieldproperty_value
[08:23:41.293089 ERROR] [epJSONTranslator] Unable to look up field name for input fieldproperty_value
[08:23:41.293096 ERROR] [epJSONTranslator] Unable to look up field name for input fieldproperty_value
[08:23:41.293101 ERROR] [epJSONTranslator] Unable to look up field name for input fieldproperty_value
[08:23:41.293107 ERROR] [epJSONTranslator] Unable to look up field name for input fieldproperty_value
[08:23:41.293113 ERROR] [epJSONTranslator] Unable to look up field name for input fieldproperty_value
[08:23:41.293118 ERROR] [epJSONTranslator] Unable to look up field name for input fieldproperty_value
[08:23:41.293124 ERROR] [epJSONTranslator] Unable to look up field name for input fieldproperty_value
[08:23:41.293130 ERROR] [epJSONTranslator] Unable to look up field name for input fieldproperty_value
[08:23:41.293135 ERROR] [epJSONTranslator] Unable to look up field name for input fieldproperty_value
[08:23:41.293141 ERROR] [epJSONTranslator] Unable to look up field name for input fieldproperty_value
[08:23:41.293146 ERROR] [epJSONTranslator] Unable to look up field name for input fieldproperty_value
[08:23:41.293152 ERROR] [epJSONTranslator] Unable to look up field name for input fieldproperty_value
[08:23:41.293158 ERROR] [epJSONTranslator] Unable to look up field name for input fieldproperty_value
[08:23:41.293163 ERROR] [epJSONTranslator] Unable to look up field name for input fieldproperty_value
[08:23:41.293169 ERROR] [epJSONTranslator] Unable to look up field name for input fieldproperty_value
[08:23:41.293174 ERROR] [epJSONTranslator] Unable to look up field name for input fieldproperty_value
[08:23:41.293180 ERROR] [epJSONTranslator] Unable to look up field name for input fieldproperty_value
[08:23:41.293185 ERROR] [epJSONTranslator] Unable to look up field name for input fieldproperty_value
[08:23:41.293191 ERROR] [epJSONTranslator] Unable to look up field name for input fieldproperty_value
[08:23:41.293197 ERROR] [epJSONTranslator] Unable to look up field name for input fieldproperty_value
[08:23:41.293202 ERROR] [epJSONTranslator] Unable to look up field name for input fieldproperty_value
[08:23:41.293208 ERROR] [epJSONTranslator] Unable to look up field name for input fieldproperty_value
[08:23:41.293214 ERROR] [epJSONTranslator] Unable to look up field name for input fieldproperty_value
[08:23:41.293219 ERROR] [epJSONTranslator] Unable to look up field name for input fieldproperty_value
[08:23:41.293225 ERROR] [epJSONTranslator] Unable to look up field name for input fieldproperty_value
[08:23:41.293231 ERROR] [epJSONTranslator] Unable to look up field name for input fieldproperty_value
[08:23:41.293236 ERROR] [epJSONTranslator] Unable to look up field name for input fieldproperty_value
[08:23:41.293242 ERROR] [epJSONTranslator] Unable to look up field name for input fieldproperty_value
[08:23:41.293247 ERROR] [epJSONTranslator] Unable to look up field name for input fieldproperty_value
[08:23:41.293253 ERROR] [epJSONTranslator] Unable to look up field name for input fieldproperty_value
[08:23:41.293259 ERROR] [epJSONTranslator] Unable to look up field name for input fieldproperty_value
[08:23:41.293264 ERROR] [epJSONTranslator] Unable to look up field name for input fieldproperty_value
[08:23:41.293270 ERROR] [epJSONTranslator] Unable to look up field name for input fieldproperty_value
[08:23:41.293276 ERROR] [epJSONTranslator] Unable to look up field name for input fieldproperty_value
[08:23:41.293281 ERROR] [epJSONTranslator] Unable to look up field name for input fieldproperty_value
[08:23:41.293287 ERROR] [epJSONTranslator] Unable to look up field name for input fieldproperty_value
[08:23:41.293292 ERROR] [epJSONTranslator] Unable to look up field name for input fieldproperty_value
[08:23:41.293298 ERROR] [epJSONTranslator] Unable to look up field name for input fieldproperty_value
[08:23:41.293304 ERROR] [epJSONTranslator] Unable to look up field name for input fieldproperty_value
[08:23:41.293309 ERROR] [epJSONTranslator] Unable to look up field name for input fieldproperty_value
[08:23:41.293315 ERROR] [epJSONTranslator] Unable to look up field name for input fieldproperty_value
[08:23:41.293320 ERROR] [epJSONTranslator] Unable to look up field name for input fieldproperty_value
[08:23:41.293326 ERROR] [epJSONTranslator] Unable to look up field name for input fieldproperty_value
[08:23:41.293339 ERROR] [epJSONTranslator] Unable to look up field name for input fieldproperty_value
[08:23:41.293345 ERROR] [epJSONTranslator] Unable to look up field name for input fieldproperty_value
[08:23:41.293350 ERROR] [epJSONTranslator] Unable to look up field name for input fieldproperty_value
[08:23:41.293356 ERROR] [epJSONTranslator] Unable to look up field name for input fieldproperty_value
[08:23:41.293362 ERROR] [epJSONTranslator] Unable to look up field name for input fieldproperty_value
[08:23:41.293368 ERROR] [epJSONTranslator] Unable to look up field name for input fieldproperty_value
[08:23:41.293373 ERROR] [epJSONTranslator] Unable to look up field name for input fieldproperty_value
[08:23:41.293379 ERROR] [epJSONTranslator] Unable to look up field name for input fieldproperty_value
[08:23:41.293384 ERROR] [epJSONTranslator] Unable to look up field name for input fieldproperty_value
[08:23:41.293390 ERROR] [epJSONTranslator] Unable to look up field name for input fieldproperty_value
[08:23:41.293396 ERROR] [epJSONTranslator] Unable to look up field name for input fieldproperty_value
[08:23:41.293402 ERROR] [epJSONTranslator] Unable to look up field name for input fieldproperty_value
[08:23:41.293407 ERROR] [epJSONTranslator] Unable to look up field name for input fieldproperty_value
[08:23:41.293413 ERROR] [epJSONTranslator] Unable to look up field name for input fieldproperty_value
[08:23:41.293418 ERROR] [epJSONTranslator] Unable to look up field name for input fieldproperty_value
[08:23:41.293424 ERROR] [epJSONTranslator] Unable to look up field name for input fieldproperty_value
[08:23:41.293430 ERROR] [epJSONTranslator] Unable to look up field name for input fieldproperty_value
[08:23:41.293435 ERROR] [epJSONTranslator] Unable to look up field name for input fieldproperty_value
[08:23:41.293441 ERROR] [epJSONTranslator] Unable to look up field name for input fieldproperty_value
[08:23:41.293447 ERROR] [epJSONTranslator] Unable to look up field name for input fieldproperty_value
[08:23:41.293452 ERROR] [epJSONTranslator] Unable to look up field name for input fieldproperty_value
[08:23:41.293459 ERROR] [epJSONTranslator] Unable to look up field name for input fieldproperty_value
[08:23:41.293466 ERROR] [epJSONTranslator] Unable to look up field name for input fieldproperty_value
[08:23:41.293473 ERROR] [epJSONTranslator] Unable to look up field name for input fieldproperty_value
[08:23:41.293481 ERROR] [epJSONTranslator] Unable to look up field name for input fieldproperty_value
[08:23:41.293488 ERROR] [epJSONTranslator] Unable to look up field name for input fieldproperty_value
[08:23:41.293495 ERROR] [epJSONTranslator] Unable to look up field name for input fieldproperty_value
[08:23:41.293501 ERROR] [epJSONTranslator] Unable to look up field name for input fieldproperty_value
[08:23:41.293506 ERROR] [epJSONTranslator] Unable to look up field name for input fieldproperty_value
[08:23:41.293512 ERROR] [epJSONTranslator] Unable to look up field name for input fieldproperty_value
[08:23:41.293518 ERROR] [epJSONTranslator] Unable to look up field name for input fieldproperty_value
[08:23:41.293523 ERROR] [epJSONTranslator] Unable to look up field name for input fieldproperty_value
[08:23:41.293529 ERROR] [epJSONTranslator] Unable to look up field name for input fieldproperty_value
[08:23:41.293535 ERROR] [epJSONTranslator] Unable to look up field name for input fieldproperty_value
[08:23:41.293540 ERROR] [epJSONTranslator] Unable to look up field name for input fieldproperty_value
[08:23:41.293546 ERROR] [epJSONTranslator] Unable to look up field name for input fieldproperty_value
[08:23:41.293552 ERROR] [epJSONTranslator] Unable to look up field name for input fieldproperty_value
[08:23:41.293557 ERROR] [epJSONTranslator] Unable to look up field name for input fieldproperty_value
[08:23:41.293563 ERROR] [epJSONTranslator] Unable to look up field name for input fieldproperty_value
[08:23:41.293569 ERROR] [epJSONTranslator] Unable to look up field name for input fieldproperty_value
[08:23:41.293574 ERROR] [epJSONTranslator] Unable to look up field name for input fieldproperty_value
[08:23:41.293580 ERROR] [epJSONTranslator] Unable to look up field name for input fieldproperty_value
[08:23:41.293585 ERROR] [epJSONTranslator] Unable to look up field name for input fieldproperty_value
[08:23:41.293591 ERROR] [epJSONTranslator] Unable to look up field name for input fieldproperty_value
[08:23:41.293597 ERROR] [epJSONTranslator] Unable to look up field name for input fieldproperty_value
[08:23:41.293610 ERROR] [epJSONTranslator] Unable to look up field name for input fieldproperty_value
[08:23:41.293617 ERROR] [epJSONTranslator] Unable to look up field name for input fieldproperty_value
[08:23:41.293623 ERROR] [epJSONTranslator] Unable to look up field name for input fieldproperty_value
[08:23:41.293628 ERROR] [epJSONTranslator] Unable to look up field name for input fieldproperty_value
[08:23:41.293634 ERROR] [epJSONTranslator] Unable to look up field name for input fieldproperty_value
[08:23:41.293639 ERROR] [epJSONTranslator] Unable to look up field name for input fieldproperty_value
[08:23:41.293645 ERROR] [epJSONTranslator] Unable to look up field name for input fieldproperty_value
[08:23:41.293651 ERROR] [epJSONTranslator] Unable to look up field name for input fieldproperty_value
[08:23:41.293658 ERROR] [epJSONTranslator] Unable to look up field name for input fieldproperty_value
[08:23:41.293665 ERROR] [epJSONTranslator] Unable to look up field name for input fieldproperty_value
[08:23:41.293672 ERROR] [epJSONTranslator] Unable to look up field name for input fieldproperty_value
[08:23:41.293680 ERROR] [epJSONTranslator] Unable to look up field name for input fieldproperty_value
[08:23:41.293687 ERROR] [epJSONTranslator] Unable to look up field name for input fieldproperty_value
[08:23:41.293692 ERROR] [epJSONTranslator] Unable to look up field name for input fieldproperty_value
[08:23:41.293698 ERROR] [epJSONTranslator] Unable to look up field name for input fieldproperty_value
[08:23:41.293704 ERROR] [epJSONTranslator] Unable to look up field name for input fieldproperty_value
[08:23:41.293709 ERROR] [epJSONTranslator] Unable to look up field name for input fieldproperty_value
[08:23:41.293715 ERROR] [epJSONTranslator] Unable to look up field name for input fieldproperty_value
[08:23:41.293721 ERROR] [epJSONTranslator] Unable to look up field name for input fieldproperty_value
[08:23:41.293726 ERROR] [epJSONTranslator] Unable to look up field name for input fieldproperty_value
[08:23:41.293732 ERROR] [epJSONTranslator] Unable to look up field name for input fieldproperty_value
[08:23:41.293737 ERROR] [epJSONTranslator] Unable to look up field name for input fieldproperty_value
[08:23:41.293743 ERROR] [epJSONTranslator] Unable to look up field name for input fieldproperty_value
[08:23:41.293749 ERROR] [epJSONTranslator] Unable to look up field name for input fieldproperty_value
[08:23:41.293754 ERROR] [epJSONTranslator] Unable to look up field name for input fieldproperty_value
[08:23:41.293760 ERROR] [epJSONTranslator] Unable to look up field name for input fieldproperty_value
[08:23:41.293766 ERROR] [epJSONTranslator] Unable to look up field name for input fieldproperty_value
[08:23:41.293771 ERROR] [epJSONTranslator] Unable to look up field name for input fieldproperty_value
[08:23:41.293777 ERROR] [epJSONTranslator] Unable to look up field name for input fieldproperty_value
[08:23:41.293782 ERROR] [epJSONTranslator] Unable to look up field name for input fieldproperty_value
[08:23:41.293788 ERROR] [epJSONTranslator] Unable to look up field name for input fieldproperty_value
[08:23:41.293794 ERROR] [epJSONTranslator] Unable to look up field name for input fieldproperty_value
[08:23:41.293799 ERROR] [epJSONTranslator] Unable to look up field name for input fieldproperty_value
[08:23:41.293805 ERROR] [epJSONTranslator] Unable to look up field name for input fieldproperty_value
[08:23:41.293811 ERROR] [epJSONTranslator] Unable to look up field name for input fieldproperty_value
[08:23:41.293816 ERROR] [epJSONTranslator] Unable to look up field name for input fieldproperty_value
[08:23:41.293822 ERROR] [epJSONTranslator] Unable to look up field name for input fieldproperty_value
[08:23:41.293827 ERROR] [epJSONTranslator] Unable to look up field name for input fieldproperty_value
[08:23:41.293833 ERROR] [epJSONTranslator] Unable to look up field name for input fieldproperty_value
[08:23:41.293838 ERROR] [epJSONTranslator] Unable to look up field name for input fieldproperty_value
[08:23:41.293844 ERROR] [epJSONTranslator] Unable to look up field name for input fieldproperty_value
[08:23:41.293850 ERROR] [epJSONTranslator] Unable to look up field name for input fieldproperty_value
[08:23:41.293855 ERROR] [epJSONTranslator] Unable to look up field name for input fieldproperty_value
[08:23:41.293861 ERROR] [epJSONTranslator] Unable to look up field name for input fieldproperty_value
[08:23:41.293867 ERROR] [epJSONTranslator] Unable to look up field name for input fieldproperty_value
[08:23:41.293879 ERROR] [epJSONTranslator] Unable to look up field name for input fieldproperty_value
[08:23:41.293885 ERROR] [epJSONTranslator] Unable to look up field name for input fieldproperty_value
[08:23:41.293891 ERROR] [epJSONTranslator] Unable to look up field name for input fieldproperty_value
[08:23:41.293897 ERROR] [epJSONTranslator] Unable to look up field name for input fieldproperty_value
[08:23:41.293902 ERROR] [epJSONTranslator] Unable to look up field name for input fieldproperty_value
[08:23:41.293908 ERROR] [epJSONTranslator] Unable to look up field name for input fieldproperty_value
[08:23:41.293914 ERROR] [epJSONTranslator] Unable to look up field name for input fieldproperty_value
[08:23:41.293919 ERROR] [epJSONTranslator] Unable to look up field name for input fieldproperty_value
[08:23:41.293925 ERROR] [epJSONTranslator] Unable to look up field name for input fieldproperty_value
[08:23:41.293930 ERROR] [epJSONTranslator] Unable to look up field name for input fieldproperty_value
[08:23:41.293936 ERROR] [epJSONTranslator] Unable to look up field name for input fieldproperty_value
[08:23:41.293942 ERROR] [epJSONTranslator] Unable to look up field name for input fieldproperty_value
[08:23:41.293947 ERROR] [epJSONTranslator] Unable to look up field name for input fieldproperty_value
[08:23:41.293953 ERROR] [epJSONTranslator] Unable to look up field name for input fieldproperty_value
[08:23:41.293959 ERROR] [epJSONTranslator] Unable to look up field name for input fieldproperty_value
[08:23:41.293964 ERROR] [epJSONTranslator] Unable to look up field name for input fieldproperty_value
[08:23:41.293970 ERROR] [epJSONTranslator] Unable to look up field name for input fieldproperty_value
[08:23:41.293976 ERROR] [epJSONTranslator] Unable to look up field name for input fieldproperty_value
[08:23:41.293982 ERROR] [epJSONTranslator] Unable to look up field name for input fieldproperty_value
[08:23:41.293987 ERROR] [epJSONTranslator] Unable to look up field name for input fieldproperty_value
[08:23:41.293993 ERROR] [epJSONTranslator] Unable to look up field name for input fieldproperty_value
[08:23:41.293998 ERROR] [epJSONTranslator] Unable to look up field name for input fieldproperty_value
[08:23:41.294004 ERROR] [epJSONTranslator] Unable to look up field name for input fieldproperty_value
[08:23:41.294010 ERROR] [epJSONTranslator] Unable to look up field name for input fieldproperty_value
[08:23:41.294016 ERROR] [epJSONTranslator] Unable to look up field name for input fieldproperty_value
[08:23:41.294021 ERROR] [epJSONTranslator] Unable to look up field name for input fieldproperty_value
[08:23:41.294027 ERROR] [epJSONTranslator] Unable to look up field name for input fieldproperty_value
[08:23:41.294033 ERROR] [epJSONTranslator] Unable to look up field name for input fieldproperty_value
[08:23:41.294040 ERROR] [epJSONTranslator] Unable to look up field name for input fieldproperty_value
[08:23:41.294046 ERROR] [epJSONTranslator] Unable to look up field name for input fieldproperty_value
[08:23:41.294052 ERROR] [epJSONTranslator] Unable to look up field name for input fieldproperty_value
[08:23:41.294057 ERROR] [epJSONTranslator] Unable to look up field name for input fieldproperty_value
[08:23:41.294063 ERROR] [epJSONTranslator] Unable to look up field name for input fieldproperty_value
[08:23:41.294069 ERROR] [epJSONTranslator] Unable to look up field name for input fieldproperty_value
[08:23:41.294075 ERROR] [epJSONTranslator] Unable to look up field name for input fieldproperty_value
[08:23:41.294081 ERROR] [epJSONTranslator] Unable to look up field name for input fieldproperty_value
[08:23:41.294087 ERROR] [epJSONTranslator] Unable to look up field name for input fieldproperty_value
[08:23:41.294092 ERROR] [epJSONTranslator] Unable to look up field name for input fieldproperty_value
[08:23:41.294098 ERROR] [epJSONTranslator] Unable to look up field name for input fieldproperty_value
[08:23:41.294104 ERROR] [epJSONTranslator] Unable to look up field name for input fieldproperty_value
[08:23:41.294110 ERROR] [epJSONTranslator] Unable to look up field name for input fieldproperty_value
[08:23:41.294116 ERROR] [epJSONTranslator] Unable to look up field name for input fieldproperty_value
[08:23:41.294123 ERROR] [epJSONTranslator] Unable to look up field name for input fieldproperty_value
[08:23:41.294129 ERROR] [epJSONTranslator] Unable to look up field name for input fieldproperty_value
[08:23:41.294135 ERROR] [epJSONTranslator] Unable to look up field name for input fieldproperty_value
[08:23:41.294147 ERROR] [epJSONTranslator] Unable to look up field name for input fieldproperty_value
[08:23:41.294154 ERROR] [epJSONTranslator] Unable to look up field name for input fieldproperty_value
[08:23:41.294159 ERROR] [epJSONTranslator] Unable to look up field name for input fieldproperty_value
[08:23:41.294165 ERROR] [epJSONTranslator] Unable to look up field name for input fieldproperty_value
[08:23:41.294171 ERROR] [epJSONTranslator] Unable to look up field name for input fieldproperty_value
[08:23:41.294177 ERROR] [epJSONTranslator] Unable to look up field name for input fieldproperty_value
[08:23:41.294182 ERROR] [epJSONTranslator] Unable to look up field name for input fieldproperty_value
[08:23:41.294188 ERROR] [epJSONTranslator] Unable to look up field name for input fieldproperty_value
[08:23:41.294194 ERROR] [epJSONTranslator] Unable to look up field name for input fieldproperty_value
[08:23:41.294199 ERROR] [epJSONTranslator] Unable to look up field name for input fieldproperty_value
[08:23:41.294205 ERROR] [epJSONTranslator] Unable to look up field name for input fieldproperty_value
[08:23:41.294211 ERROR] [epJSONTranslator] Unable to look up field name for input fieldproperty_value
[08:23:41.294216 ERROR] [epJSONTranslator] Unable to look up field name for input fieldproperty_value
[08:23:41.294222 ERROR] [epJSONTranslator] Unable to look up field name for input fieldproperty_value
[08:23:41.294227 ERROR] [epJSONTranslator] Unable to look up field name for input fieldproperty_value
[08:23:41.294233 ERROR] [epJSONTranslator] Unable to look up field name for input fieldproperty_value
[08:23:41.294239 ERROR] [epJSONTranslator] Unable to look up field name for input fieldproperty_value
[08:23:41.294244 ERROR] [epJSONTranslator] Unable to look up field name for input fieldproperty_value
[08:23:41.294250 ERROR] [epJSONTranslator] Unable to look up field name for input fieldproperty_value
[08:23:41.294255 ERROR] [epJSONTranslator] Unable to look up field name for input fieldproperty_value
[08:23:41.294261 ERROR] [epJSONTranslator] Unable to look up field name for input fieldproperty_value
[08:23:41.294267 ERROR] [epJSONTranslator] Unable to look up field name for input fieldproperty_value
[08:23:41.294272 ERROR] [epJSONTranslator] Unable to look up field name for input fieldproperty_value
[08:23:41.294278 ERROR] [epJSONTranslator] Unable to look up field name for input fieldproperty_value
[08:23:41.294284 ERROR] [epJSONTranslator] Unable to look up field name for input fieldproperty_value
[08:23:41.294289 ERROR] [epJSONTranslator] Unable to look up field name for input fieldproperty_value
[08:23:41.294295 ERROR] [epJSONTranslator] Unable to look up field name for input fieldproperty_value
[08:23:41.294301 ERROR] [epJSONTranslator] Unable to look up field name for input fieldproperty_value
[08:23:41.294307 ERROR] [epJSONTranslator] Unable to look up field name for input fieldproperty_value
[08:23:41.294313 ERROR] [epJSONTranslator] Unable to look up field name for input fieldproperty_value
[08:23:41.294320 ERROR] [epJSONTranslator] Unable to look up field name for input fieldproperty_value
[08:23:41.294326 ERROR] [epJSONTranslator] Unable to look up field name for input fieldproperty_value
[08:23:41.294331 ERROR] [epJSONTranslator] Unable to look up field name for input fieldproperty_value
[08:23:41.294337 ERROR] [epJSONTranslator] Unable to look up field name for input fieldproperty_value
[08:23:41.294343 ERROR] [epJSONTranslator] Unable to look up field name for input fieldproperty_value
[08:23:41.294348 ERROR] [epJSONTranslator] Unable to look up field name for input fieldproperty_value
[08:23:41.294354 ERROR] [epJSONTranslator] Unable to look up field name for input fieldproperty_value
[08:23:41.294359 ERROR] [epJSONTranslator] Unable to look up field name for input fieldproperty_value
[08:23:41.294365 ERROR] [epJSONTranslator] Unable to look up field name for input fieldproperty_value
[08:23:41.294371 ERROR] [epJSONTranslator] Unable to look up field name for input fieldproperty_value
[08:23:41.294376 ERROR] [epJSONTranslator] Unable to look up field name for input fieldproperty_value
[08:23:41.294382 ERROR] [epJSONTranslator] Unable to look up field name for input fieldproperty_value
[08:23:41.294387 ERROR] [epJSONTranslator] Unable to look up field name for input fieldproperty_value
[08:23:41.294393 ERROR] [epJSONTranslator] Unable to look up field name for input fieldproperty_value
[08:23:41.294398 ERROR] [epJSONTranslator] Unable to look up field name for input fieldproperty_value
[08:23:41.294411 ERROR] [epJSONTranslator] Unable to look up field name for input fieldproperty_value
[08:23:41.294417 ERROR] [epJSONTranslator] Unable to look up field name for input fieldproperty_value
[08:23:41.294422 ERROR] [epJSONTranslator] Unable to look up field name for input fieldproperty_value
[08:23:41.294428 ERROR] [epJSONTranslator] Unable to look up field name for input fieldproperty_value
[08:23:41.294434 ERROR] [epJSONTranslator] Unable to look up field name for input fieldproperty_value
[08:23:41.294439 ERROR] [epJSONTranslator] Unable to look up field name for input fieldproperty_value
[08:23:41.294445 ERROR] [epJSONTranslator] Unable to look up field name for input fieldproperty_value
[08:23:41.294452 ERROR] [epJSONTranslator] Unable to look up field name for input fieldproperty_value
[08:23:41.294458 ERROR] [epJSONTranslator] Unable to look up field name for input fieldproperty_value
[08:23:41.294464 ERROR] [epJSONTranslator] Unable to look up field name for input fieldproperty_value
[08:23:41.294470 ERROR] [epJSONTranslator] Unable to look up field name for input fieldproperty_value
[08:23:41.294476 ERROR] [epJSONTranslator] Unable to look up field name for input fieldproperty_value
[08:23:41.294482 ERROR] [epJSONTranslator] Unable to look up field name for input fieldproperty_value
[08:23:41.294489 ERROR] [epJSONTranslator] Unable to look up field name for input fieldproperty_value
[08:23:41.294495 ERROR] [epJSONTranslator] Unable to look up field name for input fieldproperty_value
[08:23:41.294501 ERROR] [epJSONTranslator] Unable to look up field name for input fieldproperty_value
[08:23:41.294508 ERROR] [epJSONTranslator] Unable to look up field name for input fieldproperty_value
[08:23:41.294513 ERROR] [epJSONTranslator] Unable to look up field name for input fieldproperty_value
[08:23:41.294519 ERROR] [epJSONTranslator] Unable to look up field name for input fieldproperty_value
[08:23:41.294525 ERROR] [epJSONTranslator] Unable to look up field name for input fieldproperty_value
[08:23:41.294531 ERROR] [epJSONTranslator] Unable to look up field name for input fieldproperty_value
[08:23:41.294538 ERROR] [epJSONTranslator] Unable to look up field name for input fieldproperty_value
[08:23:41.294544 ERROR] [epJSONTranslator] Unable to look up field name for input fieldproperty_value
[08:23:41.294551 ERROR] [epJSONTranslator] Unable to look up field name for input fieldproperty_value
[08:23:41.294558 ERROR] [epJSONTranslator] Unable to look up field name for input fieldproperty_value
[08:23:41.294564 ERROR] [epJSONTranslator] Unable to look up field name for input fieldproperty_value
[08:23:41.294570 ERROR] [epJSONTranslator] Unable to look up field name for input fieldproperty_value
[08:23:41.294575 ERROR] [epJSONTranslator] Unable to look up field name for input fieldproperty_value
[08:23:41.294581 ERROR] [epJSONTranslator] Unable to look up field name for input fieldproperty_value
[08:23:41.294586 ERROR] [epJSONTranslator] Unable to look up field name for input fieldproperty_value
[08:23:41.294592 ERROR] [epJSONTranslator] Unable to look up field name for input fieldproperty_value
[08:23:41.294598 ERROR] [epJSONTranslator] Unable to look up field name for input fieldproperty_value
[08:23:41.294603 ERROR] [epJSONTranslator] Unable to look up field name for input fieldproperty_value
[08:23:41.294609 ERROR] [epJSONTranslator] Unable to look up field name for input fieldproperty_value
[08:23:41.294615 ERROR] [epJSONTranslator] Unable to look up field name for input fieldproperty_value
[08:23:41.294620 ERROR] [epJSONTranslator] Unable to look up field name for input fieldproperty_value
[08:23:41.294626 ERROR] [epJSONTranslator] Unable to look up field name for input fieldproperty_value
[08:23:41.294631 ERROR] [epJSONTranslator] Unable to look up field name for input fieldproperty_value
[08:23:41.294637 ERROR] [epJSONTranslator] Unable to look up field name for input fieldproperty_value
[08:23:41.294643 ERROR] [epJSONTranslator] Unable to look up field name for input fieldproperty_value
[08:23:41.294648 ERROR] [epJSONTranslator] Unable to look up field name for input fieldproperty_value
[08:23:41.294654 ERROR] [epJSONTranslator] Unable to look up field name for input fieldproperty_value
[08:23:41.294660 ERROR] [epJSONTranslator] Unable to look up field name for input fieldproperty_value
[08:23:41.294665 ERROR] [epJSONTranslator] Unable to look up field name for input fieldproperty_value
[08:23:41.294671 ERROR] [epJSONTranslator] Unable to look up field name for input fieldproperty_value
[08:23:41.294684 ERROR] [epJSONTranslator] Unable to look up field name for input fieldproperty_value
[08:23:41.294690 ERROR] [epJSONTranslator] Unable to look up field name for input fieldproperty_value
[08:23:41.294700 ERROR] [epJSONTranslator] Unable to look up field name for input fieldproperty_value
[08:23:41.294707 ERROR] [epJSONTranslator] Unable to look up field name for input fieldproperty_value
[08:23:41.294713 ERROR] [epJSONTranslator] Unable to look up field name for input fieldproperty_value
[08:23:41.294718 ERROR] [epJSONTranslator] Unable to look up field name for input fieldproperty_value
[08:23:41.294724 ERROR] [epJSONTranslator] Unable to look up field name for input fieldproperty_value
[08:23:41.294731 ERROR] [epJSONTranslator] Unable to look up field name for input fieldproperty_value
[08:23:41.294736 ERROR] [epJSONTranslator] Unable to look up field name for input fieldproperty_value
[08:23:41.294742 ERROR] [epJSONTranslator] Unable to look up field name for input fieldproperty_value
[08:23:41.294749 ERROR] [epJSONTranslator] Unable to look up field name for input fieldproperty_value
[08:23:41.294755 ERROR] [epJSONTranslator] Unable to look up field name for input fieldproperty_value
[08:23:41.294761 ERROR] [epJSONTranslator] Unable to look up field name for input fieldproperty_value
[08:23:41.294768 ERROR] [epJSONTranslator] Unable to look up field name for input fieldproperty_value
[08:23:41.294775 ERROR] [epJSONTranslator] Unable to look up field name for input fieldproperty_value
[08:23:41.294781 ERROR] [epJSONTranslator] Unable to look up field name for input fieldproperty_value
[08:23:41.294786 ERROR] [epJSONTranslator] Unable to look up field name for input fieldproperty_value
[08:23:41.294792 ERROR] [epJSONTranslator] Unable to look up field name for input fieldproperty_value
[08:23:41.294797 ERROR] [epJSONTranslator] Unable to look up field name for input fieldproperty_value
[08:23:41.294803 ERROR] [epJSONTranslator] Unable to look up field name for input fieldproperty_value
[08:23:41.294809 ERROR] [epJSONTranslator] Unable to look up field name for input fieldproperty_value
[08:23:41.294814 ERROR] [epJSONTranslator] Unable to look up field name for input fieldproperty_value
[08:23:41.294820 ERROR] [epJSONTranslator] Unable to look up field name for input fieldproperty_value
[08:23:41.294826 ERROR] [epJSONTranslator] Unable to look up field name for input fieldproperty_value
[08:23:41.294832 ERROR] [epJSONTranslator] Unable to look up field name for input fieldproperty_value
[08:23:41.294837 ERROR] [epJSONTranslator] Unable to look up field name for input fieldproperty_value
[08:23:41.294843 ERROR] [epJSONTranslator] Unable to look up field name for input fieldproperty_value
[08:23:41.294849 ERROR] [epJSONTranslator] Unable to look up field name for input fieldproperty_value
[08:23:41.294854 ERROR] [epJSONTranslator] Unable to look up field name for input fieldproperty_value
[08:23:41.294860 ERROR] [epJSONTranslator] Unable to look up field name for input fieldproperty_value
[08:23:41.294865 ERROR] [epJSONTranslator] Unable to look up field name for input fieldproperty_value
[08:23:41.294871 ERROR] [epJSONTranslator] Unable to look up field name for input fieldproperty_value
[08:23:41.294877 ERROR] [epJSONTranslator] Unable to look up field name for input fieldproperty_value
[08:23:41.294883 ERROR] [epJSONTranslator] Unable to look up field name for input fieldproperty_value
[08:23:41.294889 ERROR] [epJSONTranslator] Unable to look up field name for input fieldproperty_value
[08:23:41.294896 ERROR] [epJSONTranslator] Unable to look up field name for input fieldproperty_value
[08:23:41.294901 ERROR] [epJSONTranslator] Unable to look up field name for input fieldproperty_value
[08:23:41.294907 ERROR] [epJSONTranslator] Unable to look up field name for input fieldproperty_value
[08:23:41.294913 ERROR] [epJSONTranslator] Unable to look up field name for input fieldproperty_value
[08:23:41.294919 ERROR] [epJSONTranslator] Unable to look up field name for input fieldproperty_value
[08:23:41.294924 ERROR] [epJSONTranslator] Unable to look up field name for input fieldproperty_value
[08:23:41.294931 ERROR] [epJSONTranslator] Unable to look up field name for input fieldproperty_value
[08:23:41.294937 ERROR] [epJSONTranslator] Unable to look up field name for input fieldproperty_value
[08:23:41.294943 ERROR] [epJSONTranslator] Unable to look up field name for input fieldproperty_value
[08:23:41.294949 ERROR] [epJSONTranslator] Unable to look up field name for input fieldproperty_value
[08:23:41.294961 ERROR] [epJSONTranslator] Unable to look up field name for input fieldproperty_value
[08:23:41.294967 ERROR] [epJSONTranslator] Unable to look up field name for input fieldproperty_value
[08:23:41.294972 ERROR] [epJSONTranslator] Unable to look up field name for input fieldproperty_value
[08:23:41.294978 ERROR] [epJSONTranslator] Unable to look up field name for input fieldproperty_value
[08:23:41.294984 ERROR] [epJSONTranslator] Unable to look up field name for input fieldproperty_value
[08:23:41.294990 ERROR] [epJSONTranslator] Unable to look up field name for input fieldproperty_value
[08:23:41.294995 ERROR] [epJSONTranslator] Unable to look up field name for input fieldproperty_value
[08:23:41.295001 ERROR] [epJSONTranslator] Unable to look up field name for input fieldproperty_value
[08:23:41.295007 ERROR] [epJSONTranslator] Unable to look up field name for input fieldproperty_value
[08:23:41.295012 ERROR] [epJSONTranslator] Unable to look up field name for input fieldproperty_value
[08:23:41.295018 ERROR] [epJSONTranslator] Unable to look up field name for input fieldproperty_value
[08:23:41.295023 ERROR] [epJSONTranslator] Unable to look up field name for input fieldproperty_value
[08:23:41.295029 ERROR] [epJSONTranslator] Unable to look up field name for input fieldproperty_value
[08:23:41.295035 ERROR] [epJSONTranslator] Unable to look up field name for input fieldproperty_value
[08:23:41.295040 ERROR] [epJSONTranslator] Unable to look up field name for input fieldproperty_value
[08:23:41.295046 ERROR] [epJSONTranslator] Unable to look up field name for input fieldproperty_value
[08:23:41.295052 ERROR] [epJSONTranslator] Unable to look up field name for input fieldproperty_value
[08:23:41.295057 ERROR] [epJSONTranslator] Unable to look up field name for input fieldproperty_value
[08:23:41.295063 ERROR] [epJSONTranslator] Unable to look up field name for input fieldproperty_value
[08:23:41.295069 ERROR] [epJSONTranslator] Unable to look up field name for input fieldproperty_value
[08:23:41.295074 ERROR] [epJSONTranslator] Unable to look up field name for input fieldproperty_value
[08:23:41.295080 ERROR] [epJSONTranslator] Unable to look up field name for input fieldproperty_value
[08:23:41.295086 ERROR] [epJSONTranslator] Unable to look up field name for input fieldproperty_value
[08:23:41.295091 ERROR] [epJSONTranslator] Unable to look up field name for input fieldproperty_value
[08:23:41.295097 ERROR] [epJSONTranslator] Unable to look up field name for input fieldproperty_value
[08:23:41.295102 ERROR] [epJSONTranslator] Unable to look up field name for input fieldproperty_value
[08:23:41.295108 ERROR] [epJSONTranslator] Unable to look up field name for input fieldproperty_value
[08:23:41.295113 ERROR] [epJSONTranslator] Unable to look up field name for input fieldproperty_value
[08:23:41.295119 ERROR] [epJSONTranslator] Unable to look up field name for input fieldproperty_value
[08:23:41.295125 ERROR] [epJSONTranslator] Unable to look up field name for input fieldproperty_value
[08:23:41.295130 ERROR] [epJSONTranslator] Unable to look up field name for input fieldproperty_value
[08:23:41.295136 ERROR] [epJSONTranslator] Unable to look up field name for input fieldproperty_value
[08:23:41.295142 ERROR] [epJSONTranslator] Unable to look up field name for input fieldproperty_value
[08:23:41.295147 ERROR] [epJSONTranslator] Unable to look up field name for input fieldproperty_value
[08:23:41.295153 ERROR] [epJSONTranslator] Unable to look up field name for input fieldproperty_value
[08:23:41.295158 ERROR] [epJSONTranslator] Unable to look up field name for input fieldproperty_value
[08:23:41.295164 ERROR] [epJSONTranslator] Unable to look up field name for input fieldproperty_value
[08:23:41.295169 ERROR] [epJSONTranslator] Unable to look up field name for input fieldproperty_value
[08:23:41.295175 ERROR] [epJSONTranslator] Unable to look up field name for input fieldproperty_value
[08:23:41.295181 ERROR] [epJSONTranslator] Unable to look up field name for input fieldproperty_value
[08:23:41.295186 ERROR] [epJSONTranslator] Unable to look up field name for input fieldproperty_value
[08:23:41.295192 ERROR] [epJSONTranslator] Unable to look up field name for input fieldproperty_value
[08:23:41.295198 ERROR] [epJSONTranslator] Unable to look up field name for input fieldproperty_value
[08:23:41.295203 ERROR] [epJSONTranslator] Unable to look up field name for input fieldproperty_value
[08:23:41.295209 ERROR] [epJSONTranslator] Unable to look up field name for input fieldproperty_value
[08:23:41.295221 ERROR] [epJSONTranslator] Unable to look up field name for input fieldproperty_value
[08:23:41.295227 ERROR] [epJSONTranslator] Unable to look up field name for input fieldproperty_value
[08:23:41.295233 ERROR] [epJSONTranslator] Unable to look up field name for input fieldproperty_value
[08:23:41.295239 ERROR] [epJSONTranslator] Unable to look up field name for input fieldproperty_value
[08:23:41.295245 ERROR] [epJSONTranslator] Unable to look up field name for input fieldproperty_value
[08:23:41.295250 ERROR] [epJSONTranslator] Unable to look up field name for input fieldproperty_value
[08:23:41.295256 ERROR] [epJSONTranslator] Unable to look up field name for input fieldproperty_value
[08:23:41.295261 ERROR] [epJSONTranslator] Unable to look up field name for input fieldproperty_value
[08:23:41.295267 ERROR] [epJSONTranslator] Unable to look up field name for input fieldproperty_value
[08:23:41.295273 ERROR] [epJSONTranslator] Unable to look up field name for input fieldproperty_value
[08:23:41.295278 ERROR] [epJSONTranslator] Unable to look up field name for input fieldproperty_value
[08:23:41.295284 ERROR] [epJSONTranslator] Unable to look up field name for input fieldproperty_value
[08:23:41.295290 ERROR] [epJSONTranslator] Unable to look up field name for input fieldproperty_value
[08:23:41.295295 ERROR] [epJSONTranslator] Unable to look up field name for input fieldproperty_value
[08:23:41.295301 ERROR] [epJSONTranslator] Unable to look up field name for input fieldproperty_value
[08:23:41.295307 ERROR] [epJSONTranslator] Unable to look up field name for input fieldproperty_value
[08:23:41.295312 ERROR] [epJSONTranslator] Unable to look up field name for input fieldproperty_value
[08:23:41.295318 ERROR] [epJSONTranslator] Unable to look up field name for input fieldproperty_value
[08:23:41.295323 ERROR] [epJSONTranslator] Unable to look up field name for input fieldproperty_value
[08:23:41.295329 ERROR] [epJSONTranslator] Unable to look up field name for input fieldproperty_value
[08:23:41.295335 ERROR] [epJSONTranslator] Unable to look up field name for input fieldproperty_value
[08:23:41.295340 ERROR] [epJSONTranslator] Unable to look up field name for input fieldproperty_value
[08:23:41.295346 ERROR] [epJSONTranslator] Unable to look up field name for input fieldproperty_value
[08:23:41.295351 ERROR] [epJSONTranslator] Unable to look up field name for input fieldproperty_value
[08:23:41.295357 ERROR] [epJSONTranslator] Unable to look up field name for input fieldproperty_value
[08:23:41.295363 ERROR] [epJSONTranslator] Unable to look up field name for input fieldproperty_value
[08:23:41.295368 ERROR] [epJSONTranslator] Unable to look up field name for input fieldproperty_value
[08:23:41.295374 ERROR] [epJSONTranslator] Unable to look up field name for input fieldproperty_value
[08:23:41.295380 ERROR] [epJSONTranslator] Unable to look up field name for input fieldproperty_value
[08:23:41.295385 ERROR] [epJSONTranslator] Unable to look up field name for input fieldproperty_value
[08:23:41.295391 ERROR] [epJSONTranslator] Unable to look up field name for input fieldproperty_value
[08:23:41.295396 ERROR] [epJSONTranslator] Unable to look up field name for input fieldproperty_value
[08:23:41.295403 ERROR] [epJSONTranslator] Unable to look up field name for input fieldproperty_value
[08:23:41.295408 ERROR] [epJSONTranslator] Unable to look up field name for input fieldproperty_value
[08:23:41.295414 ERROR] [epJSONTranslator] Unable to look up field name for input fieldproperty_value
[08:23:41.295420 ERROR] [epJSONTranslator] Unable to look up field name for input fieldproperty_value
[08:23:41.295425 ERROR] [epJSONTranslator] Unable to look up field name for input fieldproperty_value
[08:23:41.295431 ERROR] [epJSONTranslator] Unable to look up field name for input fieldproperty_value
[08:23:41.295436 ERROR] [epJSONTranslator] Unable to look up field name for input fieldproperty_value
[08:23:41.295442 ERROR] [epJSONTranslator] Unable to look up field name for input fieldproperty_value
[08:23:41.295449 ERROR] [epJSONTranslator] Unable to look up field name for input fieldproperty_value
[08:23:41.295455 ERROR] [epJSONTranslator] Unable to look up field name for input fieldproperty_value
[08:23:41.295460 ERROR] [epJSONTranslator] Unable to look up field name for input fieldproperty_value
[08:23:41.295466 ERROR] [epJSONTranslator] Unable to look up field name for input fieldproperty_value
[08:23:41.295472 ERROR] [epJSONTranslator] Unable to look up field name for input fieldproperty_value
[08:23:41.295484 ERROR] [epJSONTranslator] Unable to look up field name for input fieldproperty_value
[08:23:41.295490 ERROR] [epJSONTranslator] Unable to look up field name for input fieldproperty_value
[08:23:41.295496 ERROR] [epJSONTranslator] Unable to look up field name for input fieldproperty_value
[08:23:41.295502 ERROR] [epJSONTranslator] Unable to look up field name for input fieldproperty_value
[08:23:41.295508 ERROR] [epJSONTranslator] Unable to look up field name for input fieldproperty_value
[08:23:41.295515 ERROR] [epJSONTranslator] Unable to look up field name for input fieldproperty_value
[08:23:41.295520 ERROR] [epJSONTranslator] Unable to look up field name for input fieldproperty_value
[08:23:41.295526 ERROR] [epJSONTranslator] Unable to look up field name for input fieldproperty_value
[08:23:41.295532 ERROR] [epJSONTranslator] Unable to look up field name for input fieldproperty_value
[08:23:41.295537 ERROR] [epJSONTranslator] Unable to look up field name for input fieldproperty_value
[08:23:41.295543 ERROR] [epJSONTranslator] Unable to look up field name for input fieldproperty_value
[08:23:41.295549 ERROR] [epJSONTranslator] Unable to look up field name for input fieldproperty_value
[08:23:41.295554 ERROR] [epJSONTranslator] Unable to look up field name for input fieldproperty_value
[08:23:41.295560 ERROR] [epJSONTranslator] Unable to look up field name for input fieldproperty_value
[08:23:41.295565 ERROR] [epJSONTranslator] Unable to look up field name for input fieldproperty_value
[08:23:41.295571 ERROR] [epJSONTranslator] Unable to look up field name for input fieldproperty_value
[08:23:41.295577 ERROR] [epJSONTranslator] Unable to look up field name for input fieldproperty_value
[08:23:41.295583 ERROR] [epJSONTranslator] Unable to look up field name for input fieldproperty_value
[08:23:41.295589 ERROR] [epJSONTranslator] Unable to look up field name for input fieldproperty_value
[08:23:41.295595 ERROR] [epJSONTranslator] Unable to look up field name for input fieldproperty_value
[08:23:41.295600 ERROR] [epJSONTranslator] Unable to look up field name for input fieldproperty_value
[08:23:41.295606 ERROR] [epJSONTranslator] Unable to look up field name for input fieldproperty_value
[08:23:41.295612 ERROR] [epJSONTranslator] Unable to look up field name for input fieldproperty_value
[08:23:41.295618 ERROR] [epJSONTranslator] Unable to look up field name for input fieldproperty_value
[08:23:41.295623 ERROR] [epJSONTranslator] Unable to look up field name for input fieldproperty_value
[08:23:41.295629 ERROR] [epJSONTranslator] Unable to look up field name for input fieldproperty_value
[08:23:41.295634 ERROR] [epJSONTranslator] Unable to look up field name for input fieldproperty_value
[08:23:41.295640 ERROR] [epJSONTranslator] Unable to look up field name for input fieldproperty_value
[08:23:41.295646 ERROR] [epJSONTranslator] Unable to look up field name for input fieldproperty_value
[08:23:41.295651 ERROR] [epJSONTranslator] Unable to look up field name for input fieldproperty_value
[08:23:41.295657 ERROR] [epJSONTranslator] Unable to look up field name for input fieldproperty_value
[08:23:41.295662 ERROR] [epJSONTranslator] Unable to look up field name for input fieldproperty_value
[08:23:41.295709 ERROR] [epJSONTranslator] Unable to look up field name for input fieldproperty_value
[08:23:41.295715 ERROR] [epJSONTranslator] Unable to look up field name for input fieldproperty_value
[08:23:41.295722 ERROR] [epJSONTranslator] Unable to look up field name for input fieldproperty_value
[08:23:41.295729 ERROR] [epJSONTranslator] Unable to look up field name for input fieldproperty_value
[08:23:41.295736 ERROR] [epJSONTranslator] Unable to look up field name for input fieldproperty_value
[08:23:41.295742 ERROR] [epJSONTranslator] Unable to look up field name for input fieldproperty_value
[08:23:41.295748 ERROR] [epJSONTranslator] Unable to look up field name for input fieldproperty_value
[08:23:41.295754 ERROR] [epJSONTranslator] Unable to look up field name for input fieldproperty_value
[08:23:41.295759 ERROR] [epJSONTranslator] Unable to look up field name for input fieldproperty_value
[08:23:41.295765 ERROR] [epJSONTranslator] Unable to look up field name for input fieldproperty_value
[08:23:41.295771 ERROR] [epJSONTranslator] Unable to look up field name for input fieldproperty_value
[08:23:41.295777 ERROR] [epJSONTranslator] Unable to look up field name for input fieldproperty_value
[08:23:41.295782 ERROR] [epJSONTranslator] Unable to look up field name for input fieldproperty_value
[08:23:41.295795 ERROR] [epJSONTranslator] Unable to look up field name for input fieldproperty_value
[08:23:41.295801 ERROR] [epJSONTranslator] Unable to look up field name for input fieldproperty_value
[08:23:41.295807 ERROR] [epJSONTranslator] Unable to look up field name for input fieldproperty_value
[08:23:41.295813 ERROR] [epJSONTranslator] Unable to look up field name for input fieldproperty_value
[08:23:41.295819 ERROR] [epJSONTranslator] Unable to look up field name for input fieldproperty_value
[08:23:41.295824 ERROR] [epJSONTranslator] Unable to look up field name for input fieldproperty_value
[08:23:41.295830 ERROR] [epJSONTranslator] Unable to look up field name for input fieldproperty_value
[08:23:41.295836 ERROR] [epJSONTranslator] Unable to look up field name for input fieldproperty_value
[08:23:41.295842 ERROR] [epJSONTranslator] Unable to look up field name for input fieldproperty_value
[08:23:41.295847 ERROR] [epJSONTranslator] Unable to look up field name for input fieldproperty_value
[08:23:41.295853 ERROR] [epJSONTranslator] Unable to look up field name for input fieldproperty_value
[08:23:41.295859 ERROR] [epJSONTranslator] Unable to look up field name for input fieldproperty_value
[08:23:41.295865 ERROR] [epJSONTranslator] Unable to look up field name for input fieldproperty_value
[08:23:41.295870 ERROR] [epJSONTranslator] Unable to look up field name for input fieldproperty_value
[08:23:41.295876 ERROR] [epJSONTranslator] Unable to look up field name for input fieldproperty_value
[08:23:41.295881 ERROR] [epJSONTranslator] Unable to look up field name for input fieldproperty_value
[08:23:41.295887 ERROR] [epJSONTranslator] Unable to look up field name for input fieldproperty_value
[08:23:41.295893 ERROR] [epJSONTranslator] Unable to look up field name for input fieldproperty_value
[08:23:41.295898 ERROR] [epJSONTranslator] Unable to look up field name for input fieldproperty_value
[08:23:41.295904 ERROR] [epJSONTranslator] Unable to look up field name for input fieldproperty_value
[08:23:41.295910 ERROR] [epJSONTranslator] Unable to look up field name for input fieldproperty_value
[08:23:41.295916 ERROR] [epJSONTranslator] Unable to look up field name for input fieldproperty_value
[08:23:41.295921 ERROR] [epJSONTranslator] Unable to look up field name for input fieldproperty_value
[08:23:41.295927 ERROR] [epJSONTranslator] Unable to look up field name for input fieldproperty_value
[08:23:41.295933 ERROR] [epJSONTranslator] Unable to look up field name for input fieldproperty_value
[08:23:41.295938 ERROR] [epJSONTranslator] Unable to look up field name for input fieldproperty_value
[08:23:41.295944 ERROR] [epJSONTranslator] Unable to look up field name for input fieldproperty_value
[08:23:41.295949 ERROR] [epJSONTranslator] Unable to look up field name for input fieldproperty_value
[08:23:41.295955 ERROR] [epJSONTranslator] Unable to look up field name for input fieldproperty_value
[08:23:41.295961 ERROR] [epJSONTranslator] Unable to look up field name for input fieldproperty_value
[08:23:41.295967 ERROR] [epJSONTranslator] Unable to look up field name for input fieldproperty_value
[08:23:41.295972 ERROR] [epJSONTranslator] Unable to look up field name for input fieldproperty_value
[08:23:41.295978 ERROR] [epJSONTranslator] Unable to look up field name for input fieldproperty_value
[08:23:41.295984 ERROR] [epJSONTranslator] Unable to look up field name for input fieldproperty_value
[08:23:41.295989 ERROR] [epJSONTranslator] Unable to look up field name for input fieldproperty_value
[08:23:41.295995 ERROR] [epJSONTranslator] Unable to look up field name for input fieldproperty_value
[08:23:41.296001 ERROR] [epJSONTranslator] Unable to look up field name for input fieldproperty_value
[08:23:41.296006 ERROR] [epJSONTranslator] Unable to look up field name for input fieldproperty_value
[08:23:41.296012 ERROR] [epJSONTranslator] Unable to look up field name for input fieldproperty_value
[08:23:41.296017 ERROR] [epJSONTranslator] Unable to look up field name for input fieldproperty_value
[08:23:41.296023 ERROR] [epJSONTranslator] Unable to look up field name for input fieldproperty_value
[08:23:41.296029 ERROR] [epJSONTranslator] Unable to look up field name for input fieldproperty_value
[08:23:41.296034 ERROR] [epJSONTranslator] Unable to look up field name for input fieldproperty_value
[08:23:41.296040 ERROR] [epJSONTranslator] Unable to look up field name for input fieldproperty_value
[08:23:41.296045 ERROR] [epJSONTranslator] Unable to look up field name for input fieldproperty_value
[08:23:41.296058 ERROR] [epJSONTranslator] Unable to look up field name for input fieldproperty_value
[08:23:41.296064 ERROR] [epJSONTranslator] Unable to look up field name for input fieldproperty_value
[08:23:41.296070 ERROR] [epJSONTranslator] Unable to look up field name for input fieldproperty_value
[08:23:41.296075 ERROR] [epJSONTranslator] Unable to look up field name for input fieldproperty_value
[08:23:41.296081 ERROR] [epJSONTranslator] Unable to look up field name for input fieldproperty_value
[08:23:41.296086 ERROR] [epJSONTranslator] Unable to look up field name for input fieldproperty_value
[08:23:41.296092 ERROR] [epJSONTranslator] Unable to look up field name for input fieldproperty_value
[08:23:41.296098 ERROR] [epJSONTranslator] Unable to look up field name for input fieldproperty_value
[08:23:41.296103 ERROR] [epJSONTranslator] Unable to look up field name for input fieldproperty_value
[08:23:41.296109 ERROR] [epJSONTranslator] Unable to look up field name for input fieldproperty_value
[08:23:41.296114 ERROR] [epJSONTranslator] Unable to look up field name for input fieldproperty_value
[08:23:41.296120 ERROR] [epJSONTranslator] Unable to look up field name for input fieldproperty_value
[08:23:41.296126 ERROR] [epJSONTranslator] Unable to look up field name for input fieldproperty_value
[08:23:41.296132 ERROR] [epJSONTranslator] Unable to look up field name for input fieldproperty_value
[08:23:41.296137 ERROR] [epJSONTranslator] Unable to look up field name for input fieldproperty_value
[08:23:41.296143 ERROR] [epJSONTranslator] Unable to look up field name for input fieldproperty_value
[08:23:41.296149 ERROR] [epJSONTranslator] Unable to look up field name for input fieldproperty_value
[08:23:41.296155 ERROR] [epJSONTranslator] Unable to look up field name for input fieldproperty_value
[08:23:41.296161 ERROR] [epJSONTranslator] Unable to look up field name for input fieldproperty_value
[08:23:41.296167 ERROR] [epJSONTranslator] Unable to look up field name for input fieldproperty_value
[08:23:41.296173 ERROR] [epJSONTranslator] Unable to look up field name for input fieldproperty_value
[08:23:41.296179 ERROR] [epJSONTranslator] Unable to look up field name for input fieldproperty_value
[08:23:41.296185 ERROR] [epJSONTranslator] Unable to look up field name for input fieldproperty_value
[08:23:41.296190 ERROR] [epJSONTranslator] Unable to look up field name for input fieldproperty_value
[08:23:41.296196 ERROR] [epJSONTranslator] Unable to look up field name for input fieldproperty_value
[08:23:41.296202 ERROR] [epJSONTranslator] Unable to look up field name for input fieldproperty_value
[08:23:41.296208 ERROR] [epJSONTranslator] Unable to look up field name for input fieldproperty_value
[08:23:41.296213 ERROR] [epJSONTranslator] Unable to look up field name for input fieldproperty_value
[08:23:41.296219 ERROR] [epJSONTranslator] Unable to look up field name for input fieldproperty_value
[08:23:41.296225 ERROR] [epJSONTranslator] Unable to look up field name for input fieldproperty_value
[08:23:41.296231 ERROR] [epJSONTranslator] Unable to look up field name for input fieldproperty_value
[08:23:41.296236 ERROR] [epJSONTranslator] Unable to look up field name for input fieldproperty_value
[08:23:41.296242 ERROR] [epJSONTranslator] Unable to look up field name for input fieldproperty_value
[08:23:41.296248 ERROR] [epJSONTranslator] Unable to look up field name for input fieldproperty_value
[08:23:41.296253 ERROR] [epJSONTranslator] Unable to look up field name for input fieldproperty_value
[08:23:41.296259 ERROR] [epJSONTranslator] Unable to look up field name for input fieldproperty_value
[08:23:41.296266 ERROR] [epJSONTranslator] Unable to look up field name for input fieldproperty_value
[08:23:41.296271 ERROR] [epJSONTranslator] Unable to look up field name for input fieldproperty_value
[08:23:41.296277 ERROR] [epJSONTranslator] Unable to look up field name for input fieldproperty_value
[08:23:41.296283 ERROR] [epJSONTranslator] Unable to look up field name for input fieldproperty_value
[08:23:41.296289 ERROR] [epJSONTranslator] Unable to look up field name for input fieldproperty_value
[08:23:41.296295 ERROR] [epJSONTranslator] Unable to look up field name for input fieldproperty_value
[08:23:41.296301 ERROR] [epJSONTranslator] Unable to look up field name for input fieldproperty_value
[08:23:41.296306 ERROR] [epJSONTranslator] Unable to look up field name for input fieldproperty_value
[08:23:41.296313 ERROR] [epJSONTranslator] Unable to look up field name for input fieldproperty_value
[08:23:41.296325 ERROR] [epJSONTranslator] Unable to look up field name for input fieldproperty_value
[08:23:41.296332 ERROR] [epJSONTranslator] Unable to look up field name for input fieldproperty_value
[08:23:41.296338 ERROR] [epJSONTranslator] Unable to look up field name for input fieldproperty_value
[08:23:41.296344 ERROR] [epJSONTranslator] Unable to look up field name for input fieldproperty_value
[08:23:41.296350 ERROR] [epJSONTranslator] Unable to look up field name for input fieldproperty_value
[08:23:41.296356 ERROR] [epJSONTranslator] Unable to look up field name for input fieldproperty_value
[08:23:41.296362 ERROR] [epJSONTranslator] Unable to look up field name for input fieldproperty_value
[08:23:41.296368 ERROR] [epJSONTranslator] Unable to look up field name for input fieldproperty_value
[08:23:41.296373 ERROR] [epJSONTranslator] Unable to look up field name for input fieldproperty_value
[08:23:41.296379 ERROR] [epJSONTranslator] Unable to look up field name for input fieldproperty_value
[08:23:41.296386 ERROR] [epJSONTranslator] Unable to look up field name for input fieldproperty_value
[08:23:41.296392 ERROR] [epJSONTranslator] Unable to look up field name for input fieldproperty_value
[08:23:41.296398 ERROR] [epJSONTranslator] Unable to look up field name for input fieldproperty_value
[08:23:41.296405 ERROR] [epJSONTranslator] Unable to look up field name for input fieldproperty_value
[08:23:41.296410 ERROR] [epJSONTranslator] Unable to look up field name for input fieldproperty_value
[08:23:41.296416 ERROR] [epJSONTranslator] Unable to look up field name for input fieldproperty_value
[08:23:41.296421 ERROR] [epJSONTranslator] Unable to look up field name for input fieldproperty_value
[08:23:41.296427 ERROR] [epJSONTranslator] Unable to look up field name for input fieldproperty_value
[08:23:41.296433 ERROR] [epJSONTranslator] Unable to look up field name for input fieldproperty_value
[08:23:41.296438 ERROR] [epJSONTranslator] Unable to look up field name for input fieldproperty_value
[08:23:41.296444 ERROR] [epJSONTranslator] Unable to look up field name for input fieldproperty_value
[08:23:41.296449 ERROR] [epJSONTranslator] Unable to look up field name for input fieldproperty_value
[08:23:41.296455 ERROR] [epJSONTranslator] Unable to look up field name for input fieldproperty_value
[08:23:41.296461 ERROR] [epJSONTranslator] Unable to look up field name for input fieldproperty_value
[08:23:41.296466 ERROR] [epJSONTranslator] Unable to look up field name for input fieldproperty_value
[08:23:41.296472 ERROR] [epJSONTranslator] Unable to look up field name for input fieldproperty_value
[08:23:41.296478 ERROR] [epJSONTranslator] Unable to look up field name for input fieldproperty_value
[08:23:41.296484 ERROR] [epJSONTranslator] Unable to look up field name for input fieldproperty_value
[08:23:41.296490 ERROR] [epJSONTranslator] Unable to look up field name for input fieldproperty_value
[08:23:41.296497 ERROR] [epJSONTranslator] Unable to look up field name for input fieldproperty_value
[08:23:41.296502 ERROR] [epJSONTranslator] Unable to look up field name for input fieldproperty_value
[08:23:41.296508 ERROR] [epJSONTranslator] Unable to look up field name for input fieldproperty_value
[08:23:41.296514 ERROR] [epJSONTranslator] Unable to look up field name for input fieldproperty_value
[08:23:41.296519 ERROR] [epJSONTranslator] Unable to look up field name for input fieldproperty_value
[08:23:41.296525 ERROR] [epJSONTranslator] Unable to look up field name for input fieldproperty_value
[08:23:41.296530 ERROR] [epJSONTranslator] Unable to look up field name for input fieldproperty_value
[08:23:41.296536 ERROR] [epJSONTranslator] Unable to look up field name for input fieldproperty_value
[08:23:41.296542 ERROR] [epJSONTranslator] Unable to look up field name for input fieldproperty_value
[08:23:41.296547 ERROR] [epJSONTranslator] Unable to look up field name for input fieldproperty_value
[08:23:41.296553 ERROR] [epJSONTranslator] Unable to look up field name for input fieldproperty_value
[08:23:41.296559 ERROR] [epJSONTranslator] Unable to look up field name for input fieldproperty_value
[08:23:41.296564 ERROR] [epJSONTranslator] Unable to look up field name for input fieldproperty_value
[08:23:41.296570 ERROR] [epJSONTranslator] Unable to look up field name for input fieldproperty_value
[08:23:41.296575 ERROR] [epJSONTranslator] Unable to look up field name for input fieldproperty_value
[08:23:41.296581 ERROR] [epJSONTranslator] Unable to look up field name for input fieldproperty_value
[08:23:41.296593 ERROR] [epJSONTranslator] Unable to look up field name for input fieldproperty_value
[08:23:41.296599 ERROR] [epJSONTranslator] Unable to look up field name for input fieldproperty_value
[08:23:41.296605 ERROR] [epJSONTranslator] Unable to look up field name for input fieldproperty_value
[08:23:41.296611 ERROR] [epJSONTranslator] Unable to look up field name for input fieldproperty_value
[08:23:41.296617 ERROR] [epJSONTranslator] Unable to look up field name for input fieldproperty_value
[08:23:41.296622 ERROR] [epJSONTranslator] Unable to look up field name for input fieldproperty_value
[08:23:41.296628 ERROR] [epJSONTranslator] Unable to look up field name for input fieldproperty_value
[08:23:41.296633 ERROR] [epJSONTranslator] Unable to look up field name for input fieldproperty_value
[08:23:41.296639 ERROR] [epJSONTranslator] Unable to look up field name for input fieldproperty_value
[08:23:41.296645 ERROR] [epJSONTranslator] Unable to look up field name for input fieldproperty_value
[08:23:41.296650 ERROR] [epJSONTranslator] Unable to look up field name for input fieldproperty_value
[08:23:41.296656 ERROR] [epJSONTranslator] Unable to look up field name for input fieldproperty_value
[08:23:41.296662 ERROR] [epJSONTranslator] Unable to look up field name for input fieldproperty_value
[08:23:41.296668 ERROR] [epJSONTranslator] Unable to look up field name for input fieldproperty_value
[08:23:41.296674 ERROR] [epJSONTranslator] Unable to look up field name for input fieldproperty_value
[08:23:41.296679 ERROR] [epJSONTranslator] Unable to look up field name for input fieldproperty_value
[08:23:41.296686 ERROR] [epJSONTranslator] Unable to look up field name for input fieldproperty_value
[08:23:41.296692 ERROR] [epJSONTranslator] Unable to look up field name for input fieldproperty_value
[08:23:41.296698 ERROR] [epJSONTranslator] Unable to look up field name for input fieldproperty_value
[08:23:41.296704 ERROR] [epJSONTranslator] Unable to look up field name for input fieldproperty_value
[08:23:41.296711 ERROR] [epJSONTranslator] Unable to look up field name for input fieldproperty_value
[08:23:41.296717 ERROR] [epJSONTranslator] Unable to look up field name for input fieldproperty_value
[08:23:41.296723 ERROR] [epJSONTranslator] Unable to look up field name for input fieldproperty_value
[08:23:41.296730 ERROR] [epJSONTranslator] Unable to look up field name for input fieldproperty_value
[08:23:41.296737 ERROR] [epJSONTranslator] Unable to look up field name for input fieldproperty_value
[08:23:41.296743 ERROR] [epJSONTranslator] Unable to look up field name for input fieldproperty_value
[08:23:41.296748 ERROR] [epJSONTranslator] Unable to look up field name for input fieldproperty_value
[08:23:41.296754 ERROR] [epJSONTranslator] Unable to look up field name for input fieldproperty_value
[08:23:41.296761 ERROR] [epJSONTranslator] Unable to look up field name for input fieldproperty_value
[08:23:41.296768 ERROR] [epJSONTranslator] Unable to look up field name for input fieldproperty_value
[08:23:41.296774 ERROR] [epJSONTranslator] Unable to look up field name for input fieldproperty_value
[08:23:41.296781 ERROR] [epJSONTranslator] Unable to look up field name for input fieldproperty_value
[08:23:41.296787 ERROR] [epJSONTranslator] Unable to look up field name for input fieldproperty_value
[08:23:41.296793 ERROR] [epJSONTranslator] Unable to look up field name for input fieldproperty_value
[08:23:41.296799 ERROR] [epJSONTranslator] Unable to look up field name for input fieldproperty_value
[08:23:41.296804 ERROR] [epJSONTranslator] Unable to look up field name for input fieldproperty_value
[08:23:41.296810 ERROR] [epJSONTranslator] Unable to look up field name for input fieldproperty_value
[08:23:41.296815 ERROR] [epJSONTranslator] Unable to look up field name for input fieldproperty_value
[08:23:41.296821 ERROR] [epJSONTranslator] Unable to look up field name for input fieldproperty_value
[08:23:41.296826 ERROR] [epJSONTranslator] Unable to look up field name for input fieldproperty_value
[08:23:41.296832 ERROR] [epJSONTranslator] Unable to look up field name for input fieldproperty_value
[08:23:41.296838 ERROR] [epJSONTranslator] Unable to look up field name for input fieldproperty_value
[08:23:41.296844 ERROR] [epJSONTranslator] Unable to look up field name for input fieldproperty_value
[08:23:41.296851 ERROR] [epJSONTranslator] Unable to look up field name for input fieldproperty_value
[08:23:41.296859 ERROR] [epJSONTranslator] Unable to look up field name for input fieldproperty_value
[08:23:41.296873 ERROR] [epJSONTranslator] Unable to look up field name for input fieldproperty_value
[08:23:41.296881 ERROR] [epJSONTranslator] Unable to look up field name for input fieldproperty_value
[08:23:41.296888 ERROR] [epJSONTranslator] Unable to look up field name for input fieldproperty_value
[08:23:41.296894 ERROR] [epJSONTranslator] Unable to look up field name for input fieldproperty_value
[08:23:41.296900 ERROR] [epJSONTranslator] Unable to look up field name for input fieldproperty_value
[08:23:41.296907 ERROR] [epJSONTranslator] Unable to look up field name for input fieldproperty_value
[08:23:41.296914 ERROR] [epJSONTranslator] Unable to look up field name for input fieldproperty_value
[08:23:41.296920 ERROR] [epJSONTranslator] Unable to look up field name for input fieldproperty_value
[08:23:41.296927 ERROR] [epJSONTranslator] Unable to look up field name for input fieldproperty_value
[08:23:41.296933 ERROR] [epJSONTranslator] Unable to look up field name for input fieldproperty_value
[08:23:41.296940 ERROR] [epJSONTranslator] Unable to look up field name for input fieldproperty_value
[08:23:41.296946 ERROR] [epJSONTranslator] Unable to look up field name for input fieldproperty_value
[08:23:41.296952 ERROR] [epJSONTranslator] Unable to look up field name for input fieldproperty_value
[08:23:41.296957 ERROR] [epJSONTranslator] Unable to look up field name for input fieldproperty_value
[08:23:41.296963 ERROR] [epJSONTranslator] Unable to look up field name for input fieldproperty_value
[08:23:41.296969 ERROR] [epJSONTranslator] Unable to look up field name for input fieldproperty_value
[08:23:41.296975 ERROR] [epJSONTranslator] Unable to look up field name for input fieldproperty_value
[08:23:41.296981 ERROR] [epJSONTranslator] Unable to look up field name for input fieldproperty_value
[08:23:41.296988 ERROR] [epJSONTranslator] Unable to look up field name for input fieldproperty_value
[08:23:41.296994 ERROR] [epJSONTranslator] Unable to look up field name for input fieldproperty_value
[08:23:41.296999 ERROR] [epJSONTranslator] Unable to look up field name for input fieldproperty_value
[08:23:41.297005 ERROR] [epJSONTranslator] Unable to look up field name for input fieldproperty_value
[08:23:41.297010 ERROR] [epJSONTranslator] Unable to look up field name for input fieldproperty_value
[08:23:41.297016 ERROR] [epJSONTranslator] Unable to look up field name for input fieldproperty_value
[08:23:41.297022 ERROR] [epJSONTranslator] Unable to look up field name for input fieldproperty_value
[08:23:41.297027 ERROR] [epJSONTranslator] Unable to look up field name for input fieldproperty_value
[08:23:41.297033 ERROR] [epJSONTranslator] Unable to look up field name for input fieldproperty_value
[08:23:41.297039 ERROR] [epJSONTranslator] Unable to look up field name for input fieldproperty_value
[08:23:41.297044 ERROR] [epJSONTranslator] Unable to look up field name for input fieldproperty_value
[08:23:41.297050 ERROR] [epJSONTranslator] Unable to look up field name for input fieldproperty_value
[08:23:41.297055 ERROR] [epJSONTranslator] Unable to look up field name for input fieldproperty_value
[08:23:41.297061 ERROR] [epJSONTranslator] Unable to look up field name for input fieldproperty_value
[08:23:41.297067 ERROR] [epJSONTranslator] Unable to look up field name for input fieldproperty_value
[08:23:41.297072 ERROR] [epJSONTranslator] Unable to look up field name for input fieldproperty_value
[08:23:41.297078 ERROR] [epJSONTranslator] Unable to look up field name for input fieldproperty_value
[08:23:41.297083 ERROR] [epJSONTranslator] Unable to look up field name for input fieldproperty_value
[08:23:41.297089 ERROR] [epJSONTranslator] Unable to look up field name for input fieldproperty_value
[08:23:41.297094 ERROR] [epJSONTranslator] Unable to look up field name for input fieldproperty_value
[08:23:41.297100 ERROR] [epJSONTranslator] Unable to look up field name for input fieldproperty_value
[08:23:41.297105 ERROR] [epJSONTranslator] Unable to look up field name for input fieldproperty_value
[08:23:41.297111 ERROR] [epJSONTranslator] Unable to look up field name for input fieldproperty_value
[08:23:41.297117 ERROR] [epJSONTranslator] Unable to look up field name for input fieldproperty_value
[08:23:41.297122 ERROR] [epJSONTranslator] Unable to look up field name for input fieldproperty_value
[08:23:41.297128 ERROR] [epJSONTranslator] Unable to look up field name for input fieldproperty_value
[08:23:41.297133 ERROR] [epJSONTranslator] Unable to look up field name for input fieldproperty_value
[08:23:41.297146 ERROR] [epJSONTranslator] Unable to look up field name for input fieldproperty_value
[08:23:41.297152 ERROR] [epJSONTranslator] Unable to look up field name for input fieldproperty_value
[08:23:41.297158 ERROR] [epJSONTranslator] Unable to look up field name for input fieldproperty_value
[08:23:41.297163 ERROR] [epJSONTranslator] Unable to look up field name for input fieldproperty_value
[08:23:41.297169 ERROR] [epJSONTranslator] Unable to look up field name for input fieldproperty_value
[08:23:41.297174 ERROR] [epJSONTranslator] Unable to look up field name for input fieldproperty_value
[08:23:41.297180 ERROR] [epJSONTranslator] Unable to look up field name for input fieldproperty_value
[08:23:41.297185 ERROR] [epJSONTranslator] Unable to look up field name for input fieldproperty_value
[08:23:41.297191 ERROR] [epJSONTranslator] Unable to look up field name for input fieldproperty_value
[08:23:41.297197 ERROR] [epJSONTranslator] Unable to look up field name for input fieldproperty_value
[08:23:41.297202 ERROR] [epJSONTranslator] Unable to look up field name for input fieldproperty_value
[08:23:41.297208 ERROR] [epJSONTranslator] Unable to look up field name for input fieldproperty_value
[08:23:41.297214 ERROR] [epJSONTranslator] Unable to look up field name for input fieldproperty_value
[08:23:41.297219 ERROR] [epJSONTranslator] Unable to look up field name for input fieldproperty_value
[08:23:41.297225 ERROR] [epJSONTranslator] Unable to look up field name for input fieldproperty_value
[08:23:41.297230 ERROR] [epJSONTranslator] Unable to look up field name for input fieldproperty_value
[08:23:41.297236 ERROR] [epJSONTranslator] Unable to look up field name for input fieldproperty_value
[08:23:41.297242 ERROR] [epJSONTranslator] Unable to look up field name for input fieldproperty_value
[08:23:41.297247 ERROR] [epJSONTranslator] Unable to look up field name for input fieldproperty_value
[08:23:41.297253 ERROR] [epJSONTranslator] Unable to look up field name for input fieldproperty_value
[08:23:41.297258 ERROR] [epJSONTranslator] Unable to look up field name for input fieldproperty_value
[08:23:41.297264 ERROR] [epJSONTranslator] Unable to look up field name for input fieldproperty_value
[08:23:41.297269 ERROR] [epJSONTranslator] Unable to look up field name for input fieldproperty_value
[08:23:41.297275 ERROR] [epJSONTranslator] Unable to look up field name for input fieldproperty_value
[08:23:41.297281 ERROR] [epJSONTranslator] Unable to look up field name for input fieldproperty_value
[08:23:41.297286 ERROR] [epJSONTranslator] Unable to look up field name for input fieldproperty_value
[08:23:41.297292 ERROR] [epJSONTranslator] Unable to look up field name for input fieldproperty_value
[08:23:41.297297 ERROR] [epJSONTranslator] Unable to look up field name for input fieldproperty_value
[08:23:41.297303 ERROR] [epJSONTranslator] Unable to look up field name for input fieldproperty_value
[08:23:41.297309 ERROR] [epJSONTranslator] Unable to look up field name for input fieldproperty_value
[08:23:41.297315 ERROR] [epJSONTranslator] Unable to look up field name for input fieldproperty_value
[08:23:41.297322 ERROR] [epJSONTranslator] Unable to look up field name for input fieldproperty_value
[08:23:41.297327 ERROR] [epJSONTranslator] Unable to look up field name for input fieldproperty_value
[08:23:41.297333 ERROR] [epJSONTranslator] Unable to look up field name for input fieldproperty_value
[08:23:41.297338 ERROR] [epJSONTranslator] Unable to look up field name for input fieldproperty_value
[08:23:41.297344 ERROR] [epJSONTranslator] Unable to look up field name for input fieldproperty_value
[08:23:41.297350 ERROR] [epJSONTranslator] Unable to look up field name for input fieldproperty_value
[08:23:41.297355 ERROR] [epJSONTranslator] Unable to look up field name for input fieldproperty_value
[08:23:41.297362 ERROR] [epJSONTranslator] Unable to look up field name for input fieldproperty_value
[08:23:41.297368 ERROR] [epJSONTranslator] Unable to look up field name for input fieldproperty_value
[08:23:41.297374 ERROR] [epJSONTranslator] Unable to look up field name for input fieldproperty_value
[08:23:41.297380 ERROR] [epJSONTranslator] Unable to look up field name for input fieldproperty_value
[08:23:41.297385 ERROR] [epJSONTranslator] Unable to look up field name for input fieldproperty_value
[08:23:41.297391 ERROR] [epJSONTranslator] Unable to look up field name for input fieldproperty_value
[08:23:41.297397 ERROR] [epJSONTranslator] Unable to look up field name for input fieldproperty_value
[08:23:41.297409 ERROR] [epJSONTranslator] Unable to look up field name for input fieldproperty_value
[08:23:41.297415 ERROR] [epJSONTranslator] Unable to look up field name for input fieldproperty_value
[08:23:41.297421 ERROR] [epJSONTranslator] Unable to look up field name for input fieldproperty_value
[08:23:41.297426 ERROR] [epJSONTranslator] Unable to look up field name for input fieldproperty_value
[08:23:41.297432 ERROR] [epJSONTranslator] Unable to look up field name for input fieldproperty_value
[08:23:41.297438 ERROR] [epJSONTranslator] Unable to look up field name for input fieldproperty_value
[08:23:41.297443 ERROR] [epJSONTranslator] Unable to look up field name for input fieldproperty_value
[08:23:41.297449 ERROR] [epJSONTranslator] Unable to look up field name for input fieldproperty_value
[08:23:41.297455 ERROR] [epJSONTranslator] Unable to look up field name for input fieldproperty_value
[08:23:41.297460 ERROR] [epJSONTranslator] Unable to look up field name for input fieldproperty_value
[08:23:41.297466 ERROR] [epJSONTranslator] Unable to look up field name for input fieldproperty_value
[08:23:41.297472 ERROR] [epJSONTranslator] Unable to look up field name for input fieldproperty_value
[08:23:41.297477 ERROR] [epJSONTranslator] Unable to look up field name for input fieldproperty_value
[08:23:41.297483 ERROR] [epJSONTranslator] Unable to look up field name for input fieldproperty_value
[08:23:41.297489 ERROR] [epJSONTranslator] Unable to look up field name for input fieldproperty_value
[08:23:41.297495 ERROR] [epJSONTranslator] Unable to look up field name for input fieldproperty_value
[08:23:41.297500 ERROR] [epJSONTranslator] Unable to look up field name for input fieldproperty_value
[08:23:41.297506 ERROR] [epJSONTranslator] Unable to look up field name for input fieldproperty_value
[08:23:41.297512 ERROR] [epJSONTranslator] Unable to look up field name for input fieldproperty_value
[08:23:41.297518 ERROR] [epJSONTranslator] Unable to look up field name for input fieldproperty_value
[08:23:41.297525 ERROR] [epJSONTranslator] Unable to look up field name for input fieldproperty_value
[08:23:41.297532 ERROR] [epJSONTranslator] Unable to look up field name for input fieldproperty_value
[08:23:41.297538 ERROR] [epJSONTranslator] Unable to look up field name for input fieldproperty_value
[08:23:41.297544 ERROR] [epJSONTranslator] Unable to look up field name for input fieldproperty_value
[08:23:41.297550 ERROR] [epJSONTranslator] Unable to look up field name for input fieldproperty_value
[08:23:41.297556 ERROR] [epJSONTranslator] Unable to look up field name for input fieldproperty_value
[08:23:41.297561 ERROR] [epJSONTranslator] Unable to look up field name for input fieldproperty_value
[08:23:41.297567 ERROR] [epJSONTranslator] Unable to look up field name for input fieldproperty_value
[08:23:41.297575 ERROR] [epJSONTranslator] Unable to look up field name for input fieldproperty_value
[08:23:41.297582 ERROR] [epJSONTranslator] Unable to look up field name for input fieldproperty_value
[08:23:41.297589 ERROR] [epJSONTranslator] Unable to look up field name for input fieldproperty_value
[08:23:41.297597 ERROR] [epJSONTranslator] Unable to look up field name for input fieldproperty_value
[08:23:41.297604 ERROR] [epJSONTranslator] Unable to look up field name for input fieldproperty_value
[08:23:41.297610 ERROR] [epJSONTranslator] Unable to look up field name for input fieldproperty_value
[08:23:41.297617 ERROR] [epJSONTranslator] Unable to look up field name for input fieldproperty_value
[08:23:41.297622 ERROR] [epJSONTranslator] Unable to look up field name for input fieldproperty_value
[08:23:41.297628 ERROR] [epJSONTranslator] Unable to look up field name for input fieldproperty_value
[08:23:41.297633 ERROR] [epJSONTranslator] Unable to look up field name for input fieldproperty_value
[08:23:41.297639 ERROR] [epJSONTranslator] Unable to look up field name for input fieldproperty_value
[08:23:41.297645 ERROR] [epJSONTranslator] Unable to look up field name for input fieldproperty_value
[08:23:41.297650 ERROR] [epJSONTranslator] Unable to look up field name for input fieldproperty_value
[08:23:41.297656 ERROR] [epJSONTranslator] Unable to look up field name for input fieldproperty_value
[08:23:41.297661 ERROR] [epJSONTranslator] Unable to look up field name for input fieldproperty_value
[08:23:41.297667 ERROR] [epJSONTranslator] Unable to look up field name for input fieldproperty_value
[08:23:41.297673 ERROR] [epJSONTranslator] Unable to look up field name for input fieldproperty_value
[08:23:41.297686 ERROR] [epJSONTranslator] Unable to look up field name for input fieldproperty_value
[08:23:41.297692 ERROR] [epJSONTranslator] Unable to look up field name for input fieldproperty_value
[08:23:41.297698 ERROR] [epJSONTranslator] Unable to look up field name for input fieldproperty_value
[08:23:41.297703 ERROR] [epJSONTranslator] Unable to look up field name for input fieldproperty_value
[08:23:41.297709 ERROR] [epJSONTranslator] Unable to look up field name for input fieldproperty_value
[08:23:41.297715 ERROR] [epJSONTranslator] Unable to look up field name for input fieldproperty_value
[08:23:41.297720 ERROR] [epJSONTranslator] Unable to look up field name for input fieldproperty_value
[08:23:41.297726 ERROR] [epJSONTranslator] Unable to look up field name for input fieldproperty_value
[08:23:41.297731 ERROR] [epJSONTranslator] Unable to look up field name for input fieldproperty_value
[08:23:41.297739 ERROR] [epJSONTranslator] Unable to look up field name for input fieldproperty_value
[08:23:41.297745 ERROR] [epJSONTranslator] Unable to look up field name for input fieldproperty_value
[08:23:41.297750 ERROR] [epJSONTranslator] Unable to look up field name for input fieldproperty_value
[08:23:41.297756 ERROR] [epJSONTranslator] Unable to look up field name for input fieldproperty_value
[08:23:41.297762 ERROR] [epJSONTranslator] Unable to look up field name for input fieldproperty_value
[08:23:41.297768 ERROR] [epJSONTranslator] Unable to look up field name for input fieldproperty_value
[08:23:41.297773 ERROR] [epJSONTranslator] Unable to look up field name for input fieldproperty_value
[08:23:41.297779 ERROR] [epJSONTranslator] Unable to look up field name for input fieldproperty_value
[08:23:41.297785 ERROR] [epJSONTranslator] Unable to look up field name for input fieldproperty_value
[08:23:41.297791 ERROR] [epJSONTranslator] Unable to look up field name for input fieldproperty_value
[08:23:41.297796 ERROR] [epJSONTranslator] Unable to look up field name for input fieldproperty_value
[08:23:41.297802 ERROR] [epJSONTranslator] Unable to look up field name for input fieldproperty_value
[08:23:41.297808 ERROR] [epJSONTranslator] Unable to look up field name for input fieldproperty_value
[08:23:41.297814 ERROR] [epJSONTranslator] Unable to look up field name for input fieldproperty_value
[08:23:41.297819 ERROR] [epJSONTranslator] Unable to look up field name for input fieldproperty_value
[08:23:41.297825 ERROR] [epJSONTranslator] Unable to look up field name for input fieldproperty_value
[08:23:41.297830 ERROR] [epJSONTranslator] Unable to look up field name for input fieldproperty_value
[08:23:41.297836 ERROR] [epJSONTranslator] Unable to look up field name for input fieldproperty_value
[08:23:41.297842 ERROR] [epJSONTranslator] Unable to look up field name for input fieldproperty_value
[08:23:41.297847 ERROR] [epJSONTranslator] Unable to look up field name for input fieldproperty_value
[08:23:41.297853 ERROR] [epJSONTranslator] Unable to look up field name for input fieldproperty_value
[08:23:41.297859 ERROR] [epJSONTranslator] Unable to look up field name for input fieldproperty_value
[08:23:41.297864 ERROR] [epJSONTranslator] Unable to look up field name for input fieldproperty_value
[08:23:41.297870 ERROR] [epJSONTranslator] Unable to look up field name for input fieldproperty_value
[08:23:41.297875 ERROR] [epJSONTranslator] Unable to look up field name for input fieldproperty_value
[08:23:41.297881 ERROR] [epJSONTranslator] Unable to look up field name for input fieldproperty_value
[08:23:41.297887 ERROR] [epJSONTranslator] Unable to look up field name for input fieldproperty_value
[08:23:41.297892 ERROR] [epJSONTranslator] Unable to look up field name for input fieldproperty_value
[08:23:41.297898 ERROR] [epJSONTranslator] Unable to look up field name for input fieldproperty_value
[08:23:41.297904 ERROR] [epJSONTranslator] Unable to look up field name for input fieldproperty_value
[08:23:41.297909 ERROR] [epJSONTranslator] Unable to look up field name for input fieldproperty_value
[08:23:41.297915 ERROR] [epJSONTranslator] Unable to look up field name for input fieldproperty_value
[08:23:41.297921 ERROR] [epJSONTranslator] Unable to look up field name for input fieldproperty_value
[08:23:41.297926 ERROR] [epJSONTranslator] Unable to look up field name for input fieldproperty_value
[08:23:41.297932 ERROR] [epJSONTranslator] Unable to look up field name for input fieldproperty_value
[08:23:41.297938 ERROR] [epJSONTranslator] Unable to look up field name for input fieldproperty_value
[08:23:41.297961 WARN] [epJSONTranslator] Unknown value passed to schemaPropertyTypeDecode, returning generic 'NumberOrString' Option. Occurred for type_description= Refrigeration:System, group_name=, field_name=number_of_compressor_stages
[08:23:43.907352 WARN] [openstudio.energyplus.SqlFile] Using EnergyPlusVersion version 25.1.0 which should have 'Year' field, but it's always zero
[08:23:44.211961 WARN] [openstudio.energyplus.SqlFile] Using EnergyPlusVersion version 25.1.0 which should have 'Year' field, but it's always zero
[08:23:44.316369 WARN] [utilities.Polyhedron] Polyhedron is not enclosed in original testing. Trying to add missing colinear points.
[08:23:44.316873 WARN] [utilities.Polyhedron] Polyhedron is not enclosed in original testing. Trying to add missing colinear points.
[08:23:44.317463 WARN] [openstudio.measure.OSRunner] Zone HVAC equipment 'Zone PrimarySchool Kitchen  - Story ground Exhaust Fan' type is not supported in this reporting measure.
[08:23:44.317482 WARN] [openstudio.measure.OSRunner] Zone HVAC equipment 'Zone PrimarySchool Restroom  - Story ground Exhaust Fan' type is not supported in this reporting measure.
[08:23:44.322567 WARN] [openstudio.measure.OSRunner] 'Air System Outdoor Air Mass Flow Rate' not available for OS_AirLoopHVAC(1021) '13 Zone PVAV'.
[08:23:44.322599 WARN] [openstudio.measure.OSRunner] 'Air System Mixed Air Mass Flow Rate' not available for OS_AirLoopHVAC(1021) '13 Zone PVAV'.
[08:23:44.322978 WARN] [openstudio.measure.OSRunner] Zone HVAC equipment type air loop component is not supported by output measure for Zone 'Zone PrimarySchool Cafeteria  - Story ground': Object of type 'OS:AirTerminal:SingleDuct:VAV:Reheat' and named 'Zone PrimarySchool Cafeteria  - Story ground VAV Terminal'. Skipping.
[08:23:44.322998 WARN] [openstudio.measure.OSRunner] Zone HVAC equipment type air loop component is not supported by output measure for Zone 'Zone PrimarySchool Classroom A  - Story ground': Object of type 'OS:AirTerminal:SingleDuct:VAV:Reheat' and named 'Zone PrimarySchool Classroom A  - Story ground VAV Terminal'. Skipping.
[08:23:44.323016 WARN] [openstudio.measure.OSRunner] Zone HVAC equipment type air loop component is not supported by output measure for Zone 'Zone PrimarySchool Classroom C  - Story ground': Object of type 'OS:AirTerminal:SingleDuct:VAV:Reheat' and named 'Zone PrimarySchool Classroom C  - Story ground VAV Terminal'. Skipping.
[08:23:44.323033 WARN] [openstudio.measure.OSRunner] Zone HVAC equipment type air loop component is not supported by output measure for Zone 'Zone PrimarySchool ComputerRoom  - Story ground': Object of type 'OS:AirTerminal:SingleDuct:VAV:Reheat' and named 'Zone PrimarySchool ComputerRoom  - Story ground VAV Terminal'. Skipping.
[08:23:44.323051 WARN] [openstudio.measure.OSRunner] Zone HVAC equipment type air loop component is not supported by output measure for Zone 'Zone PrimarySchool Corridor B  - Story ground': Object of type 'OS:AirTerminal:SingleDuct:VAV:Reheat' and named 'Zone PrimarySchool Corridor B  - Story ground VAV Terminal'. Skipping.
[08:23:44.323067 WARN] [openstudio.measure.OSRunner] Zone HVAC equipment type air loop component is not supported by output measure for Zone 'Zone PrimarySchool Gym  - Story ground': Object of type 'OS:AirTerminal:SingleDuct:VAV:Reheat' and named 'Zone PrimarySchool Gym  - Story ground VAV Terminal'. Skipping.
[08:23:44.323088 WARN] [openstudio.measure.OSRunner] Zone HVAC equipment type air loop component is not supported by output measure for Zone 'Zone PrimarySchool Kitchen  - Story ground': Object of type 'OS:AirTerminal:SingleDuct:VAV:Reheat' and named 'Zone PrimarySchool Kitchen  - Story ground VAV Terminal'. Skipping.
[08:23:44.323103 WARN] [openstudio.measure.OSRunner] Zone HVAC FanZoneExhaust equipment type is not supported by output measure for Zone 'Zone PrimarySchool Kitchen  - Story ground': Object of type 'OS:Fan:ZoneExhaust' and named 'Zone PrimarySchool Kitchen  - Story ground Exhaust Fan'. Skipping. 
[08:23:44.323120 WARN] [openstudio.measure.OSRunner] Zone HVAC equipment type air loop component is not supported by output measure for Zone 'Zone PrimarySchool Library  - Story ground': Object of type 'OS:AirTerminal:SingleDuct:VAV:Reheat' and named 'Zone PrimarySchool Library  - Story ground VAV Terminal'. Skipping.
[08:23:44.323136 WARN] [openstudio.measure.OSRunner] Zone HVAC equipment type air loop component is not supported by output measure for Zone 'Zone PrimarySchool Library  - Story ground 1': Object of type 'OS:AirTerminal:SingleDuct:VAV:Reheat' and named 'Zone PrimarySchool Library  - Story ground 1 VAV Terminal'. Skipping.
[08:23:44.323151 WARN] [openstudio.measure.OSRunner] Zone HVAC equipment type air loop component is not supported by output measure for Zone 'Zone PrimarySchool Lobby  - Story ground': Object of type 'OS:AirTerminal:SingleDuct:VAV:Reheat' and named 'Zone PrimarySchool Lobby  - Story ground VAV Terminal'. Skipping.
[08:23:44.323166 WARN] [openstudio.measure.OSRunner] Zone HVAC equipment type air loop component is not supported by output measure for Zone 'Zone PrimarySchool Mechanical  - Story ground': Object of type 'OS:AirTerminal:SingleDuct:VAV:Reheat' and named 'Zone PrimarySchool Mechanical  - Story ground VAV Terminal'. Skipping.
[08:23:44.323182 WARN] [openstudio.measure.OSRunner] Zone HVAC equipment type air loop component is not supported by output measure for Zone 'Zone PrimarySchool Office  - Story ground': Object of type 'OS:AirTerminal:SingleDuct:VAV:Reheat' and named 'Zone PrimarySchool Office  - Story ground VAV Terminal'. Skipping.
[08:23:44.323198 WARN] [openstudio.measure.OSRunner] Zone HVAC equipment type air loop component is not supported by output measure for Zone 'Zone PrimarySchool Restroom  - Story ground': Object of type 'OS:AirTerminal:SingleDuct:VAV:Reheat' and named 'Zone PrimarySchool Restroom  - Story ground VAV Terminal'. Skipping.
[08:23:44.323212 WARN] [openstudio.measure.OSRunner] Zone HVAC FanZoneExhaust equipment type is not supported by output measure for Zone 'Zone PrimarySchool Restroom  - Story ground': Object of type 'OS:Fan:ZoneExhaust' and named 'Zone PrimarySchool Restroom  - Story ground Exhaust Fan'. Skipping. 
[08:23:44.324533 WARN] [utilities.Polyhedron] Polyhedron is not enclosed in original testing. Trying to add missing colinear points.
[08:23:44.470339 WARN] [utilities.idf.WorkspaceObject] Object of type 'Output:Variable', points to an object named Timestep from field 3, but that object cannot be located.
[08:23:59.608412 WARN] [utilities.Polyhedron] Polyhedron is not enclosed in original testing. Trying to add missing colinear points.
[08:23:59.609002 WARN] [utilities.Polyhedron] Polyhedron is not enclosed in original testing. Trying to add missing colinear points.
[08:23:59.609455 WARN] [utilities.Polyhedron] Polyhedron is not enclosed in original testing. Trying to add missing colinear points.
[08:23:59.609980 WARN] [utilities.Polyhedron] Polyhedron is not enclosed in original testing. Trying to add missing colinear points.
[08:23:59.706349 WARN] [openstudio.measure.OSRunner] Zone HVAC equipment type air loop component is not supported by output measure for Zone 'Zone PrimarySchool Cafeteria  - Story ground': Object of type 'OS:AirTerminal:SingleDuct:VAV:Reheat' and named 'Zone PrimarySchool Cafeteria  - Story ground VAV Terminal'. Skipping.
[08:23:59.706393 WARN] [openstudio.measure.OSRunner] Zone HVAC equipment type air loop component is not supported by output measure for Zone 'Zone PrimarySchool Classroom A  - Story ground': Object of type 'OS:AirTerminal:SingleDuct:VAV:Reheat' and named 'Zone PrimarySchool Classroom A  - Story ground VAV Terminal'. Skipping.
[08:23:59.706417 WARN] [openstudio.measure.OSRunner] Zone HVAC equipment type air loop component is not supported by output measure for Zone 'Zone PrimarySchool Classroom C  - Story ground': Object of type 'OS:AirTerminal:SingleDuct:VAV:Reheat' and named 'Zone PrimarySchool Classroom C  - Story ground VAV Terminal'. Skipping.
[08:23:59.706436 WARN] [openstudio.measure.OSRunner] Zone HVAC equipment type air loop component is not supported by output measure for Zone 'Zone PrimarySchool ComputerRoom  - Story ground': Object of type 'OS:AirTerminal:SingleDuct:VAV:Reheat' and named 'Zone PrimarySchool ComputerRoom  - Story ground VAV Terminal'. Skipping.
[08:23:59.706454 WARN] [openstudio.measure.OSRunner] Zone HVAC equipment type air loop component is not supported by output measure for Zone 'Zone PrimarySchool Corridor B  - Story ground': Object of type 'OS:AirTerminal:SingleDuct:VAV:Reheat' and named 'Zone PrimarySchool Corridor B  - Story ground VAV Terminal'. Skipping.
[08:23:59.706472 WARN] [openstudio.measure.OSRunner] Zone HVAC equipment type air loop component is not supported by output measure for Zone 'Zone PrimarySchool Gym  - Story ground': Object of type 'OS:AirTerminal:SingleDuct:VAV:Reheat' and named 'Zone PrimarySchool Gym  - Story ground VAV Terminal'. Skipping.
[08:23:59.706492 WARN] [openstudio.measure.OSRunner] Zone HVAC equipment type air loop component is not supported by output measure for Zone 'Zone PrimarySchool Kitchen  - Story ground': Object of type 'OS:AirTerminal:SingleDuct:VAV:Reheat' and named 'Zone PrimarySchool Kitchen  - Story ground VAV Terminal'. Skipping.
[08:23:59.706507 WARN] [openstudio.measure.OSRunner] Zone HVAC FanZoneExhaust equipment type is not supported by output measure for Zone 'Zone PrimarySchool Kitchen  - Story ground': Object of type 'OS:Fan:ZoneExhaust' and named 'Zone PrimarySchool Kitchen  - Story ground Exhaust Fan'. Skipping. 
[08:23:59.706527 WARN] [openstudio.measure.OSRunner] Zone HVAC equipment type air loop component is not supported by output measure for Zone 'Zone PrimarySchool Library  - Story ground': Object of type 'OS:AirTerminal:SingleDuct:VAV:Reheat' and named 'Zone PrimarySchool Library  - Story ground VAV Terminal'. Skipping.
[08:23:59.706543 WARN] [openstudio.measure.OSRunner] Zone HVAC equipment type air loop component is not supported by output measure for Zone 'Zone PrimarySchool Library  - Story ground 1': Object of type 'OS:AirTerminal:SingleDuct:VAV:Reheat' and named 'Zone PrimarySchool Library  - Story ground 1 VAV Terminal'. Skipping.
[08:23:59.706559 WARN] [openstudio.measure.OSRunner] Zone HVAC equipment type air loop component is not supported by output measure for Zone 'Zone PrimarySchool Lobby  - Story ground': Object of type 'OS:AirTerminal:SingleDuct:VAV:Reheat' and named 'Zone PrimarySchool Lobby  - Story ground VAV Terminal'. Skipping.
[08:23:59.706583 WARN] [openstudio.measure.OSRunner] Zone HVAC equipment type air loop component is not supported by output measure for Zone 'Zone PrimarySchool Mechanical  - Story ground': Object of type 'OS:AirTerminal:SingleDuct:VAV:Reheat' and named 'Zone PrimarySchool Mechanical  - Story ground VAV Terminal'. Skipping.
[08:23:59.706599 WARN] [openstudio.measure.OSRunner] Zone HVAC equipment type air loop component is not supported by output measure for Zone 'Zone PrimarySchool Office  - Story ground': Object of type 'OS:AirTerminal:SingleDuct:VAV:Reheat' and named 'Zone PrimarySchool Office  - Story ground VAV Terminal'. Skipping.
[08:23:59.706620 WARN] [openstudio.measure.OSRunner] Zone HVAC equipment type air loop component is not supported by output measure for Zone 'Zone PrimarySchool Restroom  - Story ground': Object of type 'OS:AirTerminal:SingleDuct:VAV:Reheat' and named 'Zone PrimarySchool Restroom  - Story ground VAV Terminal'. Skipping.
[08:23:59.706633 WARN] [openstudio.measure.OSRunner] Zone HVAC FanZoneExhaust equipment type is not supported by output measure for Zone 'Zone PrimarySchool Restroom  - Story ground': Object of type 'OS:Fan:ZoneExhaust' and named 'Zone PrimarySchool Restroom  - Story ground Exhaust Fan'. Skipping. 
[08:23:59.708080 WARN] [utilities.Polyhedron] Polyhedron is not enclosed in original testing. Trying to add missing colinear points.
[08:23:59.712088 WARN] [openstudio.measure.OSRunner] Zone HVAC equipment 'Zone PrimarySchool Kitchen  - Story ground Exhaust Fan' type is not supported in this reporting measure.
[08:23:59.712108 WARN] [openstudio.measure.OSRunner] Zone HVAC equipment 'Zone PrimarySchool Restroom  - Story ground Exhaust Fan' type is not supported in this reporting measure.
[08:23:59.720439 WARN] [openstudio.measure.OSRunner] More than 300 unmet hours during occupied, which exceeds the threshold for ASHRAE 90.1 Appendix G
